Line Number	Verse Reference	Word	Is Name?	Likely Typo?	Closest Match	Similarity	Full Line
790	ΓΕΝΕΣΙΣ 24:27	τ	No	No			\vs{27}Καὶ εἶπεν, εὐλογητὸς Κύριος ὁ Θεὸς τοῦ κυρίου μου Ἁβραάμ, ὃς οὐκ ἐγκατέλειπε τὴν δικαιοσύνην αὐτοῦ, καὶ τὴν ἀλήθειαν, ἀπὸ τοῦ κυρίου μου· ἐμὲ τʼ εὐώδωκε Κύριος εἰς οἶκον τοῦ ἀδελφοῦ τοῦ κυρίου μου.
901	ΓΕΝΕΣΙΣ 26:26	Φιχὼλ	Yes	No			\vs{26}Καὶ Ἀβιμέλεχ ἐπορεύθη πρὸς αὐτὸν ἀπὸ Γεράρων, καὶ Ὁχοζὰθ ὁ νυμφαγωγὸς αὐτοῦ, καὶ Φιχὼλ ὁ ἀρχιστράτηγος τῆς δυνάμεως αὐτοῦ.
910	ΓΕΝΕΣΙΣ 26:34	Βεὼχ	Yes	No			\vs{34}Ἦν δὲ Ἡσαῦ ἐτῶν τεσσαράκοντα, καὶ ἔλαβε γυναῖκα Ἰουδὶθ, θυγατέρα Βεὼχ τοῦ Χετταίου, καὶ τὴν Βασεμὰθ, θυγατέρα Ἑλὼν Χετταίου.
1037	ΓΕΝΕΣΙΣ 30:8	συναντελάβετό	No	No			\vs{8}Καὶ εἶπε Ῥαχὴλ, συναντελάβετό μου ὁ Θεὸς, καὶ συνανεστράφην τῇ ἀδελφῇ μου, καὶ ἠδυνάσθην· καὶ ἐκάλεσε τὸ ὄνομα αὐτοῦ, Νεφθαλεί.
5627	ΑΡΙΘΜΟΙ 35:5	διαχιλίους	No	Yes	δισχιλίους	0.90	\vs{5}Καὶ μετρήσεις ἔξω τῆς πόλεως τὸ κλίτος τὸ πρὸς ἀνατολὰς δισχιλίους πήχεις, καὶ τὸ κλίτος τὸ πρὸς Λίβα δισχιλίους πήχεις, καὶ τὸ κλίτος τὸ πρὸς θάλασσαν διαχιλίους πήχεις, καὶ τὸ κλίτος τὸ πρὸς Βοῤῥᾶν δισχιλίους πήχεις· καὶ ἡ πόλις μέσον τούτου ἔσται ὑμῖν, καὶ τὰ ὅμορα τῶν πόλεων.
5702	ΔΕΥΤΕΡΟΝΟΜΙΟΝ 1:15	δεκάρχους	No	Yes	δεκαδάρχους	0.90	\vs{15}Καὶ ἔλαβον ἐξ ὑμῶν ἄνδρας σοφοὺς καὶ ἐπιστήμονας καὶ συνετούς, καὶ κατέστησα αὐτοὺς ἡγεῖσθαι ἐφʼ ὑμῶν χιλιάρχους, καὶ ἑκατοντάρχους, καὶ πεντηκοντάρχους, καὶ δεκάρχους, καὶ γραμματοεισαγωγεῖς τοῖς κριταῖς ὑμῶν·
6633	ΔΕΥΤΕΡΟΝΟΜΙΟΝ 28:42	ἐρισύβη	No	No			\vs{42}Πάντα τὰ ξύλινά σου, καὶ τὰ γεννήματα τῆς γῆς σου ἐξαναλώσει ἡ ἐρισύβη.
7051	ΙΗΣΟΥΣ ΝΑΥΗ 7:5	τριακονταὲξ	No	Yes	τριάκοντα	0.90	\vs{5}Καὶ ἀπέκτειναν ἀπʼ αὐτῶν ἄνδρες Γαὶ εἰς τριακονταὲξ ἄνδρας, καὶ κατεδίωξαν αὐτοὺς ἀπὸ τῆς πύλης, καὶ συνέτριψαν αὐτοὺς ἀπὸ τοῦ καταφεροῦς· καὶ ἐπτοήθη ἡ καρδία τοῦ λαοῦ, καὶ ἐγένετο ὥσπερ ὕδωρ.
7268	ΙΗΣΟΥΣ ΝΑΥΗ 12:21	Ζαχὰκ	Yes	No			\vs{21}βασιλέα Κάδης, βασιλέα Ζαχὰκ,
7279	ΙΗΣΟΥΣ ΝΑΥΗ 13:6	Μεμφωμαὶμ	Yes	No			\vs{6}πᾶς ὁ κατοικῶν τὴν ὀρεινὴν ἀπὸ τοῦ Λιβάνου ἕως τῆς Μασερὲθ Μεμφωμαὶμ. Πάντας τοὺς Σιδωνίους, ἐγὼ αὐτοὺς ἐξολοθρεύσω ἀπὸ προσώπου Ἰσραήλ· ἀλλὰ διάδος αὐτὴν ἐν κλήρῳ τῷ Ἰσραὴλ, ὃν τρόπον σοὶ ἐνετειλάμην.
7370	ΙΗΣΟΥΣ ΝΑΥΗ 15:32	εἰκοσιεννέα	No	No			\vs{32}καὶ Λαβὼς, καὶ Σαλὴ, καὶ Ἐρωμώθ· πόλεις εἰκοσιεννέα, καὶ αἱ κῶμαι αὐτῶν.
7462	ΙΗΣΟΥΣ ΝΑΥΗ 18:13	Μααταρὼβ	Yes	No			\vs{13}Καὶ διελεύσεται ἐκεῖθεν τὰ ὅρια Λοῦζὰ ἐπὶ νώτου Λουζὰ ἀπὸ Λιβὸς αὐτῆς· αὕτη ἐστὶ Βαιθήλ· καὶ καταβήσεται τὰ ὅρια Μααταρὼβ Ὀρὲχ ἐπὶ τὴν ὀρεινὴν, ἥ ἐστι πρὸς Λίβα Βαιθωρὼν ἡ κάτω.
8316	ΚΡΙΤΑΙ 15:14	στυππίον	No	No			\vs{14}Καὶ ἦλθον ἕως σιαγόνος· καὶ οἱ ἀλλόφυλοι ἠλάλαξαν, καὶ ἔδραμον εἰς συνάντησιν αὐτοῦ· καὶ ἥλατο ἐπʼ αὐτὸν πνεῦμα Κυρίου· καὶ ἐγενήθη τὰ καλώδια τὰ ἐπὶ βραχίοσιν αὐτοῦ ὡσεὶ στυππίον ὃ ἐξεκαύθη ἐν πυρί· καὶ ἐτάκησαν δεσμοὶ αὐτοῦ ἀπὸ χειρῶν αὐτοῦ.
8337	ΚΡΙΤΑΙ 16:9	στυππίου	No	No			\vs{9}Καὶ τὸ ἔνεδρον αὐτῇ ἐκάθητο ἐν τῷ ταμείῳ· καὶ εἶπεν αὐτῷ, ἀλλόφυλοι ἐπὶ σὲ Σαμψών· καὶ διέσπασε τὰς νευρὰς ὡς εἴ τις ἀποσπάσοι στρέμμα στυππίου ἐν τῷ ὀσφρανθῆναι αὐτὸ πυρὸς, καὶ οὐκ ἐγνώσθη ἡ ἰσχὺς αὐτοῦ.
8602	ΡΟΥΘ 2:1	Βοόζ	Yes	No			Καὶ τῇ Νωεμὶν ἀνὴρ γνώριμος τῷ ἀνδρὶ αὐτῆς, ὁ δὲ ἀνὴρ δυνατὸς ἰσχύϊ ἐκ τῆς συγγενείας Ἐλιμέλεχ, καὶ ὄνομα αὐτῷ Βοόζ.
8604	ΡΟΥΘ 2:3	Βοὸζ	Yes	No			\vs{3}Καὶ ἐπορεύθη· καὶ ἐλθοῦσα συνέλεξεν ἐν τῷ ἀγρῷ κατόπισθε τῶν θεριζόντων· καὶ περιέπεσε περιπτώματι τῇ μερίδι τοῦ ἀγροῦ Βοὸζ, τοῦ ἐκ τῆς συγγενείας Ἐλιμέλεχ.
8606	ΡΟΥΘ 2:4	Βοὸζ	Yes	No			\vs{4}Καὶ ἰδοὺ Βοὸζ ἦλθεν ἐκ Βηθλεὲμ, καὶ εἶπε τοῖς θερίζουσι, Κύριος μεθʼ ὑμῶν· καὶ εἶπον αὐτῷ, εὐλογήσαι σε Κύριος.
8607	ΡΟΥΘ 2:5	Βοὸζ	Yes	No			\vs{5}Καὶ εἶπε Βοὸζ τῷ παιδαρίῳ αὐτοῦ τῷ ἐφεστῶτι ἐπὶ τοὺς θερίζοντας, τίνος ἡ νεᾶνις αὕτη;
8611	ΡΟΥΘ 2:8	Βοὸζ	Yes	No			\vs{8}Καὶ εἶπε Βοὸζ πρὸς Ῥοὺθ, οὐκ ἤκουσας θύγατερ; μὴ πορευθῇς ἐν ἀγρῷ συλλέξαι ἑτέρῳ· καὶ σὺ οὐ πορεύσῃ ἐντεῦθεν, ὧδε κολλήθητι μετὰ τῶν κορασίων μου.
8615	ΡΟΥΘ 2:11	Βοὸζ	Yes	No			\vs{11}Καὶ ἀπεκρίθη Βοὸζ, καὶ εἶπεν αὐτῇ, ἀπαγγελίᾳ ἀπηγγέλη μοι ὅσα πεποίηκας μετὰ τῆς πενθερᾶς σου μετὰ τὸ ἀποθανεῖν τὸν ἄνδρα σου· καὶ πῶς κατέλιπες τὸν πατέρα σου καὶ τὴν μητέρα σου, καὶ τὴν γῆν γενέσεώς σου, καὶ ἐπορεύθης πρὸς λαὸν ὃν οὐκ ᾔδεις ἐχθὲς καὶ τρίτης.
8619	ΡΟΥΘ 2:14	Βοὸζ	Yes	No			\vs{14}Καὶ εἶπεν αὐτῇ Βοὸζ, ἤδη ὥρα τοῦ φαγεῖν, πρόσελθε ὧδε καὶ φάγεσαι τῶν ἄρτων, καὶ βάψεις τὸν ψωμόν σου ἐν τῷ ὄξει· καὶ ἐκάθισε Ῥοὺθ ἐκ πλαγίων τῶν θεριζόντων· καὶ ἐβούνισεν αὐτῇ Βοὸζ ἄλφιτον, καὶ ἔφαγε καὶ ἐνεπλήσθη καὶ κατέλιπε,
8619	ΡΟΥΘ 2:14	Βοὸζ	Yes	No			\vs{14}Καὶ εἶπεν αὐτῇ Βοὸζ, ἤδη ὥρα τοῦ φαγεῖν, πρόσελθε ὧδε καὶ φάγεσαι τῶν ἄρτων, καὶ βάψεις τὸν ψωμόν σου ἐν τῷ ὄξει· καὶ ἐκάθισε Ῥοὺθ ἐκ πλαγίων τῶν θεριζόντων· καὶ ἐβούνισεν αὐτῇ Βοὸζ ἄλφιτον, καὶ ἔφαγε καὶ ἐνεπλήσθη καὶ κατέλιπε,
8621	ΡΟΥΘ 2:15	Βοὸζ	Yes	No			\vs{15}Καὶ ἀνέστη τοῦ συλλέγειν· καὶ ἐνετείλατο Βοὸζ τοῖς παιδαρίοις αὐτοῦ, λέγων, καί γε ἀναμέσον τῶν δραγμάτων συλλεγέτω, καὶ μὴ καταισχύνητε αὐτήν·
8626	ΡΟΥΘ 2:19	Βοόζ	Yes	No			\vs{19}Καὶ εἶπεν αὐτῇ ἡ πενθερὰ αὐτῆς, ποῦ συνέλεξας σήμερον καὶ ποῦ ἐποίησας; εἴη ὁ ἐπιγνούς σε εὐλογημένος· καὶ ἀνήγγειλε Ῥοὺθ τῇ πενθερᾷ αὐτῆς ποῦ ἐποίησε, καὶ εἶπε, τὸ ὄνομα τοῦ ἀνδρὸς μεθʼ οὗ ἐποίησα σήμερον Βοόζ.
8631	ΡΟΥΘ 2:23	Βοὸζ	Yes	No			\vs{23}Καὶ προσεκολλήθη Ῥοὺθ τοῖς κορασίοις τοῦ Βοὸζ τοῦ συλλέγειν, ἕως τοῦ συντελέσαι τὸν θερισμὸν τῶν κριθῶν καὶ τῶν πυρῶν.
8635	ΡΟΥΘ 3:2	Βοὸζ	Yes	No			\vs{2}Καὶ νῦν οὐχὶ Βοὸζ γνώριμος ἡμῶν, οὗ ἦς μετὰ τῶν κορασίων αὐτοῦ; ἰδοὺ αὐτὸς λικμᾷ τὸν ἅλωνα τῶν κριθῶν ταύτῃ τῇ νυκτί.
8642	ΡΟΥΘ 3:7	Βοὸζ	Yes	No			\vs{7}Καὶ ἔφαγε Βοὸζ καὶ ἔπιε, καὶ ἠγαθύνθη ἡ καρδία αὐτοῦ, καὶ ἦλθε κοιμηθῆναι ἐν μερίδι τῆς στοιβῆς· ἡ δὲ ἦλθεν ἐν κρυφῇ, καὶ ἀπεκάλυψε τὰ πρὸς ποδῶν αὐτοῦ.
8645	ΡΟΥΘ 3:10	Βοὸζ	Yes	No			\vs{10}Καὶ εἶπε Βοὸζ, εὐλογημένη σὺ τῷ Κυρίῳ Θεῷ, θύγατερ, ὅτι ἠγάθυνας τὸ ἔλεός σου τὸ ἔσχατον ὑπὲρ τὸ πρῶτον, μὴ πορευθῆναί σε ὀπίσω νεανιῶν, εἴτοι πτωχὸς εἴτοι πλούσιος.
8650	ΡΟΥΘ 3:14	Βοὸζ	Yes	No			\vs{14}Καὶ ἐκοιμήθη πρὸς ποδῶν αὐτοῦ ἕως πρωΐ· ἡ δὲ ἀνέστη πρὸ τοῦ ἐπιγνῶναι ἄνδρα τὸν πλησίον αὐτοῦ· καὶ εἶπε Βοὸζ, μὴ γνωσθήτω, ὅτι ἦλθε γυνὴ εἰς τὸν ἅλω.
8659	ΡΟΥΘ 4:1	Βοὸζ	Yes	No			Καὶ Βοὸζ ἀνέβη ἐπὶ τὴν πύλην, και ἐκαθισεν ἐκεῖ, καὶ ἰδοὺ ὁ ἀγχιστεὺς παρεπορεύετο, ὃν ἐλάλησε Βοόζ· καὶ εἶπε πρὸς αὐτὸν Βοὸζ, ἐκκλίνας κάθισον ὧδε κρύφιε· καὶ ἐξέκλινε καὶ ἐκάθισε.
8659	ΡΟΥΘ 4:1	Βοόζ	Yes	No			Καὶ Βοὸζ ἀνέβη ἐπὶ τὴν πύλην, και ἐκαθισεν ἐκεῖ, καὶ ἰδοὺ ὁ ἀγχιστεὺς παρεπορεύετο, ὃν ἐλάλησε Βοόζ· καὶ εἶπε πρὸς αὐτὸν Βοὸζ, ἐκκλίνας κάθισον ὧδε κρύφιε· καὶ ἐξέκλινε καὶ ἐκάθισε.
8659	ΡΟΥΘ 4:1	Βοὸζ	Yes	No			Καὶ Βοὸζ ἀνέβη ἐπὶ τὴν πύλην, και ἐκαθισεν ἐκεῖ, καὶ ἰδοὺ ὁ ἀγχιστεὺς παρεπορεύετο, ὃν ἐλάλησε Βοόζ· καὶ εἶπε πρὸς αὐτὸν Βοὸζ, ἐκκλίνας κάθισον ὧδε κρύφιε· καὶ ἐξέκλινε καὶ ἐκάθισε.
8660	ΡΟΥΘ 4:2	Βοὸζ	Yes	No			\vs{2}Καὶ ἔλαβε Βοὸζ δέκα ἄνδρας ἀπὸ τῶν πρεσβυτέρων τῆς πόλεως, καὶ εἶπε, καθίσατε ὧδε· καὶ ἐκάθισαν.
8662	ΡΟΥΘ 4:3	Βοὸζ	Yes	No			\vs{3}Καὶ εἶπε Βοὸζ τῷ ἀγχιστεῖ, τὴν μερίδα τοῦ ἀγροῦ ἥ ἐστι τοῦ ἀδελφοῦ ἡμῶν τοῦ Ἐλιμέλεχ, ἣ δέδοται Νωεμὶν τῇ ἐπιστρεφούσῃ ἐξ ἀγροῦ Μωὰβ,
8664	ΡΟΥΘ 4:5	Βοὸζ	Yes	No			\vs{5}Καὶ εἶπε Βοὸζ, ἐν ἡμέρᾳ τοῦ κτήσασθαί σε τὸν ἀγρὸν ἐκ χειρὸς Νωεμὶν καὶ παρὰ Ῥοὺθ τῆς Μωαβίτιδος γυναικὸς τοῦ τεθνηκότος, καὶ αὐτὴν κτήσασθαί σε δεῖ, ὥστε ἀναστῆσαι τὸ ὄνομα τοῦ τεθνηκότος ἐπὶ τῆς κληρονομίας αὐτοῦ.
8668	ΡΟΥΘ 4:8	Βοὸζ	Yes	No			\vs{8}Καὶ εἶπεν ὁ ἀγχιστεὺς τῷ Βοὸζ, κτῆσαι σεαυτῷ τὴν ἀγχιστείαν μου· καὶ ὑπελύσατο τὸ ὑπόδημα αὐτοῦ, καὶ ἔδωκεν αὐτῷ.
8670	ΡΟΥΘ 4:9	Βοὸζ	Yes	No			\vs{9}Καὶ εἶπε Βοὸζ τοῖς πρεσβυτέροις καὶ παντὶ τῷ λαῷ, μάρτυρες ὑμεῖς σήμερον, ὅτι κέκτημαι πάντα τὰ τοῦ Ἐλιμέλεχ, καὶ πάντα ὅσα ὑπάρχει τῷ Χελαιὼν καὶ τῷ Μααλὼν ἐκ χειρὸς Νωεμίν.
8676	ΡΟΥΘ 4:13	Βοὸζ	Yes	No			\vs{13}Καὶ ἔλαβε Βοὸζ τὴν Ῥοὺθ, καὶ ἐγενήθη αὐτῷ εἰς γυναῖκα, καὶ εἰσῆλθε πρὸς αὐτήν. καὶ ἔδωκεν αὐτῇ Κύριος κύησιν, καὶ ἔτεκεν υἱόν.
8685	ΡΟΥΘ 4:21	Βοόζ	Yes	No			\vs{21}Καὶ Σαλμὼν ἐγέννησε τὸν Βοόζ· καὶ Βοὸζ ἐγέννησε τὸν Ὠβήδ·
8685	ΡΟΥΘ 4:21	Βοὸζ	Yes	No			\vs{21}Καὶ Σαλμὼν ἐγέννησε τὸν Βοόζ· καὶ Βοὸζ ἐγέννησε τὸν Ὠβήδ·
8813	ΒΑΣΙΛΕΙΩΝ Α 4:9	ἡυῖν	No	No			\vs{9}Κραταιοῦσθε καὶ γίνεσθε εἰς ἄνδρας ἀλλόφυλοι, ὅπως μὴ δουλεύσητε τοῖς Ἑβραίοις, καθὼς ἐδούλευσαν ἡυῖν, καὶ ἔσεσθε εἰς ἄνδρας, καὶ πολεμήσατε αὐτούς.
8916	ΒΑΣΙΛΕΙΩΝ Α 8:12	ἑκατονάρχους	No	Yes	ἑκατοντάρχους	0.96	\vs{12}καὶ θέσθαι αὐτοὺς ἑαυτῷ ἑκατονάρχους καὶ χιλιάρχους, καὶ θερίζειν θερισμὸν αὐτοῦ, καὶ τρυγᾷν τρυγητὸν αὐτοῦ, καὶ ποιεῖν σκεύη πολεμικὰ αὐτοῦ, καὶ σκεύη ἁρμάτων αὐτοῦ.
9974	ΒΑΣΙΛΕΙΩΝ Β 8:8	Μετεβὰκ	Yes	No			\vs{8}Καὶ ἐκ τῆς Μετεβὰκ καὶ ἐκ τῶν ἐκλεκτῶν πόλεων τοῦ Ἀδρααζὰρ ἔλαβεν ὁ βασιλεὺς Δαυὶδ χαλκὸν πολὺν σφόδρα· ἐν αὐτῷ ἐποίησε Σαλωμὼν τὴν θάλασσαν τὴν χαλκῆν, καὶ τοὺς στύλους, καὶ τοὺς λουτῆρας, καὶ πάντα τὰ σκεύη.
10128	ΒΑΣΙΛΕΙΩΝ Β 13:15	μπὲρ	No	No			\vs{15}Καὶ ἐμίσησεν αὐτὴν Ἀμνὼν μῖσος μέγα σφόδρα, ὅτι μέγα τὸ μῖσος ὃ ἐμίσησεν αὐτὴν μπὲρ τὴν ἀγάπην ἣν ἠγάπησεν αὐτὴν, ὅτι μείζων ἡ κακία ἡ ἐσχάτη ἢ ἡ πρώτη· καὶ εἶπεν αὐτῇ Ἀμνὼν, ἀνάστηθι, καὶ πορεύου.
10335	ΒΑΣΙΛΕΙΩΝ Β 18:9	περιεπλάκη	No	No			\vs{9}Καὶ συνήντησεν Ἀβεσσαλὼμ ἐνώπιον τῶν παίδων Δαυίδ· καὶ Ἀβεσσαλὼμ ἦν ἐπιβεβηκὼς ἐπὶ τοῦ ἡμιόνου αὐτοῦ, καὶ εἰσῆλθεν ὁ ἡμίονος ὑπὸ τὸ δάσος τῆς δρυὸς τῆς μεγάλης, καὶ περιεπλάκη ἡ κεφαλὴ αὐτοῦ ἐν τῇ δρυῒ, καὶ ἐκρεμάσθη ἀναμέσον τοῦ οὐρανοῦ καὶ ἀναμέσον τῆς γῆς, καὶ ὁ ἡμίονος ὑποκάτω αὐτοῦ παρῆλθε.
10390	ΒΑΣΙΛΕΙΩΝ Β 19:20	λογισάσθω	No	No			\vs{20}καὶ εἶπε πρὸς τὸν βασιλέα, μὴ δὴ λογισάσθω ὁ κύριός μου ἀνομίαν, καὶ μὴ μνησθῇς ὅσα ἠδίκησεν ὁ παῖς σου ἐν τῇ ἡμέρᾳ ᾗ ὁ κύριός μου ἐξεπορεύετο ἐξ Ἰερουσαλὴμ, τοῦ θέσθαι τὸν βασιλέα εἰς τὴν καρδίαν αὐτοῦ.
10443	ΒΑΣΙΛΕΙΩΝ Β 20:15	Φερμαχά	Yes	No			\vs{15}Καὶ παρεγενήθησαν καὶ ἐπολιόρκουν ἐπʼ αὐτὸν ἐν Ἀβὲλ καὶ Φερμαχά· καὶ ἐξέχεαν πρόσχωμα πρὸς τὴν πόλιν, καὶ ἔστη ἐν τῷ προτειχίσματι· καὶ πᾶς ὁ λαὸς ὁ μετὰ Ἰωὰβ ἐνοοῦσαν καταβαλεῖν τὸ τεῖχος.
10510	ΒΑΣΙΛΕΙΩΝ Β 22:15	ἢστραψεν	No	No			\vs{15}Καὶ ἀπέστειλε βέλη, καὶ ἐσκόρπισεν αὐτούς· καὶ ἢστραψεν ἀστραπὴν, καὶ ἐξέστησεν αὐτούς.
10877	ΒΑΣΙΛΕΙΩΝ Γ 5:24	πεύκας	No	No			\vs{24}Καὶ ἦν Χιρὰμ διδοὺς τῷ Σαλωμὼν κέδρους καὶ πεύκας καὶ πᾶν θέλημα αὐτοῦ.
10937	ΒΑΣΙΛΕΙΩΝ Γ 7:7	Βολώζ	Yes	No			\vs{7}Καὶ ἔστησε τοὺς στύλους τοῦ αἰλὰμ τοῦ ναοῦ· καὶ ἔστησε τὸν στύλον τὸν ἕνα, καὶ ἐπεκάλεσε τὸ ὄνομα αὐτοῦ Ἰαχούμ· καὶ ἔστησε τὸν στύλον τὸν δεύτερον, καὶ ἐπεκάλεσε τὸ ὄνομα αὐτοῦ Βολώζ.
11155	ΒΑΣΙΛΕΙΩΝ Γ 11:14	Ἀδαδέζερ	Yes	No			\vs{14}Καὶ ἤγειρε Κύριος σατὰν τῷ Σαλωμὼν τὸν Ἄδερ τὸν Ἰδουμαῖον, καὶ τὸν Ἐσρὼμ υἱὸν Ἐλιαδαὲ τὸν ἐν Ρααμὰ, Ἀδαδέζερ βασιλέα Σουβὰ κύριον αὐτοῦ· καὶ συνηθροίσθησαν ἐπʼ αὐτὸν ἄνδρες, καὶ ἦν ἄρχων συστρέμματος, καὶ προκατελάβετο τὴν Δαμασέκ· καὶ ἦσαν σατὰν τῷ Ἰσραὴλ πάσας τὰς ἡμέρας Σαλωμών· καὶ Ἄδερ ὁ Ἰδουμαῖος ἐκ τοῦ σπέρματος τῆς βασιλείας ἐν Ἰδουμαίᾳ.
11574	ΒΑΣΙΛΕΙΩΝ Γ 21:1	τριακονταδύο	No	No			Καὶ συνήθροισεν υἱὸς Ἄδερ πᾶσαν τὴν δύναμιν αὐτοῦ, καὶ ἀνέβη καὶ περιεκάθισεν ἐπὶ Σαμάρειαν, καὶ τριακονταδύο βασιλεῖς μετʼ αὐτοῦ, καὶ πᾶς ἵππος καὶ ἅρμα· καὶ ἀνέβησαν καὶ περιεκάθισαν ἐπὶ Σαμάρειαν, καὶ ἐπολέμησαν ἐπʼ αὐτήν.
11994	ΒΑΣΙΛΕΙΩΝ Δ 9:4	προδάριον	No	No			\vs{4}Καὶ ἐπορεύθη τὸ προδάριον ὁ παιφήτης εἰς Ῥεμμὼθ Γαλαάδ.
11994	ΒΑΣΙΛΕΙΩΝ Δ 9:4	παιφήτης	No	No			\vs{4}Καὶ ἐπορεύθη τὸ προδάριον ὁ παιφήτης εἰς Ῥεμμὼθ Γαλαάδ.
12124	ΒΑΣΙΛΕΙΩΝ Δ 12:10	ἁμμαζειβὶ	No	No			\vs{10}Καὶ ἔλαβεν Ἰωδαὲ ὁ ἱερεὺς κιβωτὸν μίαν, καὶ ἔτρησε τρώγλην ἐπὶ τῇς σανίδος αὐτῆς, καὶ ἔδωκεν αὐτὴν παρὰ ἁμμαζειβὶ ἐν τῷ οἴκῳ ἀδρος οἴκου Κυρίου· και ἔδωκας οἱ ἱερεῖς οἱ ἱεπεῖς φυλάσσοντες τὸν σταθμὸν πᾶν τὸ ἀργύριον τὸ εὑρεθὲν ἐν οἴκῳ Κυρίου·
12181	ΒΑΣΙΛΕΙΩΝ Δ 14:7	γεμελὲδ	No	No			\vs{7}Αὐτὸς ἐπάταξε τὴν Ἐδὼμ ἐν γεμελὲδ δέκα χιλιάδας, καὶ συνέλαβε τὴν πέτραν ἐν τῷ πολέμῳ, καὶ ἐκάλεσε τὸ ὄνομα αὐτῆς Ἰεθοὴλ ἕως τῆς ἡμέρας ταύτης.
12214	ΒΑΣΙΛΕΙΩΝ Δ 15:2	πεντηκονταδύο	No	Yes	πεντηκόνταρχον	0.81	\vs{2}Υἱὸς ἑκκαίδεκα ἐτῶν ἦν ἐν τῷ βασιλεύειν αὐτὸν, καὶ πεντηκονταδύο ἔτη ἐβασίλευσεν ἐν Ἱερουσαλὴμ, καὶ ὄνομα τῇ μητρὶ αὐτοῦ Ἱεχελία ἐξ Ἱερουσαλήμ.
12649	ΠΑΡΑΛΕΙΠΟΜΕΝΩΝ Α 1:9	Σεβεθαχά	Yes	No			\vs{9}Καὶ υἱοὶ Χοὺς, Σαβὰ, καὶ Εὐιλὰ, καὶ Σαβαθὰ, καὶ Ῥεγμὰ, καὶ Σεβεθαχά· καὶ υἱοὶ Ῥεγμὰ, Σαβὰ, καὶ Δαδάν.
12705	ΠΑΡΑΛΕΙΠΟΜΕΝΩΝ Α 2:11	Βοὸζ	Yes	No			\vs{11}καὶ Ναασσὼν ἐγέννησε τὸν Σαλμὼν, καὶ Σαλμὼν ἐγέννησε τὸν Βοὸζ,
12706	ΠΑΡΑΛΕΙΠΟΜΕΝΩΝ Α 2:12	Βοὸζ	Yes	No			\vs{12}καὶ Βοὸζ ἐγέννησε τὸν Ὠβὴδ, καὶ Ὠβὴδ ἐγέννησε τὸν Ἰεσσαὶ,
12716	ΠΑΡΑΛΕΙΠΟΜΕΝΩΝ Α 2:21	ἑξηκονταπέντε	No	Yes	ἑξηκονταετῶν	0.80	\vs{21}Καὶ μετὰ ταῦτα εἰσῆλθεν Ἐσρὼν πρὸς τὴν θυγατέρα Μαχὶρ πατρὸς Γαλαὰδ, καὶ αὐτὸς ἔλαβεν αὐτὴν, καὶ αὐτὸς ἑξηκονταπέντε ἐτῶν ἦν· καὶ ἔτεκεν αὐτῷ τὸν Σερούχ.
12752	ΠΑΡΑΛΕΙΠΟΜΕΝΩΝ Α 2:53	Οὐμασφαὲ	Yes	No			\vs{53}καὶ Οὐμασφαὲ, πόλεις Ἰαῒρ, Αἰθαλὶμ, καὶ Μιφιθὶμ, καὶ Ἡσαμαθὶμ, καὶ Ἡμασαραΐμ· ἐκ τούτων ἐξήλθοσαν οἱ Σαραθαῖοι, καὶ υἱοὶ Ἐσθαάμ.
12790	ΠΑΡΑΛΕΙΠΟΜΕΝΩΝ Α 4:3	Ἰεβδάς	Yes	No			\vs{3}Καὶ οὗτοι υἱοὶ Αἰτὰμ, Ἰεζραὴλ, καὶ Ἰεσμὰν, καὶ Ἰεβδάς· καὶ ὄνομα ἀδελφῆς αὐτῶν Ἐσηλεββών.
12807	ΠΑΡΑΛΕΙΠΟΜΕΝΩΝ Α 4:18	Βετθία	Yes	No			\vs{18}Καὶ ἡ γυνὴ αὐτοῦ αὕτη Ἀδία, ἔτεκε τὸν Ἰάρεδ πατέρα Γεδὼρ, καὶ τὸν Ἀβὲρ πατέρα Σωχὼν, καὶ τὸν Χετιὴλ πατέρα Ζαμών· καὶ οὗτοι υἱοὶ Βετθία θυγατρὸς Φαραὼ, ἣν ἔλαβε Μωρήδ.
12972	ΠΑΡΑΛΕΙΠΟΜΕΝΩΝ Α 7:8	Εληεμέθ	Yes	No			\vs{8}Καὶ υἱοὶ Βαχὶρ, Ζεμιρὰ, καὶ Ἰωὰς, καὶ Ἐλιέζερ, καὶ Ἐλιθενὰν, καὶ Ἀμαρία, καὶ ʼΙεριμοὺθ, καὶ Ἀβιοὺδ, καὶ Ἀναθὼθ, καὶ ʼΕληεμέθ· πάντες οὗτοι υἱοὶ Βαχίρ.
13003	ΠΑΡΑΛΕΙΠΟΜΕΝΩΝ Α 7:34	Ῥοογὰ	Yes	No			\vs{34}Καὶ υἱοὶ Σεμμὴρ, Ἀχὶρ, καὶ Ῥοογὰ, καὶ ʼΙαβὰ, καὶ Αρὰμ,
13017	ΠΑΡΑΛΕΙΠΟΜΕΝΩΝ Α 8:5	Σεφουφὰμ	Yes	No			\vs{5}καὶ Γερὰ, καὶ Σεφουφὰμ, καὶ Οὐράμ.
13032	ΠΑΡΑΛΕΙΠΟΜΕΝΩΝ Α 8:18	Ἰεξλίας	Yes	No			\vs{18}καὶ Ἰσαμαρὶ, καὶ Ἰεξλίας, καὶ Ἰωβὰβ, υἱοὶ Ἐλφαάλ.
13170	ΠΑΡΑΛΕΙΠΟΜΕΝΩΝ Α 11:34	Γιζωνίτου	Yes	No			\vs{34}υἱὸς Ἀσὰμ τοῦ Γιζωνίτου, Ἰωνάθαν υἱὸς Σωλὰ ὁ Ἀραρὶ,
13172	ΠΑΡΑΛΕΙΠΟΜΕΝΩΝ Α 11:36	Μεχωραθρὶ	Yes	No			\vs{36}ὁ Μεχωραθρὶ, Ἀχία ὁ Φελλωνὶ,
13183	ΠΑΡΑΛΕΙΠΟΜΕΝΩΝ Α 11:47	Μεσωβία	Yes	No			\vs{47}Δαλιὴλ, καὶ Ὠβὴθ, καὶ Ἰεσσειὴλ ὁ Μεσωβία.
13188	ΠΑΡΑΛΕΙΠΟΜΕΝΩΝ Α 12:3	Γαβαθίτου	Yes	No			\vs{3}ὁ ἄρχων Ἀχιέζερ, καὶ Ἰωὰς υἱὸς Ἀσμὰ τοῦ Γαβαθίτου, καὶ Ἰωὴλ, καὶ Ἰωφαλὴτ υἱοὶ Ἀσμὼθ, καὶ Βερχία, καὶ Ἰηοὺλ ὁ Ἀναθωθὶ,
13406	ΠΑΡΑΛΕΙΠΟΜΕΝΩΝ Α 18:8	Μαγαβὲθ	Yes	No			\vs{8}Καὶ ἐκ τῆς Μαγαβὲθ καὶ ἐκ τῶν ἐκλεκτῶν πόλεων τῶν Ἀδρααζὰρ ἔλαβε Δαυὶδ χαλκὸν πολὺν σφόδρα· ἐξ αὐτοῦ ἐποίησε Σαλωμὼν τὴν θάλασσαν τὴν χαλκῆν, καὶ τοὺς στύλους καὶ τὰ σκεύη τὰ χαλκᾶ.
13461	ΠΑΡΑΛΕΙΠΟΜΕΝΩΝ Α 21:3	μυυ	No	No			\vs{3}Καὶ εἶπεν Ἰωάβ, Προσθείη Κύριος ἐπὶ τὸν λαὸν αὐτοῦ, ὡς αὐτοὶ ἑκατονταπλασίως, καὶ οἱ ὀφθαλμοὶ τοῦ κυρίου μυυ τοῦ βασιλέως βλέποντες· πάντες τῷ κυρίῳ μου παῖδεσ· ἱνατί ζητεῖ κύριός μου τοῦτο; ἳνα μὴ γένηται εἰς ἁμαρτίαν τῷ Ἰσραήλ.
13575	ΠΑΡΑΛΕΙΠΟΜΕΝΩΝ Α 24:13	Ὀπφᾷ	Yes	No			\vs{13}τῷ Ὀπφᾷ ὁ τρισκαιδέκατος, τῷ Ἰεσβαὰλ ὁ τεσσαρεσκαιδέκατος, τῷ Βελγὰ ὁ πεντεκαιδέκατος,
13604	ΠΑΡΑΛΕΙΠΟΜΕΝΩΝ Α 25:4	Ῥωμετθιέζερ	Yes	No			\vs{4}Τῷ Αἰμὰν, υἱοὶ Αἰμὰν, Βουκίας, καὶ Ματθανίας, καὶ Ὀζιὴλ, καὶ Σουβαὴλ, καὶ Ἰεριμὼθ, καὶ Ἀνανίας, καὶ Ἀνὰν, καὶ Ἑλιαθὰ, καὶ Γοδολλαθὶ, καὶ Ῥωμετθιέζερ, καὶ Ἰεσβασακὰ, καὶ Μαλλιθὶ, καὶ Ὠθηρὶ, καὶ Μεαζώθ.
13633	ΠΑΡΑΛΕΙΠΟΜΕΝΩΝ Α 25:31	Ῥωμετθιέζερ	Yes	No			\vs{31}Ὁ εἰκοστὸς τέταρτος Ῥωμετθιέζερ, υἱοὶ αὐτοῦ καὶ ἀδελφοὶ αὐτοῦ δεκαδύο·
13645	ΠΑΡΑΛΕΙΠΟΜΕΝΩΝ Α 26:9	δεκακαιοκτὼ	No	No			\vs{9}Καὶ τῷ Μοσελλεμίᾳ υἱοὶ καὶ ἀδελφοὶ δεκακαιοκτὼ δυνατοί.
13676	ΠΑΡΑΛΕΙΠΟΜΕΝΩΝ Α 27:2	Ἰσβοὰζ	Yes	No			\vs{2}Καὶ ἐπὶ τῆς διαιρέσεως τῆς πρώτης τοῦ μηνὸς τοῦ πρώτου, Ἰσβοὰζ ὁ τοῦ Ζαβδιὴλ, ἐπὶ τῆς διαιρέσεως αὐτοῦ εἴκοσι καὶ τέσσαρες χιλιάδες·
14533	ΠΑΡΑΛΕΙΠΟΜΕΝΩΝ Β 27:3	Ὀπέλ	Yes	No			\vs{3}Αὐτὸς ᾠκοδόμησε τὴν πύλην οἴκου Κυρίου τὴν ὑψηλὴν, καὶ ἐν τείχει Ὀπέλ ᾠκοδόμησε πολλὰ,
14744	ΠΑΡΑΛΕΙΠΟΜΕΝΩΝ Β 33:14	ἰχθυϊκῆς	No	No			\vs{14}Καὶ μετὰ ταῦτα ᾠκοδόμησε τεῖχος ἔξω τῆς πόλεως Δαυὶδ ἀπὸ Λιβὸς κατὰ Νότον ἐν τῷ χειμάῤῥῳ, καὶ κατὰ τὴν εἴσοδον τὴν διὰ τῆς πύλης τῆς ἰχθυϊκῆς ἐκπορευομένων τὴν πύλην τὴν κυκλόθεν, καὶ εἰς Ὄπελ, καὶ ὕψωσε σφόδρα, καὶ κατέστησεν ἄρχοντας τῆς δυνάμεως ἐν πάσαις ταῖς πόλεσι ταῖς τειχήρεσιν ἐν Ἰούδα.
14744	ΠΑΡΑΛΕΙΠΟΜΕΝΩΝ Β 33:14	Ὄπελ	Yes	No			\vs{14}Καὶ μετὰ ταῦτα ᾠκοδόμησε τεῖχος ἔξω τῆς πόλεως Δαυὶδ ἀπὸ Λιβὸς κατὰ Νότον ἐν τῷ χειμάῤῥῳ, καὶ κατὰ τὴν εἴσοδον τὴν διὰ τῆς πύλης τῆς ἰχθυϊκῆς ἐκπορευομένων τὴν πύλην τὴν κυκλόθεν, καὶ εἰς Ὄπελ, καὶ ὕψωσε σφόδρα, καὶ κατέστησεν ἄρχοντας τῆς δυνάμεως ἐν πάσαις ταῖς πόλεσι ταῖς τειχήρεσιν ἐν Ἰούδα.
14762	ΠΑΡΑΛΕΙΠΟΜΕΝΩΝ Β 34:3	περιβωμίων	No	No			\vs{3}Καὶ ἐν τῷ ὀγδόῳ ἔτει τῆς βασιλείας αὐτοῦ, καὶ αὐτὸς ἔτι παιδάριον ἤρξατο τοῦ ζητῆσαι Κύριον τὸν Θεὸν Δαυὶδ τοῦ πατρὸς αὐτοῦ· καὶ ἐν τῷ δωδεκάτῳ ἔτει τῆς βασιλείας αὐτοῦ ἤρξατο τοῦ καθαρίσαι τὸν Ἰούδαν καὶ τὴν Ἱερουσαλὴμ ἀπὸ τῶν ὑψηλῶν, καὶ τῶν ἄλσεων, καὶ ἀπὸ τῶν περιβωμίων, καὶ ἀπὸ τῶν χωνευτῶν.
14810	ΠΑΡΑΛΕΙΠΟΜΕΝΩΝ Β 35:8	διαχίλια	No	Yes	δισχίλια	0.88	\vs{8}Καὶ οἱ ἄρχοντες αὐτοῦ ἀπήρξαντο τῷ λαῷ καὶ τοῖς ἱερεῦσι καὶ τοῖς Λευίταις· ἔδωκε δὲ Χελκίας καὶ Ζαχαρίας καὶ Ἰεϊὴλ οἱ ἄρχοντες τοῖς ἱερεῦσιν οἴκου Θεοῦ, καὶ ἔδωκαν εἰς τὸ φασὲκ πρόβατα καὶ ἀμνοὺς καὶ ἐρίφους διαχίλια ἑξακόσια, καὶ μόσχους τριακοσίους.
14989	ΕΣΔΡΑΣ 2:50	Μοουνὶμ	Yes	No			\vs{50}υἱοὶ Ἀσενὰ, υἱοὶ Μοουνὶμ, υἱοὶ Νεφουσὶμ,
14989	ΕΣΔΡΑΣ 2:50	Νεφουσὶμ	Yes	No			\vs{50}υἱοὶ Ἀσενὰ, υἱοὶ Μοουνὶμ, υἱοὶ Νεφουσὶμ,
15161	ΕΣΔΡΑΣ 8:11	εἰκοσιοκτὼ	No	No			\vs{11}Καὶ ἀπὸ υἱῶν Βαβὶ, Ζαχαρίας υἱὸς Βαβὶ, καὶ μετʼ αὐτοῦ εἰκοσιοκτὼ τὰ ἀρσενικά.
15190	ΕΣΔΡΑΣ 8:35	ἑβδομηκονταεπτὰ	No	Yes	ἑβδομήκοντα καὶ	0.83	\vs{35}Ἐν τῷ καιρῷ ἐκείνῳ οἱ ἐλθόντες ἐκ τῆς αἰχμαλωσίας υἱοὶ τῆς παροικίας, προσήνεγκαν ὁλοκαυτώσεις τῷ Θεῷ Ἰσραὴλ, μόσχους δώδεκα περὶ παντὸς Ἰσραὴλ, κριοὺς ἐννενηκανταὲξ, ἀμνοὺς ἑβδομηκονταεπτὰ, χιμάρους περὶ ἁμαρτίας δώδεκα, τὰ πάντα ὁλοκαυτώματα τῷ Κυρίῳ·
15260	ΕΣΔΡΑΣ 10:43	Ζεβεννὰς	Yes	No			\vs{43}Ἀπὸ υἱῶν Ναβοὺ, Ἰαὴλ, Ματθανίας, Ζαβὰδ, Ζεβεννὰς, Ἰαδαὶ, καὶ Ἰωὴλ, καὶ Βαναία.
15320	ΝΕΕΜΙΑΣ 3:6	Μηρωνωθίτης	Yes	No			\vs{6a}Καὶ ἐπὶ χεῖρα αὐτῶν ἐκράτησαν Μαλτίας ὁ Γαβαωνίτης, καὶ Εὐάρων ὁ Μηρωνωθίτης, ἄνδρες τῆς Γαβαὼν καὶ τῆς Μασφὰ ἓως θρόνου τοῦ ἄρχοντος τοῦ πέραν τοῦ ποταμοῦ.
15324	ΝΕΕΜΙΑΣ 3:11	Φαὰτ	Yes	No			\vs{11}Καὶ δεύτερος ἐκράτησε Μελχίας υἱὸς Ἡρὰμ, καὶ Ἀσοὺβ υἱὸς Φαὰτ Μωὰβ, καὶ ἕως πύργου τῶν θανουρίμ.
15331	ΝΕΕΜΙΑΣ 3:15	Χολεζὲ	Yes	No			\vs{15}Τὴν δὲ πύλην τῆς πηγῆς ἠσφαλίσατο Σαλωμὼν υἱὸς Χολεζὲ, ἄρχων μέρους τῆς Μασφά· αὐτὸς ἐζῳκοδόμησεν αὐτὴν καὶ ἐστέγασεν αὐτὴν, καὶ ἔστησε τὰς θύρας αὐτῆς καὶ μοχλοὺς αὐτῆς· καὶ τὸ τεῖχος κολυμβήθρας τῶν κωδίων τῇ κουρᾷ τοῦ βασιλέως, καὶ ἕως τῶν κλιμάκων τῶν καταβαινουσῶν ἀπὸ πόλεως Δαυίδ.
15441	ΝΕΕΜΙΑΣ 7:7	Ῥεελμὰ	Yes	No			\vs{7}καὶ Ἰησοῦ, καὶ Νεεμία, Ἀζαρία, καὶ Ῥεελμὰ, Ναεμανὶ, Μαρδοχαῖος, Βαλσὰν, Μασφαρὰθ, Ἔσδρα, Βογουΐα, Ἰναοὺμ, Βαανὰ, Μασφὰρ, ἄνδρες λαοῦ Ἰσραήλ.
15441	ΝΕΕΜΙΑΣ 7:7	Βογουΐα	Yes	No			\vs{7}καὶ Ἰησοῦ, καὶ Νεεμία, Ἀζαρία, καὶ Ῥεελμὰ, Ναεμανὶ, Μαρδοχαῖος, Βαλσὰν, Μασφαρὰθ, Ἔσδρα, Βογουΐα, Ἰναοὺμ, Βαανὰ, Μασφὰρ, ἄνδρες λαοῦ Ἰσραήλ.
15556	ΝΕΕΜΙΑΣ 8:4	Ἀσαβαδμὰ	Yes	No			\vs{4}Καὶ ἔστη Ἔσδρας ὁ γραμματεὺς ἐπὶ βήματος ξυλίνου, καὶ ἔστησαν ἐχόμενα αὐτοῦ Ματθαθίας, καὶ Σαμαΐας, καὶ Ἀνανίας, καὶ Οὐρίας, καὶ Χελκία, καὶ Μαασία ἐκ δεξιῶν αὐτοῦ, καὶ ἐξ ἀριστερῶν Φαδαΐας, καὶ Μισαὴλ, καὶ Μελχίας, καὶ Ἀσὼμ, καὶ Ἀσαβαδμὰ, καὶ Ζαχαρίας, καὶ Μεσολλάμ.
15687	ΝΕΕΜΙΑΣ 11:12	εἰκοσιδύο	No	No			\vs{12}Καὶ οἱ ἀδελφοὶ αὐτῶν ποιοῦντες τὸ ἔργον τοῦ οἴκου, ὀκτακόσιοι εἰκοσιδύο· καὶ Ἀδαΐα υἱὸς Ἱεροὰμ, υἱοῦ Φαλαλία, υἱοῦ Ἀμασὶ, υἱὸς Ζαχαρία, υἱὸς Φασσοὺρ, υἱὸς Μελχία,
15688	ΝΕΕΜΙΑΣ 11:13	Μεσαριμὶθ	Yes	No			\vs{13}καὶ ἀδελφοὶ αὐτοῦ ἄρχοντες πατριῶν, διακόσιοι τεσσαρακονταδύο· καὶ Ἀμασία υἱὸς Ἐσδριὴλ, υἱοῦ Μεσαριμὶθ, υἱοῦ Ἐμμὴρ,
15727	ΝΕΕΜΙΑΣ 12:20	Ἀμὲκ	Yes	No			\vs{20}Τῷ Σαλαῒ, καλλαΐ· τῷ Ἀμὲκ, Ἀβέδ·
15954	ΕΣΘΗΡ 4:17	σκῆπτρόνσουτοῖς	No	No			\vs{17q}Μὴπαραδῷς Κύριε τὸ σκῆπτρόνσουτοῖς μὴοὖσι, καὶ μὴ καταγελασάτωσαν ἐν τῇ πτώσει ἡμῶν, ἀλλὰ στρέψον τὴν βουλὴν αὐτῶν ἐπʼ αὐτούς· τὸν δὲ ἀρξάμενον ἐφʼ ἡμᾶς παραδειγμάτισον.
16084	ΕΣΘΗΡ 9:7	Φαρσαννὲς	Yes	No			\vs{7}τόν τε Φαρσαννὲς, καὶ Δελτφὼν, καὶ Φασγὰ, καὶ Φαραδαθὰ,
17427	ΙΩΒ 41:7	σμυρίτης	No	Yes	σμιρίτης	0.88	\vs{7}Τὰ ἔγκατα αὐτοῦ ἀσπίδες χάλκεαι. σύνδεσμος δὲ αὐτοῦ, ὥσπερ σμυρίτης λίθος.
22275	ΑΣΜΑ 1:13	ἀυαμέσου	No	No			\vs{13}Ἀπόδεσμος τῆς στακτῆς ἀδελφιδός μου ἐμοὶ, ἀυαμέσου τῶν μαστῶν μου αὐλισθήσεται.
22441	ΗΣΑΙΑΣ 1:6	ὁλοκληρία	No	No			\vs{6}Ἀπὸ ποδῶν ἕως κεφαλῆς, οὐκ ἔστιν ἐν αὐτῷ ὁλοκληρία, οὔτε τραῦμα, οὔτε μώλωψ, οὔτε πληγὴ φλεγμαίνουσα· οὐκ ἔστι μάλαγμα ἐπιθεῖναι, οὔτε ἔλαιον, οὔτε καταδέσμους.
23145	ΗΣΑΙΑΣ 29:15	Κυπίυο	Yes	No			\vs{15}Οὐαὶ οἱ βαθέως βουλὴν ποιοῦντες, καὶ οὐ διὰ Κυπίυο· οὐαὶ οἱ ἐν κρυφῇ βουλὴν ποιοῦντες, καὶ ἔσται ἐν σκότει τὰ ἔργα αὐτῶν· καὶ ἐροῦσι, τίς ἑόρακεν ἡμᾶς; καὶ τίς ἡμᾶς γνώσεται, ἢ ἃ ἡμεῖς ποιοῦμεν;
23596	ΗΣΑΙΑΣ 44:25	μωραίνων	No	No			\vs{25}Τίς ἕτερος διασκεδάσει σημεῖα ἐγγαστριμύθων, καὶ μαντείας ἀπὸ καρδίας; ἀποστρέφων φρονίμους εἰς τὰ ὀπίσω, καὶ τὴν βουλὴν αὐτῶν μωραίνων,
25703	ΙΕΡΕΜΙΑΣ 46:3	Ναγαργᾶς	Yes	No			\vs{3}καὶ εἰσῆλθον πάντες οἱ ἡγούμενοι βασιλέως Βαβυλῶνος, καὶ ἐκάθισαν ἐν πύλῃ τῇ μέσῃ Μαργανασὰρ, καὶ Σαμαγὼθ, καὶ Ναβουσάχαρ, καὶ Ναβουσαρεὶς, Ναγαργᾶς, Νασεῤῥαβαμὰθ, καὶ οἱ κατάλοιποι ἡγεμόνες βασιλέως Βαβυλῶνος.
25703	ΙΕΡΕΜΙΑΣ 46:3	Νασεῤῥαβαμὰθ	Yes	No			\vs{3}καὶ εἰσῆλθον πάντες οἱ ἡγούμενοι βασιλέως Βαβυλῶνος, καὶ ἐκάθισαν ἐν πύλῃ τῇ μέσῃ Μαργανασὰρ, καὶ Σαμαγὼθ, καὶ Ναβουσάχαρ, καὶ Ναβουσαρεὶς, Ναγαργᾶς, Νασεῤῥαβαμὰθ, καὶ οἱ κατάλοιποι ἡγεμόνες βασιλέως Βαβυλῶνος.
25874	ΙΕΡΕΜΙΑΣ 52:19	ἀπφὼθ	No	No			\vs{19}καὶ τὰς ἀπφὼθ, καὶ τὰς μασμαρὼθ, καὶ τοὺς ὑποχυτῆρας, καὶ τὰς λυχνίας, καὶ τὰς θυΐσκας, καὶ τοὺς κυάθους, ἃ ἦν χρυσᾶ χρυσᾶ, καὶ ἃ ἦν ἀργυρᾶ ἀργυρᾶ, ἔλαβεν ὁ ἀρχιμάγειρος.
27563	ΙΕΖΕΚΙΗΛ 40:7	θεηλὰθ	No	No			\vs{7}Καὶ τὸ θεὲ ἶσον τῷ καλάμῳ τὸ μῆκος, καὶ ἶσον τῷ καλάμῳ τὸ πλάτος, καὶ τὸ αἰλὰμ ἀναμέσον τοῦ θεηλὰθ πηχῶν ἕξ· καὶ τὸ θεὲ τὸ δεύτερον, ἶσον τῷ καλάμῳ πλάτος, καὶ ἶσον τῷ καλάμῳ μῆκος, καὶ τὸ αἰλὰμ πηχέων πέντε·
27846	ΙΕΖΕΚΙΗΛ 47:16	Μααβθηρὰς	Yes	No			\vs{16}Μααβθηρὰς Ἑβραμηλιὰμ ἀναμέσον ὁρίων Δαμασκοῦ καὶ ἀναμέσον ὁρίων Ἠμαθεὶ, αὐλὴ τοῦ Σαυνὰν, αἵ εἰσιν ἐπάνω τῶν ὁρίων Αὐρανίτιδος.
29527	ΣΟΦΟΝΙΑΣ 3:8	εἰσδέκασθαι	No	Yes	εἰσδέξασθαι	0.91	\vs{8}Διατοῦτο ὑπόμεινόν με, λέγει Κύριος, εἰς ἡμέραν ἀναστάσεώς μου εἰς μαρτύριον· διὸ τὸ κρίμα μου εἰς συναγωγὰς ἐθνῶν, τοῦ εἰσδέκασθαι βασιλεῖς, τοῦ ἐκχέαι ἐπʼ αὐτοὺς πᾶσαν ὀργὴν θυμοῦ· διότι ἐν πυρὶ ζήλου μου καταναλωθήσεται πᾶσα ἡ γῆ.
30063	ΕΣΔΡΑΣ Α 1:50	Θεὸζ	Yes	No			\vs{50}Καὶ ἀπέστειλεν ὁ Θεὸζ τῶν πατέρων αὐτῶν διὰ τοῦ ἀγγέλου αὐτοῦ μετακαλέσαι αὐτοὺς, καθότι ἐφείδετο αὐτῶν καὶ τοῦ σκηνώματος αὐτοῦ.
30089	ΕΣΔΡΑΣ Α 2:13	διοχίλιαι	No	Yes	δισχίλιαι	0.89	\vs{13}Ὁ δὲ τούτων ἀριθμὸς ἦν, σπονδεῖα χρυσᾶ χίλια, σπονδεῖα ἀργυρᾶ χίλια, θυΐσκαι ἀργυραῖ εἰκοσιεννέα, φιάλαι χρυσαῖ τριάκοντα, ἀργυραῖ διοχίλιαι τετρακόσιαι δέκα, καὶ ἄλλα σκεύη χίλια.
30234	ΕΣΔΡΑΣ Α 5:12	ἑβδομηκονταπέντε	No	No			\vs{12}Υἱοὶ Ἠλὰμ, χίλιοι διακόσιοι πεντηκοντατέσσαρες· υἱοὶ Ζαθουῒ, ἐννακόσιοι ἑβδομηκονταπέντε· υἱοὶ Χορβὲ, ἑπτακόσιοι πέντε· υἱοὶ Βανί, ἑξακόσιοι τεσσαρακονταοκτώ.
30283	ΕΣΔΡΑΣ Α 5:37	κονταδύο	No	No			\vs{37}Καὶ οὐκ ἠδύναντο ἀπαγγεῖλαι τὰς πατριὰς αὐτῶν καὶ γενεὰς, ὡς ἐκ τοῦ Ἰσραήλ εἰσιν· υἱοὶ Δαλὰν τοῦ υἱοῦ τοῦ Βαενὰν, υἱοὶ Νεκωδὰν, ἑξακόσιοι πεντη· κονταδύο.
30291	ΕΣΔΡΑΣ Α 5:42	τριακονταεπτά	No	Yes	τριάκοντα ἕξ	0.83	\vs{42}Παῖδες τούτων καὶ παιδίσκαι, ἑπτακισχίλιοι τριακόσιοι τριακονταεπτά. ψάλται καὶ ψαλτῳδοὶ, διακόσιοι τεσσαρακονταπέντε·
30313	ΕΣΔΡΑΣ Α 5:58	Ἡλιαδοὺδ	Yes	No			\vs{58}Καὶ ἔστησαν τοὺς Λευίτας ἀπὸ εἰκοσαετοῦς ἐπὶ τῶν ἔργων τοῦ Κυρίου· καὶ ἔστη Ἰησοῦς, καὶ οἱ υἱοὶ, καὶ οἱ ἀδελφοὶ, καὶ Καδμιὴλ ὁ ἀδελφὸς, καὶ οἱ υἱοὶ Ἠμαδαβοὺν, καὶ οἱ υἱοὶ Ἰωδὰ τοῦ Ἡλιαδοὺδ σὺν τοῖς υἱοῖς καὶ ἀδελφοῖς, πάντες οἱ Λευῖται ὁμοθυμαδὸν ἐργοδιῶκται, ποιοῦντες εἰς τὰ ἔργα ἐν τῷ οἴκῳ τοῦ Κυρίου· καὶ ᾠκοδόμησαν οἱ οἰκοδόμοι τὸν ναὸν τοῦ Κυριου.
30437	ΕΣΔΡΑΣ Α 8:29	Ἰαθαμάρου	Yes	No			\vs{29}Ἐκ τῶν υἱῶν Φινεὲς, Γηρσών· ἐκ τῶν υἱῶν Ἰαθαμάρου, Γαμαλιήλ· ἐκ τῶν υἱῶν Λαυὶδ, Λαττοὺς ὁ Σεχενίου·
30932	ΤΩΒΙΤ 14:14	εἱκοσιεπτὰ	No	No			\vs{14}καὶ ἀπέθανεν ἐτῶν ἑκατὸν εἱκοσιεπτὰ ἐν Ἐκβατάνοις τῆς Μηδίας.
32007	ΣΟΦΙΑ ΣΕΙΡΑΧ 1:1	προλογος.	No	No			\lettrine[lines=2, loversize=0.2, nindent=0em, findent=.25em]{\textcolor{bookheadingcolor}{Π}}{ΡΟΛΟΓΟΣ.}
32599	ΣΟΦΙΑ ΣΕΙΡΑΧ 18:33	μαρσυπείῳ	No	No			\vs{33}Μὴ γίνου πτωχὸς συμβολοκοπῶν ἐκ δανεισμοῦ, καὶ οὐδέν σοι ἐστὶν ἐν μαρσυπείῳ.
32686	ΣΟΦΙΑ ΣΕΙΡΑΧ 21:9	Στυππεῖον	Yes	No			\vs{9}Στυππεῖον συνηγμένον συναγωγὴ ἀνόμων, καὶ ἡ συντέλεια αὐτῶν φλὸξ πυρός.
34432	ΜΑΚΚΑΒΑΙΩΝ Α 3:55	δεκάρχους	No	Yes	δεκαδάρχους	0.90	\vs{55}Καὶ μετὰ τοῦτο κατέστησεν Ἰούδας ἡγουμένους τοῦ λαοῦ, χιλιάρχους, καὶ ἑκατοντάρχους, καὶ πεντηκοντάρχους, καὶ δεκάρχους.
34463	ΜΑΚΚΑΒΑΙΩΝ Α 4:18	λήψετε	No	No			\vs{18}καὶ Γοργίας καὶ ἡ δύναμις ἐν τῷ ὄρει ἐγγὺς ἡμῶν· ἀλλὰ στῆτε νῦν ἐναντίον τῶν ἐχθρῶν ἡμῶν, καὶ πολεμήσατε αὐτοὺς, καὶ μετὰ ταῦτα λήψετε τὰ σκύλα μετὰ παῤῥησίας.
34886	ΜΑΚΚΑΒΑΙΩΝ Α 9:66	Ὀδοαῤῥὴν	Yes	No			\vs{66}Καὶ ἐπάταξεν Ὀδοαῤῥὴν, καὶ τοὺς ἀδελφοὺς αὐτοῦ, καὶ τοὺς υἱοὺς Φασιρὼν ἐν τῷ σκηνώματι αὐτῶν, καὶ ἐξήρξατο τύπτειν, καὶ ἀναβαίνειν ἐν δυνάμεσι·
34889	ΜΑΚΚΑΒΑΙΩΝ Α 9:69	ὠργίσθηθυμῷ	No	No			\vs{69}Καὶ ὠργίσθηθυμῷ τοῖς ἀνδράσι τοῖς ἀνόμοις τοῖς συμβουλεύσασιν αὐτῷ ἐλθεῖν εἰς τὴν χώραν, καὶ ἀπέκτειναν ἐξ αὐτῶν πολλούς, καὶ ἐβουλεύσατο τοῦ ἀπελθεῖν εἰς τὴν γῆν αὐτοῦ.
35605	ΜΑΚΚΑΒΑΙΩΝ Β 4:9	συγχωρηθῇ	No	No			\vs{9}πρὸς δὲ τούτοις ὑπισχνεῖτο καὶ ἕτερα διαγράψαι πεντήκοντα πρὸς τοῖς ἑκατόν, ἐὰν συγχωρηθῇ διὰ τῆς ἐξουσίας αὐτοῦ, γυμνάσιον καὶ ἐφηβίαν αὐτῷ συστήσασθαι, καὶ τοὺς ἐν Ἰεροσολύμοις Ἀντιοχεῖς ἀναγράψαι.
36028	ΜΑΚΚΑΒΑΙΩΝ Β 12:10	ἀποσπασθέντων	No	No			\vs{10}Ἐκεῖθεν δὲ ἀποσπασθέντων σταδίους ἐννέα, ποιουμένων τὴν πορείαν ἐπὶ τὸν Τιμόθεον, προσέβαλον Ἄραβες αὐτῷ οὐκ ἐλάττους τῶν πεντακισχιλίων, ἱππεῖς δὲ πεντακόσιοι.
36121	ΜΑΚΚΑΒΑΙΩΝ Β 14:3	ἐπιμιξίας	No	No			\vs{3}Ἄλκιμος δέ τις προγενόμενος ἀρχιερεὺς, ἑκουσίως δὲ μεμολυμμένος ἐν τοῖς τῆς ἐπιμιξίας χρόνοις, συννοήσας ὅτι καθʼ ὁντιναοῦν τρόπον οὐκ ἔστιν αὐτῷ σωτηρία, οὐδὲ πρὸς ἅγιον θυσιαστήριον ἔτι πρόσοδος,
36156	ΜΑΚΚΑΒΑΙΩΝ Β 14:28	τ	No	No			\vs{28}Προσπεσόντων δὲ τούτων τῷ Νικάνορι, συνεκέχυτο καὶ δυσφόρως ἔφερεν, εἰ τὰ διεσταλμένα ἀθετήσει μηδὲν τʼ ἀνδρὸς ἠδικηκότος.
36252	ΜΑΚΚΑΒΑΙΩΝ Γ 1:8	συγχαρησομένους	No	No			\vs{8}Τῶν δὲ Ἰουδαίων διαπεμψαμένων πρὸς αὐτὸν ἀπὸ τῆς γερουσίας καὶ τῶν πρεσβυτέρων τοὺς ἀσπασομένους αὐτὸν. Καὶ ξένια κομιοῦντας, καὶ ἐπὶ τοῖς συμβεβηκόσι συγχαρησομένους, συνέβη μᾶλλον αὐτὸν προθυμηθῆναι ὡς τάχιστα πρὸς αὐτοὺς παραγενέσθαι.
36603	ΜΑΚΚΑΒΑΙΩΝ Δ 1:27	νομοφαγία	No	No			\vs{27}κατὰ δὲ τὸ σῶμα, παντοφαγία, καὶ λαιμαργία, καὶ νομοφαγία.
36631	ΜΑΚΚΑΒΑΙΩΝ Δ 2:13	ἐπινομίσητε	No	No			\vs{13}Καὶ μὴ νομίσητε παράδοξον εἶναι, ὅπου καὶ ἔχθραν ὁ λογισμὸς ἐπινομίσητε παράδοξον εἶναι, ὅπου καὶ ἔχθραν ὁ λογισμὸς ἐπινομισητε παράδοξον εἶναι, ὅπου καὶ ἔχθραν ὁ λογισμὸς ἐπικρατεῖν δύναται διὰ τὸν νόμον,
36631	ΜΑΚΚΑΒΑΙΩΝ Δ 2:13	ἐπινομισητε	No	No			\vs{13}Καὶ μὴ νομίσητε παράδοξον εἶναι, ὅπου καὶ ἔχθραν ὁ λογισμὸς ἐπινομίσητε παράδοξον εἶναι, ὅπου καὶ ἔχθραν ὁ λογισμὸς ἐπινομισητε παράδοξον εἶναι, ὅπου καὶ ἔχθραν ὁ λογισμὸς ἐπικρατεῖν δύναται διὰ τὸν νόμον,
37118	ΜΑΚΚΑΒΑΙΩΝ Δ 16:7	δεκάηνοι	No	Yes	δεκάμηνοι	0.94	\vs{7}Ὦ μάταιοι ἐπτὰ κυοφορίαι, καὶ ἀνόνητοι ἐπτὰ δεκάηνοι, καὶ ἄκαρποι τιθηνίαι, καὶ ταλαίπωροι γαλακτοτροφίοι.
