Line Number	Verse Reference	Word	Full Line
134	ΓΕΝΕΣΙΣ 2:13	Γεῶν	\vs{13}Καὶ ὄνομα τῷ ποταμῷ τῷ δευτέρῳ, Γεῶν· οὗτος ὁ κυκλῶν πᾶσαν τὴν γὴν Αἰθιοπίας.
373	ΓΕΝΕΣΙΣ 10:12	Δασὴ	\vs{12}καὶ τὴν Δασὴ ἀνὰ μέσον Νινευῒ, καὶ ἀνὰ μέσον Χαλάχ· αὕτη ἡ πόλις μεγάλη.
374	ΓΕΝΕΣΙΣ 10:13	Ἐνεμετιεὶμ	\vs{13}Καὶ Μεσραῒν ἐγέννησε τοὺς Λουδιεὶμ, καὶ τοὺς Νεφθαλεὶμ, καὶ τοὺς Ἐνεμετιεὶμ, καὶ τοὺς Λαβιεὶμ,
491	ΓΕΝΕΣΙΣ 14:15	Χοβὰ	\vs{15}Καὶ ἐπέπεσεν ἐπʼ αὐτοὺς τὴν νύκτα αὐτὸς, καὶ οἱ παῖδες αὐτοῦ, καὶ ἐπάταξεν αὐτοὺς, καὶ κατεδίωξεν αὐτοὺς ἕως Χοβὰ, ἥ ἐστιν ἐν ἀριστερᾷ Δαμασκοῦ.
579	ΓΕΝΕΣΙΣ 18:4	Ληφθήτω	\vs{4}Ληφθήτω δὴ ὕδωρ, καὶ νιψάτωσαν τοὺς πόδας ὑμῶν, καὶ καταψύξατε ὑπὸ τὸ δένδρον.
737	ΓΕΝΕΣΙΣ 22:24	Μοχά	\vs{24}Καὶ ἡ παλλακὴ αὐτοῦ, ᾗ ὄνομα Ῥεύμα, ἔτεκε καὶ αὐτὴ τὸν Ταβὲκ, καὶ τὸν Ταὰμ, καὶ τὸν Τοχός, καὶ τὸν Μοχά.
837	ΓΕΝΕΣΙΣ 25:2	Ἰεσβὼκ	\vs{2}Ἔτεκε δὲ αὐτῷ τὸν Ζομβρᾶν, καὶ τὸν Ἰεζὰν, καὶ τὸν Μαδὰλ, καὶ τὸν Μαδιὰμ, καὶ τὸν Ἰεσβὼκ, καὶ τὸν Σωίε.
838	ΓΕΝΕΣΙΣ 25:3	Δεδάν	\vs{3}Ἰεζὰν δὲ ἐγέννησε τὸν Σαβὰ, καὶ τὸν Δεδάν· υἱοὶ δὲ Δεδὰν Ἀσσουριεὶμ, καὶ Λατουσιεὶμ, καὶ Λαωμείμ.
838	ΓΕΝΕΣΙΣ 25:3	Δεδὰν	\vs{3}Ἰεζὰν δὲ ἐγέννησε τὸν Σαβὰ, καὶ τὸν Δεδάν· υἱοὶ δὲ Δεδὰν Ἀσσουριεὶμ, καὶ Λατουσιεὶμ, καὶ Λαωμείμ.
838	ΓΕΝΕΣΙΣ 25:3	Ἀσσουριεὶμ	\vs{3}Ἰεζὰν δὲ ἐγέννησε τὸν Σαβὰ, καὶ τὸν Δεδάν· υἱοὶ δὲ Δεδὰν Ἀσσουριεὶμ, καὶ Λατουσιεὶμ, καὶ Λαωμείμ.
838	ΓΕΝΕΣΙΣ 25:3	Λατουσιεὶμ	\vs{3}Ἰεζὰν δὲ ἐγέννησε τὸν Σαβὰ, καὶ τὸν Δεδάν· υἱοὶ δὲ Δεδὰν Ἀσσουριεὶμ, καὶ Λατουσιεὶμ, καὶ Λαωμείμ.
839	ΓΕΝΕΣΙΣ 25:4	Ἀφεὶρ	\vs{4}Υἱοὶ δὲ Μαδιὰμ Γεφὰρ, καὶ Ἀφεὶρ, καὶ Ἐνὼχ, καὶ Ἀβειδὰ, καὶ Ἐλδαγά· πάντες οὗτοι ἦσαν υἱοὶ Χεττούρας.
974	ΓΕΝΕΣΙΣ 28:9	Ναβεὼθ	\vs{9}ἐπορεύθη Ἡσαῦ πρὸς Ἰσμαήλ· καὶ ἔλαβε τὴν Μαελὲθ, θυγατέρα Ἰσμαὴλ τοῦ υἱοῦ Ἁβραὰμ, ἀδελφὴν Ναβεὼθ, πρὸς ταῖς γυναιξὶν αὐτοῦ γυναῖκα.
1188	ΓΕΝΕΣΙΣ 33:18	Σηκίμων	\vs{18}Καὶ ἦλθεν Ἰακὼβ εἰς Σαλὴμ, πόλιν Σηκίμων, ἥ ἐστιν ἐν γῇ Χαναὰν, ὅτε ἐπανῆλθεν ἐκ τῆς Μεσοποταμίας Συρίας· καὶ παρενέλαβε κατὰ πρόσωπον τῆς πόλεως.
1231	ΓΕΝΕΣΙΣ 35:4	Σηκίμοις	\vs{4}Καὶ ἔδωκαν τῷ Ἰακὼβ τοὺς θεοὺς τοὺς ἀλλοτρίους, οἳ ἦσαν ἐν ταῖς χερσὶν αὐτῶν, καὶ τὰ ἐνώτια τὰ ἐν τοῖς ὠσὶν αὐτῶν· καὶ κατέκρυψεν αὐτὰ Ἰακὼβ ὑπὸ τὴν τερέβινθον τὴν ἐν Σηκίμοις· καὶ ἀπώλεσεν αὐτὰ, ἕως τῆς σήμερον ἡμέρας.
1232	ΓΕΝΕΣΙΣ 35:5	Σηκίμων	\vs{5}Καὶ ἐξῇρεν Ἰσραὴλ ἐκ Σηκίμων· καὶ ἐγένετο φόβος Θεοῦ ἐπὶ τὰς πόλεις τὰς κύκλῳ αὐτῶν, καὶ οὐ κατεδίωξαν ὀπίσω τῶν υἱῶν Ἰσραήλ.
1271	ΓΕΝΕΣΙΣ 36:11	Γοθὼμ	\vs{11}Ἐγένοντο δὲ Ἑλιφὰς υἱοὶ, Θαιμὰν, Ὠμὰρ, Σωφὰρ, Γοθὼμ, καὶ Κενέζ.
1273	ΓΕΝΕΣΙΣ 36:13	Ναχὼθ	\vs{13}Οὗτοι δὲ υἱοὶ Ῥαγουὴλ, Ναχὼθ, Ζαρὲ, Σομὲ, καὶ Μοζέ· οὗτοι ἦσαν υἱοὶ Βασεμὰθ γυναικὸς Ἡσαῦ.
1276	ΓΕΝΕΣΙΣ 36:16	Γοθὼμ	\vs{16}ἡγεμὼν Κορὲ, ἡγεμὼν Γοθὼμ, ἡγεμὼν Ἀμαλήκ· οὗτοι ἡγεμόνες Ἑλιφὰς ἐν γῇ Ἰδουμαίᾳ· οὗτοι υἱοὶ Ἀδάς.
1277	ΓΕΝΕΣΙΣ 36:17	Ναχὼθ	\vs{17}Καὶ οὗτοι υἱοὶ Ῥαγουὴλ υἱοῦ Ἡσαῦ· ἡγεμὼν Ναχὼθ, ἡγεμὼν Ζαρὲ, ἡγεμὼν Σομὲ, ἡγεμὼν Μοζέ· οὗτοι ἡγεμόνες Ῥαγουὴλ ἐν γῇ Ἐδώμ· οὗτοι υἱοὶ Βασεμὰθ γυναικὸς Ἡσαῦ.
1287	ΓΕΝΕΣΙΣ 36:27	Ἰουκάμ	\vs{27}Οὗτοι δὲ υἱοὶ Ἀσάρ· Βαλαὰμ, καὶ Ζουκὰμ, καὶ Ἰουκάμ.
1297	ΓΕΝΕΣΙΣ 36:36	Μασσεκκάς	\vs{36}Ἀπέθανε δὲ Ἀδὰδ, καὶ ἐβασίλευσεν ἀντʼ αὐτοῦ Σαμαδὰ ἐκ Μασσεκκάς.
1300	ΓΕΝΕΣΙΣ 36:39	Μαιζοώβ	\vs{39}Ἀπέθανε δὲ Βαλλενὼν υἱὸς Ἀχοβὼρ, καὶ ἐβασίλευσεν ἀντʼ αὐτοῦ Ἀρὰδ υἱὸς Βαράδ· καὶ ὄνομα τῇ πόλει αὐτοῦ Φογώρ· ὄνομα δὲ τῇ γυναικὶ αὐτοῦ Μετεβεὴλ, θυγάτηρ Ματραῒθ, υἱοῦ Μαιζοώβ.
1477	ΓΕΝΕΣΙΣ 41:45	Ἀσενὲθ	\vs{45}Καὶ ἐκάλεσε Φαραὼ τὸ ὄνομα Ἰωσὴφ, Ψονθομφανήχ· καὶ ἔδωκεν αὐτῷ τὴν Ἀσενὲθ θυγατέρα Πετεφρῆ ἱερέως Ἡλιουπόλεως αὐτῷ εἰς γυναῖκα.
1483	ΓΕΝΕΣΙΣ 41:50	Ἀσενὲθ	\vs{50}Τῷ δὲ Ἰωσὴφ ἐγένοντο υἱοὶ δύο πρὸ τοῦ ἐλθεῖν τὰ ἑπτὰ ἔτη τοῦ λιμοῦ, οὓς ἔτεκεν αὐτῷ Ἀσενὲθ ἡ θυγάτηρ Πετεφρῆ ἱερέως Ἡλιουπόλεως.
1656	ΓΕΝΕΣΙΣ 46:16	Ἀηδεὶς	\vs{16}Υἱοὶ δὲ Γάδ, Σαφὼν, καὶ Ἀγγὶς, καὶ Σαννὶς, καὶ Θασοβὰν, καὶ Ἀηδεὶς, καὶ Ἀροηδεὶς, καὶ Ἀρεηλείς.
1656	ΓΕΝΕΣΙΣ 46:16	Ἀροηδεὶς	\vs{16}Υἱοὶ δὲ Γάδ, Σαφὼν, καὶ Ἀγγὶς, καὶ Σαννὶς, καὶ Θασοβὰν, καὶ Ἀηδεὶς, καὶ Ἀροηδεὶς, καὶ Ἀρεηλείς.
1657	ΓΕΝΕΣΙΣ 46:17	Ἰεσσουὰ	\vs{17}Υἱοὶ δὲ Ἀσὴρ, Ἰεμνα, Ἰεσσουὰ, καὶ Ἰεοὺλ, καὶ βαριὰ, καὶ Σάρα ἀδελφὴ αὐτῶν. Υἱοὶ δὲ βαριὰ, Χοβὸρ, καὶ Μελχιΐλ.
1657	ΓΕΝΕΣΙΣ 46:17	Μελχιΐλ	\vs{17}Υἱοὶ δὲ Ἀσὴρ, Ἰεμνα, Ἰεσσουὰ, καὶ Ἰεοὺλ, καὶ βαριὰ, καὶ Σάρα ἀδελφὴ αὐτῶν. Υἱοὶ δὲ βαριὰ, Χοβὸρ, καὶ Μελχιΐλ.
1660	ΓΕΝΕΣΙΣ 46:20	Ἀσενὲθ	\vs{20}Ἐγένοντο δὲ υἱοὶ Ἰωσὴφ ἐν γῇ Αἰγύπτου, οὓς ἔτεκεν αὐτῷ Ἀσενὲθ θυγάτηρ Πετεφρῆ ἱερέως Ἡλιουπόλεως, τὸν Μανασσῆ, καὶ τὸν Ἐφραίμ· ἐγένοντο δὲ υἱοὶ Μανασσῆ, οὓς ἔτεκεν αὐτῷ ἡ παλλακὴ ἡ Σύρα, τὸν Μαχίρ· Μαχὶρ δὲ ἐγέννησε τὸν Γαλαάδ· υἱοὶ δὲ Ἐφραὶμ ἀδελφοῦ Μανασσῆ, Σουταλαὰμ, καὶ Ταάμ· υἱοὶ δὲ Σουταλαὰμ, Ἐδώμ.
2204	ΕΞΟΔΟΣ 13:20	Ὀθὼμ	\vs{20}Ἐξάραντες δὲ οἱ υἱοὶ Ἰσραὴλ ἐκ Σοκχὼθ, ἐστρατοπέδευσαν ἐν Ὀθὼμ παρὰ τὴν ἔρημον.
3396	ΛΕΥΙΤΙΚΟΝ 10:4	Μισαδάη	\vs{4}Καὶ ἐκάλεσε Μωυσῆς τὸν Μισαδάη, καὶ τὸν Ἐλισαφὰν, υἱοὺς Ὀζιὴλ, υἱοὺς τοῦ ἀδελφοῦ τοῦ πατρὸς Ἀαρὼν, καὶ εἶπεν αὐτοῖς, προσέλθατε καὶ ἄρατε τοὺς ἀδελφοὺς ὑμῶν ἐκ προσώπου τῶν ἁγίων ἔξω τῆς παρεμβολῆς.
10652	ΒΑΣΙΛΕΙΩΝ Γ 1:9	Ζωελεθὶ	\vs{9}Καὶ ἐθυσίασεν Ἀδωνίας πρόβατα καὶ μόσχους καὶ ἄρνας μετὰ αἰθῆ τοῦ Ζωελεθὶ, ὃς ἦν ἐχόμενα τῆς Ῥωγήλ· καὶ ἐκάλεσε πάντας τοὺς ἀδελφοὺς αὐτοῦ, καὶ πάντας τοὺς ἁδροὺς Ἰούδα παῖδας τοῦ βασιλέως.
10831	ΒΑΣΙΛΕΙΩΝ Γ 4:3	Σηβὰ	\vs{3}Ἐλιὰφ καὶ Ἀχιὰ υἱὸς Σηβὰ γραμματεῖς· καὶ Ἰωσαφὰτ υἱὸς Ἀχιλοὺδ ἀναμιμνήσκων·
29055	ΟΒΔΕΙΟΥ 1:1	Ὀβδίου	\lettrine[lines=2, loversize=0.2, nindent=0em, findent=.25em]{\textcolor{bookheadingcolor}{Ὅ}}{ΡΑΣΙΣ} Ὀβδίου. Τάδε λέγει Κύριος ὁ Θεὸς τῇ Ἰδουμαίᾳ, ἀκοὴν ἤκουσα παρὰ Κυρίου, καὶ περιοχὴν εἰς τὰ ἔθνη ἐξαπέστειλεν· ἀνάστητε, καὶ ἐξαναστῶμεν ἐπʼ αὐτὴν εἰς πόλεμον.
29109	ΙΩΝΑΣ 1:16	ηὔξαντο	\vs{16}Καὶ ἐφοβήθησαν οἱ ἄνδρες φόβῳ μεγάλῳ τὸν Κύριον, καὶ ἔθυσαν θυσίαν τῷ Κυρίῳ, καὶ ηὔξαντο τὰς εὐχάς.
29524	ΣΟΦΟΝΙΑΣ 3:6	τοπαράπαν	\vs{6}Ἐν διαφθορᾷ κατέσπασα ὑπερηφάνους, ἠφανίσθησαν γωνίαι αὐτῶν· ἐξερημώσω τὰς ὁδοὺς αὐτῶν τοπαράπαν, τοῦ μὴ διοδεύειν· ἐξέλιπον αἱ πόλεις αὐτῶν, παρὰ τὸ μηδένα ὑπάρχειν, μηδὲ κατοικεῖν.
29584	ΑΓΓΑΙΟΣ 2:10	ἐννάτου	\vs{10}Τετράδι καὶ εἰκάδι τοῦ ἐννάτου μηνὸς, ἔτους δευτέρου, ἐπὶ Δαρείου, ἐγένετο λόγος Κυρίου πρὸς Ἀγγαῖον τὸν προφήτην, λέγων,
29593	ΑΓΓΑΙΟΣ 2:18	ἐννάτου	\vs{18}Ὑποτάξατε δὴ τὰς καρδίας ὑμῶν ἀπὸ τῆς ἡμέρας ταύτης, καὶ ἐπέκεινα, ἀπὸ τῆς τετράδος καὶ εἰκάδος τοῦ ἐννάτου μηνὸς, καὶ ἀπὸ τῆς ἡμέρας ἧς τεθεμελίωται ὁ ναὸς Κυρίου· θέσθε ἐν ταῖς καρδίαις ὑμῶν,
29735	ΖΑΧΑΡΙΑΣ 7:1	ἐννάτου	Καὶ ἐγένετο ἐν τῷ τετάρτῳ ἔτει ἐπὶ Δαρείου τοῦ βασιλέως, ἐγένετο λόγος Κυρίου πρὸς Ζαχαρίαν τετράδι τοῦ μηνὸς τοῦ ἐννάτου, ὅς ἐστι Χασελεύ.
30242	ΕΣΔΡΑΣ Α 5:16	Ἁννὶς	\vs{16}Υἱοὶ Ἁννὶς, ἑκατὸν εἷς· υἱοὶ Ἀρὸμ, τριακονταδύο· υἱοὶ Βασσαὶ, τριακόσιοι εἰκοσιτρεῖς· υἱοὶ Ἀρσιφουρὶθ, ἑκατὸν δύο.
30242	ΕΣΔΡΑΣ Α 5:16	Ἀρσιφουρὶθ	\vs{16}Υἱοὶ Ἁννὶς, ἑκατὸν εἷς· υἱοὶ Ἀρὸμ, τριακονταδύο· υἱοὶ Βασσαὶ, τριακόσιοι εἰκοσιτρεῖς· υἱοὶ Ἀρσιφουρὶθ, ἑκατὸν δύο.
30248	ΕΣΔΡΑΣ Α 5:19	Καφείρας	\vs{19}Οἱ ἐκ Καριαθιρὶ, εἰκοσιπέντε· οἱ ἐκ Καφείρας, καὶ Βηρὼγ, ἑπτακόσιοι τεσσαρακοντατρεῖς.
30248	ΕΣΔΡΑΣ Α 5:19	Βηρὼγ	\vs{19}Οἱ ἐκ Καριαθιρὶ, εἰκοσιπέντε· οἱ ἐκ Καφείρας, καὶ Βηρὼγ, ἑπτακόσιοι τεσσαρακοντατρεῖς.
30252	ΕΣΔΡΑΣ Α 5:21	Βετολίῳ	\vs{21}Οἱ ἐκ Μακαλὼν, ἑκατὸν εἰκοσιδύο· οἱ ἐκ Βετολίῳ, πεντηκονταδύο· υἱοὶ Νιφὶς, ἑκατὸν πεντηκονταέξ.
30276	ΕΣΔΡΑΣ Α 5:33	Ἰειηλὶ	\vs{33}Υἱοὶ παίδων Σαλωμὼν, υἱοὶ Ἀσσαπφιὼθ, υἱοὶ Φαριρὰ, υἱοὶ Ἰειηλὶ, υἱοὶ Λοζὼν, υἱοὶ Ἰσδαὴλ, υἱοὶ Σαφυῒ,
30276	ΕΣΔΡΑΣ Α 5:33	Σαφυῒ	\vs{33}Υἱοὶ παίδων Σαλωμὼν, υἱοὶ Ἀσσαπφιὼθ, υἱοὶ Φαριρὰ, υἱοὶ Ἰειηλὶ, υἱοὶ Λοζὼν, υἱοὶ Ἰσδαὴλ, υἱοὶ Σαφυῒ,
30278	ΕΣΔΡΑΣ Α 5:34	Σαβιὴ	\vs{34}Υἱοὶ Ἁγιὰ, υἱοὶ Φακαρὲθ, υἱοὶ Σαβιὴ, υἱοὶ Σαρωθὶ, υἱοὶ Μισαίας, υἱοὶ Γὰς, υἱοὶ Ἀδδοὺς, υἱοὶ Σουβὰ, υἱοὶ Ἀφεῤῥὰ, υἱοὶ Βαρωδὶς, υἱοὶ Σαφὰγ, υἱοὶ Ἀλλώμ·
30278	ΕΣΔΡΑΣ Α 5:34	Σαρωθὶ	\vs{34}Υἱοὶ Ἁγιὰ, υἱοὶ Φακαρὲθ, υἱοὶ Σαβιὴ, υἱοὶ Σαρωθὶ, υἱοὶ Μισαίας, υἱοὶ Γὰς, υἱοὶ Ἀδδοὺς, υἱοὶ Σουβὰ, υἱοὶ Ἀφεῤῥὰ, υἱοὶ Βαρωδὶς, υἱοὶ Σαφὰγ, υἱοὶ Ἀλλώμ·
30278	ΕΣΔΡΑΣ Α 5:34	Μισαίας	\vs{34}Υἱοὶ Ἁγιὰ, υἱοὶ Φακαρὲθ, υἱοὶ Σαβιὴ, υἱοὶ Σαρωθὶ, υἱοὶ Μισαίας, υἱοὶ Γὰς, υἱοὶ Ἀδδοὺς, υἱοὶ Σουβὰ, υἱοὶ Ἀφεῤῥὰ, υἱοὶ Βαρωδὶς, υἱοὶ Σαφὰγ, υἱοὶ Ἀλλώμ·
30282	ΕΣΔΡΑΣ Α 5:36	Ἀλάρ	\vs{36}Οὗτοι ἀναβάντες ἀπὸ Θερμελὲθ, καὶ Θελερσὰς, ἡγούμενος αὐτῶν Χαρααθαλὰν, καὶ Ἀλάρ.
30283	ΕΣΔΡΑΣ Α 5:37	πεντη	\vs{37}Καὶ οὐκ ἠδύναντο ἀπαγγεῖλαι τὰς πατριὰς αὐτῶν καὶ γενεὰς, ὡς ἐκ τοῦ Ἰσραήλ εἰσιν· υἱοὶ Δαλὰν τοῦ υἱοῦ τοῦ Βαενὰν, υἱοὶ Νεκωδὰν, ἑξακόσιοι πεντη· κονταδύο.
30294	ΕΣΔΡΑΣ Α 5:44	ηὔξαντο	\vs{44}Καὶ ἐκ τῶν ἡγουμένων κατὰ τὰς πατριὰς ἐν τῷ παραγίνεσθαι αὐτούς εἰς τὸ ἱερὸν τοῦ Θεοῦ τὸ ἐν Ἱερουσαλὴμ, ηὔξαντο ἐγεῖραι τὸν οἶκον ἐπὶ τοὺ τοῦ τόπου αὐτοῦ κατὰ τὴν αὐτῶν δύναμιν,
30303	ΕΣΔΡΑΣ Α 5:51	ἐγάγοσαν	\vs{51}Καὶ ἐγάγοσαν τὴν τῆς σκηνοπηγίας ἑορτὴν, ὡς ἐπιτέτακται ἐν τῷ νόμῳ, καὶ θυσίας καθʼ ἡμέραν, ὡς προσῆκον ἦν·
30306	ΕΣΔΡΑΣ Α 5:53	ηὔξαντο	\vs{53}Καὶ ὅσοι ηὔξαντο εὐχὴν τῷ Θεῷ ἀπὸ τῆς νουμηνίας τοῦ ἑβδόμου μηνὸς, ἤρξαντο προσφέρειν θυσίας τῷ Θεῷ, καὶ ὁ ναὸς τοῦ Θεοῦ οὔπω ᾠκοδόμητο.
30327	ΕΣΔΡΑΣ Α 5:68	συνοικοδομήσωμεν	\vs{68}Καὶ προσελθόντες τῷ Ζοροβάβελ, καὶ Ἰησοῦ, καὶ τοῖς ἡγουμένοις τῶν πατριῶν, λέγουσιν αὐτοῖς, συνοικοδομήσωμεν ὑμῖν.
30402	ΕΣΔΡΑΣ Α 8:2	Ἀβισαῒ	\vs{2}τοῦ Σαδδούκου, τοῦ Ἀχιτὼβ, τοῦ Ἀμαρίου, τοῦ Ὀζίου, τοῦ Βοκκὰ, τοῦ Ἀβισαῒ, τοῦ Φινεὲς, τοῦ Ἐλεάζαρ, τοῦ Ἀαρὼν, τοῦ ἱερέως τοῦ πρώτου·
30444	ΕΣΔΡΑΣ Α 8:36	Σαλιμὼθ	\vs{36}Ἐκ τῶν υἱῶν Βανίας, Σαλιμὼθ Ἰωσαφίου, καὶ μετʼ αὐτοῦ ἄνδρες ἑξήκοντα καὶ ἑκατόν·
30448	ΕΣΔΡΑΣ Α 8:40	Βαγὼ	\vs{40}ἐκ τῶν υἱῶν Βαγὼ, Οὐθὶ ὁ τοῦ Ἱσταλκούρου, καὶ μετʼ αὐτοῦ ἄνδρες ἑβδομήκοντα.
30481	ΕΣΔΡΑΣ Α 8:66	ἐνενηκονταὲξ	\vs{66}κριοὺς ἐνενηκονταὲξ, ἄρνας ἑβδομηκονταδύο, τράγους ὑπὲρ σωτηρίου δώδεκα, ἅπαντα θυσίαν τῷ Κυρίῳ.
30539	ΕΣΔΡΑΣ Α 9:14	Θεωκανοῦ	\vs{14}Ἰωνάθας Ἀζαήλου, καὶ Ἐζεκίας Θεωκανοῦ ἐπεδέξαντο κατὰ ταῦτα· καὶ Μοσόλλαμος, καὶ Λευὶς, καὶ Σαββαταῖος συνεβράβευσαν αὐτοῖς.
30553	ΕΣΔΡΑΣ Α 9:25	Σαλοῦμος	\vs{25}Ἐκ τῶν θυρωρῶν, Σαλοῦμος, καὶ Τολβάνης.
30557	ΕΣΔΡΑΣ Α 9:28	Ζαμὼθ	\vs{28}Καὶ ἐκ τῶν υἱῶν Ζαμὼθ, Ἐλιαδὰς, Ἐλιάσιμος, Ὀθονίας, Ἰαριμὼθ, καὶ Σάβαθος, καὶ Ζεραλίας.
30560	ΕΣΔΡΑΣ Α 9:31	Μοοσίας	\vs{31}Καὶ ἐξ υἱῶν Ἀδδὶ, Νάαθος, καὶ Μοοσίας, Λακκοῦνος, καὶ Ναΐδος, Ματθανίας, καὶ Σεσθὴλ, καὶ Βαλνούος, καὶ Μανασσίας.
30563	ΕΣΔΡΑΣ Α 9:34	Ἐνάσιβος	\vs{34}Καὶ ἐκ τῶν υἱῶν Βαανὶ, Ἱερεμίας, Μομδίος, Ἰσμαῆρος, Ἰουὴλ, Μαβδαῒ, καὶ Πεδίας, καὶ Ἄνως, Ῥαβασίων, καὶ Ἐνάσιβος, καὶ Μαμνιτάναιμος, Ἐλίασις, Βαννοὺς, Ἐλιαλὶ, Σομεῒς, Σελεμίας, Ναθανίας· καὶ ἐκ τῶν υἱῶν Ἐζωρὰ, Σεσὶς, Ἐσρὶλ, Ἀζαῆλος, Σαματὸς, Ζαμβρὶ, Ἰώσηφος.
30563	ΕΣΔΡΑΣ Α 9:34	Σεσὶς	\vs{34}Καὶ ἐκ τῶν υἱῶν Βαανὶ, Ἱερεμίας, Μομδίος, Ἰσμαῆρος, Ἰουὴλ, Μαβδαῒ, καὶ Πεδίας, καὶ Ἄνως, Ῥαβασίων, καὶ Ἐνάσιβος, καὶ Μαμνιτάναιμος, Ἐλίασις, Βαννοὺς, Ἐλιαλὶ, Σομεῒς, Σελεμίας, Ναθανίας· καὶ ἐκ τῶν υἱῶν Ἐζωρὰ, Σεσὶς, Ἐσρὶλ, Ἀζαῆλος, Σαματὸς, Ζαμβρὶ, Ἰώσηφος.
30745	ΤΩΒΙΤ 6:12	ὑποστρέψομεν	\vs{12}Καὶ τὸ κοράσιον καλὸν καὶ φρόνιμόν ἐστι· καὶ νῦν ἄκουσόν μου, καὶ λαλήσω τῷ πατρὶ αὐτῆς, καὶ ὅταν ὑποστρέψομεν ἐκ Ῥαγῶν, ποιήσομεν τὸν γάμον· διότι ἐπίσταμαι Ῥαγουὴλ ὅτι οὐ μὴ δῷ αὐτὴν ἀνδρὶ ἑτέρῳ κατὰ τὸν νόμον Μωυσῇ, ἢ ὀφειλήσει θάνατον, ὅτι τὴν κληρονομίαν σοι καθήκει λαβεῖν, ἢ πάντα ἄνθρωπον.
30861	ΤΩΒΙΤ 12:3	ἀγήοχέ	\vs{3}ὅτι με ἀγήοχέ σοι ὑγιῆ, καὶ τὴν γυναῖκά μου ἐθεράπευσε, καὶ τὸ ἀργύριόν μου ἤνεγκε, καὶ σὲ ὁμοίως ἐθεράπευσε.
30946	ΙΟΥΔΙΘ 1:6	Εἰριὼχ	\vs{6}Καὶ συνήντησαν πρὸς αὐτὸν πάντες οἱ κατοικοῦντες τὴν ὀρεινὴν, καὶ πάντες οἱ κατοικοῦντες τὸν Εὐφράτην, καὶ τὸν Τίγριν, καὶ τὸν Ὑδάσπην, καὶ πεδίῳ Εἰριὼχ ὁ βασιλεὺς Ἐλυμαίων· καὶ συνῆλθον ἔθνη πολλὰ σφόδρα εἰς παράταξιν υἱῶν Χελεούλ.
30950	ΙΟΥΔΙΘ 1:9	Χελλοὺς	\vs{9}καὶ πάντας τοὺς ἐν Σαμαρείᾳ καὶ ταῖς πόλεσιν αὐτῆς, καὶ πέραν τοῦ Ἰορδάνου ἕως Ἱερουσαλὴμ, καὶ Βετὰνη, καὶ Χελλοὺς, καὶ Κάδης, καὶ τοῦ ποταμοῦ Αἰγύπτου, καὶ Ταφνὰς, καὶ Ῥαμεσσὴ,
30988	ΙΟΥΔΙΘ 2:21	Βαικτιλαὶθ	\vs{21}Καὶ ἀπῆλθον ἐκ Νινευὴ ὁδὸν τριῶν ἡμερῶν ἐπὶ πρόσωπον τοῦ πεδίου Βαικτιλαὶθ, καὶ ἐπεστρατοπέδευσεν ἀπὸ Βαικτιλαὶθ πλησίον τοῦ ὄρους τοῦ ἐπʼ ἀριστερᾷ τῆς ἄνω Κιλικίας.
30988	ΙΟΥΔΙΘ 2:21	Βαικτιλαὶθ	\vs{21}Καὶ ἀπῆλθον ἐκ Νινευὴ ὁδὸν τριῶν ἡμερῶν ἐπὶ πρόσωπον τοῦ πεδίου Βαικτιλαὶθ, καὶ ἐπεστρατοπέδευσεν ἀπὸ Βαικτιλαὶθ πλησίον τοῦ ὄρους τοῦ ἐπʼ ἀριστερᾷ τῆς ἄνω Κιλικίας.
30990	ΙΟΥΔΙΘ 2:23	Χελλαίων	\vs{23}Καὶ διέκοψε τὸ Φοὺδ καὶ Λοὺδ, καὶ ἐπρονόμευσαν πάντας υἱοὺς Ῥασσὶς, καὶ υἱοὺς Ἰσμαὴλ τοὺς κατὰ πρόσωπον τῆς ἐρήμου πρὸς Νότον τῆς Χελλαίων.
31020	ΙΟΥΔΙΘ 4:4	Βελμὲν	\vs{4}καὶ ἀπέστειλαν εἰς πᾶν ὅριον Σαμαρείας, καὶ Κωνὰς, καὶ Βαιθωρὼν, καὶ Βελμὲν, καὶ Ἱεριχὼ, καὶ εἰς Χωβὰ, καὶ Αἰσωρὰ, καὶ τὸν αὐλῶνα Σαλὴμ,
31023	ΙΟΥΔΙΘ 4:6	Βετομεσθαὶμ	\vs{6}Καὶ ἔγραψεν Ἰωακὶμ ὁ ἱερεὺς ὁ μέγας, ὃς ἦν ἐν ταῖς ἡμέραις ἐκείναις ἐν Ἱερουσαλὴμ, τοῖς κατοικοῦσι Βετυλούα, καὶ Βετομεσθαὶμ, ἥ ἐστιν ἀπέναντι Ἐσδρηλὼν, κατὰ πρόσωπον τοῦ πεδίου τοῦ πλησίον Δωθαῒμ,
31027	ΙΟΥΔΙΘ 4:9	ἐκτενίᾳ	\vs{9}Καὶ ἀνεβόησαν πᾶς ἀνὴρ Ἰσραὴλ πρὸς τὸν Θεὸν ἐν ἐκτενίᾳ μεγάλῃ, καὶ ἐταπεινοῦσαν τὰς ψυχὰς αὐτῶν ἐν ἐκτενίᾳ μεγάλῃ,
31027	ΙΟΥΔΙΘ 4:9	ἐκτενίᾳ	\vs{9}Καὶ ἀνεβόησαν πᾶς ἀνὴρ Ἰσραὴλ πρὸς τὸν Θεὸν ἐν ἐκτενίᾳ μεγάλῃ, καὶ ἐταπεινοῦσαν τὰς ψυχὰς αὐτῶν ἐν ἐκτενίᾳ μεγάλῃ,
31039	ΙΟΥΔΙΘ 5:1	ἀνηγγέλλη	Καὶ ἀνηγγέλλη Ὀλοφέρνῃ ἀρχιστρατήγῳ δυνάμεως Ἀσσοὺρ, διότι οἱ υἱοὶ Ἰσραὴλ παρεσκευάσαντο εἰς πόλεμον, καὶ τὰς διόδους τῆς ὀρεινῆς συνέκλεισαν, καὶ ἐτείχισαν πᾶσαν κορυφὴν ὄρους ὑψηλοῦ, καὶ ἔθηκαν ἐν τοῖς πεδίοις σκάνδαλα.
31096	ΙΟΥΔΙΘ 6:19	ὑπερηφανείας	\vs{19}κύριε ὁ Θεὸς τοῦ οὐρανοῦ, κάτιδε ἐπὶ τὰς ὑπερηφανείας αὐτῶν, καὶ ἐλέησον τὴν ταπείνωσιν τοῦ γένους ἡμῶν, καὶ ἐπίβλεψον ἐπὶ τὸ πρόσωπον τῶν ἡγιασμένων σοι ἐν τῇ ἡμέρᾳ ταύτῃ.
31127	ΙΟΥΔΙΘ 7:20	τριακοντατέσσαρας	\vs{20}Καὶ ἔμεινε κύκλῳ αὐτῶν πᾶσα παρεμβολὴ Ἀσσοὺρ, οἱ πεζοὶ καὶ τὰ ἅρματα καὶ οἱ ἱππεῖς αὐτῶν, ἡμέρας τριακοντατέσσαρας· καὶ ἐξέλιπε πάντας τοὺς κατοικοῦντας Βετυλούα πάντα τὰ ἀγγεῖα αὐτῶν τῶν ὑδάτων.
31243	ΙΟΥΔΙΘ 10:21	κωνωπείῳ	\vs{21}Καὶ ἦν Ὀλοφέρνης ἀναπαυόμενος ἐπὶ τῆς κλίνης αὐτοῦ ἐν τῷ κωνωπείῳ, ὃ ἦν ἐκ πορφύρας καὶ χρυσίου καὶ σμαράγδου καὶ λίθων πολυτελῶν καθυφασμένων.
31284	ΙΟΥΔΙΘ 12:4	δαπανήσι	\vs{4}Καὶ εἶπεν Ἰουδὶθ πρὸς αὐτὸν, ζῇ ἡ ψυχη σου, κύριέ μου, ὅτι οὐ δαπανήσι ἡ δούλη σου τὰ ὄντα μετʼ ἐμοῦ, ἕως ἂν ποιήσῃ Κὺριος ἐν χειρί μου ἃ ἐβουλεύσατο.
31323	ΙΟΥΔΙΘ 13:9	κωνωπεῖον	\vs{9}καὶ ἀπεκύλισε τὸ σῶμα αὐτοῦ ἀπὸ τῆς στρωμνῆς, καὶ ἀφεῖλε τὸ κωνωπεῖον ἀπὸ τῶν στύλων· καὶ μετʼ ὀλίγον ἐξῆλθε, καὶ παρέδωκε τῇ ἅβρᾳ αὐτῆς τὴν κεφαλὴν Ὀλοφέρνου.
31332	ΙΟΥΔΙΘ 13:15	κωνωπεῖον	\vs{15}Καὶ προελοῦσα τὴν κεφαλὴν ἐκ τῆς πήρας, ἔδειξε, καὶ εἶπεν αὐτοῖς, ἰδοὺ ἡ κεφαλὴ Ὀλοφέρνου ἀρχιστρατήγου δυνάμεως Ἀσσοὺρ, καὶ ἰδοὺ τὸ κωνωπεῖον ἐν ᾧ κατέκειτο ἐν ταῖς μέθαις αὐτοῦ, καὶ ἐπάταξεν αὐτὸν ὁ Κύριος ἐν χειρὶ θηλείας.
31419	ΙΟΥΔΙΘ 16:19	κωνωπεῖον	\vs{19}Καὶ ἀνέθηκεν Ἰουδὶθ πάντα τὰ σκεύη Ὀλοφέρνου ὅσα ἔδωκεν ὁ λαὸς αὐτῇ, καὶ τὸ κωνωπεῖον ὃ ἔλαβεν αὕτς ἐκ τοῦ κοιτῶνος αὐτοῦ, εἰς ἀνάθημα τῷ Θεῷ ἔδωκε.
31459	ΣΟΦΙΑ ΣΑΛΩΜΩΝ 2:2	ἐγεννήθημεν	\vs{2}Ὅτι αὐτοσχεδίως ἐγεννήθημεν, καὶ μετὰ τοῦτο ἐσόμεθα ὡς οὐχ ὑπάρξαντες, ὅτι καπνὸς ἡ πνοὴ ἐν ῥισὶν ἡμῶν, καὶ ὁ λόγος σπινθὴρ ἐν κινήσει καρδίας ἡμῶν,
31577	ΣΟΦΙΑ ΣΑΛΩΜΩΝ 6:2	γεγαυρομένοι	\vs{2}Ἐνωτίσασθε οἱ κρατοῦντες πλήθους, καὶ γεγαυρομένοι ἐπὶ ὄχλοις ἐθνῶν.
31653	ΣΟΦΙΑ ΣΑΛΩΜΩΝ 8:6	τεχνίτης	\vs{6}Εἰ δὲ φρόνησις ἐργάζεται, τίς αὐτῆς τῶν ὄντων μᾶλλόν ἐστι τεχνίτης;
31732	ΣΟΦΙΑ ΣΑΛΩΜΩΝ 11:6	ἀεννάου	\vs{6}Ἀντὶ μὲν πηγῆς ἀεννάου ποταμοῦ αἵματι λυθρώδει ταραχθέντες
31767	ΣΟΦΙΑ ΣΑΛΩΜΩΝ 12:8	καταβραχὺ	\vs{8}Ἀλλὰ καὶ τούτων ὡς ἀνθρώπων ἐφείσω, ἀπέστειλάς τε προδρόμους τοῦ στρατοπέδου σου σφῆκας, ἵνα αὐτοὺς καταβραχὺ ἐξολοθρεύσωσιν.
31769	ΣΟΦΙΑ ΣΑΛΩΜΩΝ 12:10	καταβραχὺ	\vs{10}κρίνων δὲ καταβραχὺ ἐδίδους τόπον μετανοίας, οὐκ ἀγνοῶν, ὅτι πονηρὰ ἡ γένεσις αὐτῶν, καὶ ἔμφυτος ἡ κακία αὐτῶν, καὶ ὅτι οὐ μὴ ἀλλαγῇ ὁ λογισμὸς αὐτῶν εἰς τὸν αἰῶνα·
31783	ΣΟΦΙΑ ΣΑΛΩΜΩΝ 12:22	προσδοκῶμει	\vs{22}Ἡμᾶς οὖν παιδεύων, τοὺς ἐχθροὺς ἡμῶν ἐν μυριότητι μαστιγοῖς, ἵνα σου τὴν ἀγαθότητα μεριμνῶμεν κρίνοντες, κρινόμενοι δὲ προσδοκῶμει ἔλεος.
31792	ΣΟΦΙΑ ΣΑΛΩΜΩΝ 13:1	ὁρομένων	Μάταιοι μὲν γὰρ πάντες ἄνθρωποι φύσει, οἷς παρῆν Θεοῦ ἀγνωσία, καὶ ἐκ τῶν ὁρομένων ἀγαθῶν οὐκ ἴσχυσαν εἰδέναι τὸν ὄντα, οὔτε τοῖς ἔργοις προσχόντες ἐπέγνωσαν τὸν τεχνίτην.
31817	ΣΟΦΙΑ ΣΑΛΩΜΩΝ 14:2	τεχνίτης	\vs{2}Ἐκεῖνο μὲν γὰρ ὄρεξις πορισμῶν ἐπενόησε, τεχνίτης δὲ σοφίᾳ κατεσκεύασεν·
31825	ΣΟΦΙΑ ΣΑΛΩΜΩΝ 14:8	εἰργάζετο	\vs{8}Τὸ χειροποίητον δέ ἐπικατάρατον αὐτὸ, καὶ ὁ ποιήσας αὐτὸ, ὅτι ὁ μὲν εἰργάζετο, τὸ δὲ φθαρτὸν θεὸς ὠνομάσθη.
31863	ΣΟΦΙΑ ΣΑΛΩΜΩΝ 15:8	γεννηθεὶς	\vs{8}Καὶ κακόμοχθος θεὸν μάταιον ἐκ τοῦ αὐτοῦ πλάσσει πηλοῦ, ὃς πρὸ μικροῦ ἐκ γῆς γεννηθεὶς μετʼ ὀλίγον πορεύεται ἐξ ἧς ἐλήφθη, τὸ τῆς ψυχῆς ἀπαιτηθεὶς χρέος.
31868	ΣΟΦΙΑ ΣΑΛΩΜΩΝ 15:12	πανεγυρισμὸν	\vs{12}Ἀλλʼ ἐλογίσαντο παίγνιον εἶναι τὴν ζωὴν ἡμῶν, καὶ τὸν βίον πανεγυρισμὸν ἐπικερδῆ· δεῖν γάρ φησιν ὅθεν δὴ κᾂν ἐκ κακοῦ πορίζειν.
31879	ΣΟΦΙΑ ΣΑΛΩΜΩΝ 16:1	κνωδάλον	Διὰ τοῦτο διʼ ὁμοίων ἐκολάσθησαν ἀξίως, καὶ διὰ πλήθους κνωδάλον ἐβασανίσθησαν.
31935	ΣΟΦΙΑ ΣΑΛΩΜΩΝ 17:16	δήποτ	\vs{16}Εἶθʼ οὕτως, ὃς δήποτʼ οὖν ἦν ἐκεῖ καταπίπτων, ἐφρουρεῖτο εἰς τὴν ἀσίδηρον εἱρκτὴν κατακλεισθείς.
31960	ΣΟΦΙΑ ΣΑΛΩΜΩΝ 18:13	φαρμακίας	\vs{13}Πάντα γὰρ ἀπιστοῦντες διὰ τὰς φαρμακίας, ἐπὶ τῷ τῶν πρωτοτόκων ὀλέθρῳ, ὡμολόγησαν Θεοῦ υἱὸν λαὸν εἶναι.
31980	ΣΟΦΙΑ ΣΑΛΩΜΩΝ 19:4	προαναπληρώσωσιν	\vs{4}Εἷλκε γὰρ αὐτοὺς ἡ ἀξία ἐπὶ τοῦτο τὸ πέρας ἀνάγκη, καὶ τῶν συμβεβηκότων ἀμνηστίαν ἐνέβαλεν, ἵνα τὴν λείπουσαν ταῖς βασάνοις προαναπληρώσωσιν κόλασιν·
31985	ΣΟΦΙΑ ΣΑΛΩΜΩΝ 19:8	πανεθνὶ	\vs{8}διʼ οὗ πανεθνὶ διῆλθον οἱ τῇ σῇ σκεπαζόμενοι χειρί, θεωρήσαντες θαυμαστὰ τέρατα.
32364	ΣΟΦΙΑ ΣΕΙΡΑΧ 11:19	φάγωμαι	\vs{19}Ἐν τῷ εἰπεῖν αὐτὸν, εὗρον ἀνάπαυσιν, καὶ νῦν φάγωμαι ἐκ τῶν ἀγαθῶν μου, καὶ οὐκ οἶδε τίς καιρὸς παρελεύσεται, καὶ καταλείψει αὐτὰ ἑτέροις, καὶ ἀποθανεῖται.
32374	ΣΟΦΙΑ ΣΕΙΡΑΧ 11:28	αὐτῶυ	\vs{28}Πρὸ τελευτῆς μὴ μακάριζε μηδένα, καὶ ἐν τέκνοις αὐτῶυ γνωσθήσεται ἀνήρ.
32385	ΣΟΦΙΑ ΣΕΙΡΑΧ 12:2	Εὐποίησον	\vs{2}Εὐποίησον εὐσεβεῖ, καὶ εὑρήσεις ἀνταπόδομα, καὶ εἰ μὴ παρʼ αὐτοῦ, ἀλλὰ παρὰ ὑψίστου.
32388	ΣΟΦΙΑ ΣΕΙΡΑΧ 12:5	Εὐποίησον	\vs{5}Εὐποίησον τῷ ταπεινῷ, καὶ μὴ δῷς ἀσεβεῖ· ἐμπόδισον τοὺς ἄρτους αὐτοῦ, καὶ μὴ δῷς αὐτῷ ἵνα μὴ ἐν αὐτοῖς σε δυναστεύσῃ· διπλάσια γὰρ κακὰ εὑρήσεις ἐν πᾶσιν ἀγαθοῖς οἷς ἂν ποιήσῃς αὐτῷ.
32418	ΣΟΦΙΑ ΣΕΙΡΑΧ 13:11	εἰσηγορεῖσθαι	\vs{11}Μὴ ἔπεχε εἰσηγορεῖσθαι μετʼ αὐτοῦ, καὶ μὴ πίστευε τοῖς πλείοσι λόγοις αὐτοῦ· ἐκ πολλῆς γὰρ λαλιᾶς πειράσει σε, καὶ ὡς προσγελῶν ἐξετάσει.
32445	ΣΟΦΙΑ ΣΕΙΡΑΧ 14:7	εὐποιῇ	\vs{7}κᾂν εὐποιῇ, ἐν λήθῃ ποιεῖ, καὶ ἐπʼ ἐσχάτων ἐκφαίνει τὴν κακίαν αὐτοῦ.
32450	ΣΟΦΙΑ ΣΕΙΡΑΧ 14:11	εὐποίει	\vs{11}Τέκνον, καθὼς ἐὰν ἔχεις εὐποίει σεαυτόν, καὶ προσφορὰς Κυρίῳ ἀξίως πρόσαγε.
32452	ΣΟΦΙΑ ΣΕΙΡΑΧ 14:13	εὐποίει	\vs{13}Πρίν σε τελευτῆσαι εὐποίει φίλῳ, καὶ κατὰ τὴν ἰσχύν σου ἔκτεινον καὶ δὸς αὐτῷ.
32631	ΣΟΦΙΑ ΣΕΙΡΑΧ 19:27	Συγκύφων	\vs{27}Συγκύφων πρόσωπον καὶ ἑτεροκωφῶν, ὅπου οὐκ ἐπεγνώσθη, προφθάσει σε.
32671	ΣΟΦΙΑ ΣΕΙΡΑΧ 20:28	θημωνίαν	\vs{28}Ὁ ἐργαζόμενος γῆν ἀνυψώσει θημωνίαν αὐτοῦ, καὶ ὁ ἀρέσκων μεγιστᾶσιν ἐξιλάσεται ἀδικίαν.
32732	ΣΟΦΙΑ ΣΕΙΡΑΧ 22:21	ἀπελπίσῃς	\vs{21}Ἐπὶ φίλον ἐὰν σπάσῃς ῥομφαίαν, μὴ ἀπελπίσῃς, ἔστι γὰρ ἐπάνοδος.
32819	ΣΟΦΙΑ ΣΕΙΡΑΧ 25:1	συπεριφερόμενοι	Ἐν τρισὶν ὡραΐσθην, καὶ ἀνέστην ὡραία ἔναντι Κυρίου καὶ ἀνθρώπων· ὁμόνοια ἀδελφῶν, καὶ φιλία τῶν πλησίον, καὶ γυνὴ καὶ ἀνὴρ ἑαυτοῖς συπεριφερόμενοι.
32823	ΣΟΦΙΑ ΣΕΙΡΑΧ 25:3	συναγήοχας	\vs{3}Ἐν νεότητι οὐ συναγήοχας, καὶ πῶς ἂν εὕροις ἐν τῷ γήρᾳ σου;
32849	ΣΟΦΙΑ ΣΕΙΡΑΧ 25:25	πωνηρᾷ	\vs{25}Μὴ δῷς ὕδατι διέξοδον, μηδὲ γυναικὶ πωνηρᾷ ἐξουσίαν.
32900	ΣΟΦΙΑ ΣΕΙΡΑΧ 27:21	ἀπήλπισε	\vs{21}Ὅτι θραῦσμά ἐστι καταδῆσαι, καὶ λοιδορίας ἐστὶ διαλλαγή· ὁ δὲ ἀποκαλύψας μυστήρια ἀπήλπισε.
32922	ΣΟΦΙΑ ΣΕΙΡΑΧ 28:9	ἐμβάλλει	\vs{9}Καὶ ἀνὴρ ἁμαρτωλὸς ταράξει φίλους, καὶ ἀναμέσον εἰρηνευόντων ἐμβάλλει διαβολήν.
33077	ΣΟΦΙΑ ΣΕΙΡΑΧ 32:10	καθεύρεμα	\vs{10}Δὸς ὑψίστῳ κατὰ τὴν δόσιν αὐτοῦ, καὶ ἐν ἀγαθῷ ὀφθαλμῷ καθεύρεμα χειρός.
33448	ΣΟΦΙΑ ΣΕΙΡΑΧ 43:12	ἐτάννυσαν	\vs{12}Ἐγύρωσεν οὐρανὸν ἐν κυκλώσει δόξης, χεῖρες ὑψίστου ἐτάννυσαν αὐτό.
33521	ΣΟΦΙΑ ΣΕΙΡΑΧ 45:14	καθημέραν	\vs{14}Θυσίαι αὐτοῦ ὁλοκαρπωθήσονται καθημέραν ἐνδελεχῶς δίς.
33691	ΣΟΦΙΑ ΣΕΙΡΑΧ 51:3	ἑτοίμων	\vs{3}καὶ ἐλυτρώσω με, κατὰ τὸ πλῆθος ἐλέους καὶ ὀνόματός σου, ἐκ βρυγμῶν ἑτοίμων εἰς βρῶμα, ἐκ χειρὸς ζητούντων τὴν ψυχήν μου, ἐκ πλειόνων θλίψεων ὧν ἔσχον,
33921	ΒΑΡΟΥΧ 5:7	ἀεννάους	\vs{7}Συνέταξε γὰρ ὁ Θεὸς ταπεινοῦσθαι πᾶν ὄρος ὑψηλὸν, καὶ θῖνας ἀεννάους, καὶ φάραγγας πληροῦσθαι εἰς ὁμαλισμὸν τῆς γῆς, ἵνα βαδίσῃ Ἰσραὴλ ἀσφαλῶς τῇ τοῦ Θεοῦ δόξῃ.
34142	ΒΗΛ ΚΑΙ ΔΡΑΚΩΝ 1:14	κατέσεισαν	\vs{14}Καὶ ἐγένετο ὡς ἐξήλθοσαν ἐκεῖνοι, καὶ ὁ βασιλεὺς παρέθηκε τὰ βρώματα τῷ Βήλ· καὶ ἐπέταξε Δανιὴλ τοῖς παιδαρίοις αὐτοῦ, καὶ ἤνεγκαν τέφραν· καὶ κατέσεισαν ὅλον τὸν ναὸν ἐνώπιον τοῦ βασιλέως μόνου· καὶ ἐξελθόντες ἔκλεισαν τὴν θύραν, καὶ ἐσφραγίσαντο ἐν τῷ δακτυλίῳ τοῦ βασιλέως, καὶ ἀπῆλθον.
34187	ΜΑΚΚΑΒΑΙΩΝ Α 1:1	Χεττειεὶμ	\lettrine[lines=2, loversize=0.2, nindent=0em, findent=.25em]{\textcolor{bookheadingcolor}{Κ}}{ΑΙ} ἐγένετο μετὰ τὸ πατάξαι Ἀλέξανδρον τὸν Φιλίππου τὸν Μακεδόνα, ὃς ἐξῆλθεν ἐκ τῆς γῆς Χεττειεὶμ, καὶ ἐπάταξε τὸν Δαρεῖον βασιλέα Περσῶν καὶ Μήδων, καὶ ἐβασίλευσεν ἀντʼ αὐτοῦ πρότερος ἐπὶ τὴν Ἑλλάδα.
34217	ΜΑΚΚΑΒΑΙΩΝ Α 1:24	ὑπερηφανείαν	\vs{24}Καὶ λαβὼν πάντα ἀπῆλθεν εἰς τὴν γῆν αὐτοῦ· καὶ ἐποίησε φονοκτονίαν, καὶ ἐλάλησεν ὑπερηφανείαν μεγάλην.
34245	ΜΑΚΚΑΒΑΙΩΝ Α 1:47	εἰδωλεῖα	\vs{47}οἰκοδομῆσαι βωμοὺς, καὶ τεμένη, καὶ εἰδωλεῖα, καὶ θύειν ὕεια, καὶ κτήνη κοινὰ,
34281	ΜΑΚΚΑΒΑΙΩΝ Α 2:11	ἐλευθήρας	\vs{11}Πᾶς ὁ κόσμος αὐτῆς ἀφῃρέθη, ἀντὶ ἐλευθήρας ἐγένετο εἰς δούλην.
34398	ΜΑΚΚΑΒΑΙΩΝ Α 3:30	δαψιλεῖ	\vs{30}Καὶ εὐλαβήθη μὴ οὐκ ἔχῃ ὡς ἅπαξ καὶ δὶς εἰς τὰς δαπάνας καὶ τὰ δόματα ἃ ἐδίδου ἔμπροσθεν δαψιλεῖ χειρὶ, καὶ ἐπερίσσευσεν ὑπέρ τοὺς βασιλεῖς τοὺς ἔμπροσθεν.
34474	ΜΑΚΚΑΒΑΙΩΝ Α 4:27	γεγόνει	\vs{27}Ὁ δὲ ἀκούσας συνεχύθη καὶ ἠθύμει, ὅτι οὐχ οἷα ἤθελε, τοιαῦτα γεγόνει τῷ Ἰσραὴλ, καὶ οὐχ οἷα ἐνετείλατο αὐτῷ ὁ βασιλεὺς, τοιαῦτα ἐξέβη.
34484	ΜΑΚΚΑΒΑΙΩΝ Α 4:34	συνέβαλον	\vs{34}Καὶ συνέβαλον ἀλλήλοις, καὶ ἔπεσον ἐκ τῆς παρεμβολῆς Λυσίου εἰς πεντακισχιλίους ἄνδρας, καὶ ἔπεσον ἐξ ἐναντίας αὐτῶν.
34508	ΜΑΚΚΑΒΑΙΩΝ Α 4:52	ἐννάτου	\vs{52}Καὶ ὤρθρισαν τοπρωῒ τῇ πέμπτῃ καὶ εἰκάδι τοῦ μηνὸς τοῦ ἐννάτου· οὗτος ὁ μὴν Χασελεῦ τοῦ ὀγδόου καὶ τεσσαρακοστοῦ καὶ ἑκατοστοῦ ἔτους.
34632	ΜΑΚΚΑΒΑΙΩΝ Α 6:16	ἐννάτου	\vs{16}Καὶ ἀπέθανεν ἐκεῖ Ἀντίοχος ὁ βασιλεὺς ἔτους ἐννάτου καὶ τεσσαρακοστοῦ καὶ ἑκατοστοῦ.
34836	ΜΑΚΚΑΒΑΙΩΝ Α 9:26	ἐξεδίκει	\vs{26}Καὶ ἐξεζήτουν καὶ ἐξηρεύνων τοὺς φίλους Ἰούδα, καὶ ἦγον αὐτοὺς πρὸς Βακχίδην· καὶ ἐξεδίκει ἐν αὐτοῖς, καὶ ἐνέπαιζεν αὐτοῖς.
34933	ΜΑΚΚΑΒΑΙΩΝ Α 10:30	Σαμαρείτιδος	\vs{30}καὶ ἀντὶ τοῦ τρίτου τῆς σπορᾶς, καὶ ἀντὶ τοῦ ἡμίσους τοῦ καρποῦ τοῦ ξυλίνου τοῦ ἐπιβάλλοντός μοι λαβεῖν ἀφίημι ἀπὸ τῆς σήμερον καὶ ἐπέκεινα τοῦ λαβεῖν ἀπὸ τῆς γῆς Ἰούδα, καὶ ἀπὸ τῶν τριῶν νομῶν τῶν προστιθεμένων αὐτῇ ἀπὸ τῆς Σαμαρείτιδος καὶ Γαλιλαίας, καὶ ἀπὸ τῆς σήμερον ἡμέρας καὶ εἰς τὸν αἰῶνα χρόνον.
35007	ΜΑΚΚΑΒΑΙΩΝ Α 10:83	εἰδωλεῖον	\vs{83}Καὶ ἡ ἵππος ἐσκορπίσθη ἐν τῷ πεδίῳ, καὶ ἔφυγον εἰς Ἄζωτον, καὶ εἰσῆλθον εἰς Βηθδαγὼν τὸ εἰδωλεῖον αὐτῶν, τοῦ σωθῆναι
35023	ΜΑΚΚΑΒΑΙΩΝ Α 11:5	ψογῆσαι	\vs{5}Καὶ διηγήσαντο τῷ βασιλεῖ ἃ ἐποίησεν Ἰωνάθαν, εἰς τὸ ψογῆσαι αὐτόν· καὶ ἐσίγησεν ὁ βασιλεύς.
35031	ΜΑΚΚΑΒΑΙΩΝ Α 11:11	ἐψόγησεν	\vs{11}Καὶ ἐψόγησεν αὐτὸν χάριν τοῦ ἐπιθυμῆσαι αὐτὸν τῆς βασιλείας αὐτοῦ·
35056	ΜΑΚΚΑΒΑΙΩΝ Α 11:28	Σαμαρεῖτιν	\vs{28}Καὶ ἠξίωσεν Ἰωνάθαν τὸν βασιλέα ποιῆσαι τὴν Ἰουδαίαν ἀφορολόγητον, καὶ τὰς τρεῖς τοπαρχίας, καὶ τὴν Σαμαρεῖτιν, καὶ ἐπηγγείλατο αὐτῷ τάλαντα τριακόσια.
35064	ΜΑΚΚΑΒΑΙΩΝ Α 11:34	Σαμαρείτιδος	\vs{34}Ἑστάκαμεν οὖν αὐτοῖς τὰ τε ὅρια τῆς Ἰουδαίας, καὶ τοὺς τρεῖς νομοὺς, Ἀφαίρεμα, καὶ Λύδδαν, καὶ Ῥαμαθὲμ, αἵτινες προσετέθησαν τῇ Ἰουδαίᾳ ἀπὸ τῆς Σαμαρείτιδος, καὶ πάντα τὰ συγκυροῦντα αὐτοῖς πᾶσι τοῖς θυσιάζουσιν εἰς Ἱεροσόλυμα, ἀντὶ τῶν βασιλικῶν ὧν ἐλάμβανεν ὁ βασιλεὺς παρʼ αὐτῶν τοπρότερον κατʼ ἐνιαυτὸν ἀπὸ τῶν γεννημάτων τῆς γῆς, καὶ ἀπὸ τῶν ἀκροδρύων.
35169	ΜΑΚΚΑΒΑΙΩΝ Α 12:33	πλησίων	\vs{33}Καὶ Σίμων ἐξῆλθε, καὶ διώδευσεν ἕως Ἀσκάλωνος, καὶ τῶν πλησίων ὀχυρωμάτων, καὶ ἐξέκλινεν εἰς Ἰόππην, καὶ προκατελάβετο αὐτήν.
35316	ΜΑΚΚΑΒΑΙΩΝ Α 14:32	ὡπλοδότησε	\vs{32}τότε ἀνέστη Σίμων, καὶ ἐπολέμησε περὶ τοῦ ἔθνους αὐτοῦ, καὶ ἐδαπάνησε χρήματα πολλὰ τῶν ἑαυτοῦ, καὶ ὡπλοδότησε τοὺς ἄνδρας τῆς δυνάμεως τοῦ ἔθνους αὐτοῦ, καὶ ἔδωκεν αὐτοῖς ὀψώνια,
35331	ΜΑΚΚΑΒΑΙΩΝ Α 14:43	περιβάληται	\vs{43}καὶ ὅπως μέλοι αὐτῷ περὶ τῶν ἁγίων, καὶ ὅπως ἀκούηται ὑπὸ πάντων, καὶ ὅπως γράφωνται ἐπὶ τῷ ὀνόματι αὐτοῦ πᾶσαι συγγραφαὶ ἐν τῇ χώρᾳ, καὶ ὅπως περιβάληται πορφύραν, καὶ χρυσοφορῇ.
35491	ΜΑΚΚΑΒΑΙΩΝ Β 1:36	Νεφθαεί	\vs{36}Προσηγόρευσαν δὲ οἱ περὶ τὸν Νεεμίαν τοῦτο Νέφθαρ, ὃ διερμηνεύεται Καθαρισμός· καλεῖται δὲ παρὰ τοῖς πολλοῖς Νεφθαεί.
35510	ΜΑΚΚΑΒΑΙΩΝ Β 2:13	ἀναθημάτων	\vs{13}Ἐξηγοῦντο δὲ καὶ ἐν ταῖς ἀναγραφαῖς, καὶ ἐν τοῖς ὑπομνηματισμοῖς τοῖς κατὰ τὸν Νεεμίαν τὰ αὐτά, καὶ ὡς καταβαλλόμενος βιβλιοθήκην, ἐπισυνήγαγε τὰ περὶ τῶν βασιλέων καὶ προφητῶν, καὶ τὰ τοῦ Δαυεὶδ, καὶ ἐπιστολὰς βασιλέων περὶ ἀναθημάτων.
35531	ΜΑΚΚΑΒΑΙΩΝ Β 2:30	καταμέρος	\vs{30}Τὸ μὲν ἐμβατεύειν, καὶ περί πάντων ποιεῖσθαι λόγον καὶ πολυπραγμονεῖν ἐν τοῖς καταμέρος, τῷ τῆς ἱστορίας ἀρχηγέτῃ καθήκει·
35553	ΜΑΚΚΑΒΑΙΩΝ Β 3:13	ἀναληπτέα	\vs{13}Ὁ δὲ Ἡλιόδωρος διʼ ἃς εἶχε βασιλικὰς ἐντολὰς, πάντως ἔλεγεν εἰς τὸ βασιλικὸν ἀναληπτέα ταῦτα εἶναι.
35572	ΜΑΚΚΑΒΑΙΩΝ Β 3:26	προεφάνησαν	\vs{26}Ἕτεροι δὲ δύο προεφάνησαν αὐτῷ νεανίαι, τῇ ῥώμῃ μὲν ἐκπρεπεῖς, κάλλιστοι δὲ τῇ δόξῃ, διαπρεπεῖς δὲ τὴν περιβολήν· οἳ καὶ παρασταντες ἐξ ἑκατέρου μέρους, ἐμαστίγουν αὐτὸν ἀδιαλείπτως, πολλὰς ἐπιῤῥιπτοῦντες αὐτῷ πληγάς.
35583	ΜΑΚΚΑΒΑΙΩΝ Β 3:34	διάγγελε	\vs{34}Σὺ δὲ ὑπʼ αὐτοῦ μεμαστιγωμένος διάγγελε πᾶσι τὸ μεγαλεῖον τοῦ Θεοῦ κράτος· ταῦτα δὲ εἰπόντες ἀφανεῖς ἐγένοντο.
35612	ΜΑΚΚΑΒΑΙΩΝ Β 4:14	πρόκλησιν	\vs{14}ὥστε μηκέτι περὶ τὰς τοῦ θυσιαστηρίου λειτουργίας προθύμους εἶναι τοὺς ἱερεῖς, ἀλλὰ τοῦ μὲν ναοῦ καταφρονοῦντες, καὶ τῶν θυσιῶν ἀμελοῦντες ἔσπευδον μετέχειν τῆς ἐν παλαίστρᾳ παρανόμου χορηγίας, μετὰ τὴν τοῦ δίσκου πρόκλησιν.
35620	ΜΑΚΚΑΒΑΙΩΝ Β 4:20	τριήρων	\vs{20}Ἔπεμψεν οὖν ταῦτα, διὰ μὲν τὸν ἀποστείλαντα εἰς τὴν τοῦ Ἡρακλέους θυσίαν, ἕνεκεν δὲ τῶν παρακομιζόντων, εἰς τὰς τῶν τριήρων κατασκευάς.
35651	ΜΑΚΚΑΒΑΙΩΝ Β 4:41	Συνιδότες	\vs{41}Συνιδότες δὲ καὶ τὴν ἐπίθεσιν τοῦ Λυσιμάχου, συναρπάσαντες οἱ μὲν πέτρους, οἱ δὲ ξύλων πάχη, τινὲς δὲ ἐκ τῆς παρακειμένης σποδοῦ δρασσόμενοι, φύρδην ἐνετίνασσον εἰς τοὺς περὶ τὸν Λυσίμαχον.
35688	ΜΑΚΚΑΒΑΙΩΝ Β 5:18	προενέχεσθαι	\vs{18}Εἰ δὲ μὴ συνέβαινε προενέχεσθαι πολλοῖς ἁμαρτήμασι, καθάπερ ὁ Ἡλιόδωρος ὁ πεμφθεὶς ὑπὸ Σελεύκου τοῦ βασιλέως ἐπὶ τὴν ἐπίσκεψιν τοῦ γαζοφυλακίου, οὗτος προαχθεὶς παραχρῆμα μαστιγωθεὶς ἀνετράπη τοῦ θράσους.
35738	ΜΑΚΚΑΒΑΙΩΝ Β 6:24	ἐννενηκονταετῆ	\vs{24}Οὐ γὰρ τῆς ἡμετέρας ἡλικίας ἄξιόν ἐστιν ὑποκριθῆναι, ἵνα πολλοὶ τῶν νέων ὑπολαβόντες Ἐλεάζαρον τὸν ἐννενηκονταετῆ μεταβεβηκέναι εἰς ἀλλοφυλισμόν,
35739	ΜΑΚΚΑΒΑΙΩΝ Β 6:25	κατακτήσομαι	\vs{25}καὶ αὐτοὶ διὰ τὴν ἐμὴν ὑπόκρισιν, καὶ διὰ τὸ μικρὸν καὶ ἀκαριαῖον ζῇν πλανηθῶσι διʼ ἐμέ, καὶ μῦσος καὶ κηλίδα τοῦ γήρως κατακτήσομαι.
35755	ΜΑΚΚΑΒΑΙΩΝ Β 7:4	μετρὸς	\vs{4}Τῶν δὲ ἐκπυρωθέντων, παραχρῆμα τὸν γενόμενον αὐτῶν προήγορον προσέταξε γλωσσοτομεῖν, καὶ περισκυθίσαντας ἀκρωτηριάζειν, τῶν λοιπῶν ἀδελφῶν, καὶ τῆς μετρὸς, συνορώντων.
35770	ΜΑΚΚΑΒΑΙΩΝ Β 7:14	γεννόμενος	\vs{14}Καὶ γεννόμενος πρὸς τὸ τελευτᾷν, οὕτως ἔφη, αἱρετὸν μεταλλάσσοντας ὑπʼ ἀνθρώπων τὰς ὑπὸ τοῦ Θεοῦ προσδοκᾷν ἐλπίδας, πάλιν ἀναστήσεσθαι ὑπʼ αὐτοῦ· σοὶ μὲν γὰρ ἀνάστασις εἰς ζωὴν οὐκ ἔσται.
35793	ΜΑΚΚΑΒΑΙΩΝ Β 7:30	καταλεγούσης	\vs{30}Ἔτι δὲ ταύτης καταλεγούσης ὁ νεανίας εἶπε, τίνα μένετε; οὐχ ὑπακούω τοῦ προστάγματος τοῦ βασιλέως· τοῦ δὲ προστάγματος ἀκούω τοῦ νόμου τοῦ δοθέντος τοῖς πατράσιν ἡμῶν διὰ Μωυσέως.
35801	ΜΑΚΚΑΒΑΙΩΝ Β 7:36	ἀεννάου	\vs{36}Οἱ μὲν γὰρ νῦν ἡμέτεροι ἀδελφοὶ βραχὺν ὑπενέγκαντες πόνον, ἀεννάου ζωῆς ὑπὸ διαθήκην Θεοῦ πεπτώκασι· σὺ δὲ τῇ τοῦ Θεοῦ κρίσει δίκαια τὰ πρόστιμα τῆς ὑπετηφανίας ἀποίσῃ.
35836	ΜΑΚΚΑΒΑΙΩΝ Β 8:16	πολυπληθίαν	\vs{16}Συναγαγὼν δὲ ὁ Μακκαβαῖος τοὺς περὶ αὐτὸν ὄντας τὸν ἀριθμὸν ἑξακισχιλίους, παρεκάλει μὴ καταπλαγῆναι τοὺς πολεμίους, μηδὲ εὐλαβεῖσθαι τὴν τῶν ἀδίκως παραγινομένων ἐπʼ αὐτοὺς ἐθνῶν πολυπληθίαν, ἀγωνίσασθαι δὲ γενναίως,
35928	ΜΑΚΚΑΒΑΙΩΝ Β 10:13	παρέκαστα	\vs{13}Ὅθεν κατηγορούμενος ὑπὸ τῶν φίλων πρὸς τὸν Εὐπάτορα, καὶ προδότης παρέκαστα ἀκούων, διὰ τὸ τὴν Κύπρον ἐμπιστευθέντα ὑπὸ τοῦ Φιλομήτορος ἐκλιπεῖν, καὶ πρὸς Ἀντίοχον τὸν Ἐπιφανῆ ἀναχωρῆσαι, μήτʼ εὐγενῆ τὴν ἐξουσίαν ἔχων, ὑπʼ ἀθυμίας φαρμακεύσας ἑαυτὸν ἐξέλιπε τὸν βίον.
35930	ΜΑΚΚΑΒΑΙΩΝ Β 10:14	παρέκαστα	\vs{14}Γοργίας δὲ γενόμενος στρατηγὸς τῶν τόπων, ἐξενοτρόφει, καὶ παρέκαστα πρὸς τοὺς Ἰουδαίους ἐπολεμοτρόφει,
35983	ΜΑΚΚΑΒΑΙΩΝ Β 11:13	ἐλάσσωμα	\vs{13}Οὐκ ἄνους δὲ ὑπάρχων, πρὸς ἑαυτὸν ἀντιβάλλων τὸ γεγονὸς περὶ ἐαυτὸν ἐλάσσωμα, καὶ συννοήσας ἀνικήτους εἶναι τοὺς Ἑβραίους, τοῦ πάντα δυναμένου Θεοῦ συμμαχοῦντος αὐτοῖς,
35992	ΜΑΚΚΑΒΑΙΩΝ Β 11:21	Διοσκορινθίου	\vs{21}Ἔῤῥωσθε· ἔτους ἑκατοστοῦ τεσσαρακοστοῦ ὀγδόου, Διοσκορινθίου εἰκοστῇ τετάρτῃ.
36033	ΜΑΚΚΑΒΑΙΩΝ Β 12:13	παμμιγέσιν	\vs{13}Ἐπέβαλε δὲ καὶ ἐπί τινα πόλιν γεφυροῦν ὀχυρὰν καὶ τείχεσι περιπεφραγμένην, καὶ παμμιγέσιν ἔθνεσι κατοικουμένην, ὄνομα δὲ Κάσπιν.
36038	ΜΑΚΚΑΒΑΙΩΝ Β 12:17	Τουβιήνους	\vs{17}Ἐκεῖθεν δὲ ἀποσπάσαντες σταδίους ἑπτακοσίους πεντήκοντα διήνυσαν εἰς τὸν Χάρακα, πρὸς τοὺς λεγομένους Τουβιήνους Ἰουδαίους.
36173	ΜΑΚΚΑΒΑΙΩΝ Β 14:41	περικατάληπτος	\vs{41}Τῶν δὲ πληθῶν μελλόντων τὸν πύργον καταλαβέσθαι, καὶ τὴν αὐλαίαν θύραν βιαζομένων, καὶ κελευόντων πῦρ προσάγειν καὶ τὰς θύρας ὑφάπτειν, περικατάληπτος γενόμενος ὑπέθηκεν ἑαυτῷ ξίφος,
36175	ΜΑΚΚΑΒΑΙΩΝ Β 14:43	εἰσβαλόντων	\vs{43}Τῇ δὲ πληγῇ μὴ κατευθικτήσας διὰ τὴν τοῦ ἀγῶνος σπουδὴν, καὶ τῶν ὄχλων εἴσω τῶν θυρωμάτων εἰσβαλόντων, ἀναδραμὼν γενναίως ἐπὶ τὸ τεῖχος, κατεκρήμνισεν ἑαυτὸν ἀνδρείως εἰς τοὺς ὄχλους.
36264	ΜΑΚΚΑΒΑΙΩΝ Γ 1:16	προπεσόντων	\vs{16}Τῶν δὲ ἱερέων ἐν ταῖς ἁγίαις ἐσθήσεσι προπεσόντων, καὶ δεομένων τοῦ μεγίστου Θεοῦ βοηθεῖν τῇ ἐνεστώσῃ ἀνάγκῃ, καί τὴν ὁρμὴν τοῦ κακῶς ἐπιβαλλομένου μεταθεῖναι, κραυγῆς τε μετὰ δακρύων τὸ ἱερὸν ἐμπλησάνων,
36264	ΜΑΚΚΑΒΑΙΩΝ Γ 1:16	ἐνεστώσῃ	\vs{16}Τῶν δὲ ἱερέων ἐν ταῖς ἁγίαις ἐσθήσεσι προπεσόντων, καὶ δεομένων τοῦ μεγίστου Θεοῦ βοηθεῖν τῇ ἐνεστώσῃ ἀνάγκῃ, καί τὴν ὁρμὴν τοῦ κακῶς ἐπιβαλλομένου μεταθεῖναι, κραυγῆς τε μετὰ δακρύων τὸ ἱερὸν ἐμπλησάνων,
36265	ΜΑΚΚΑΒΑΙΩΝ Γ 1:17	ἀπολιπόμενοι	\vs{17}οἱ κατὰ τὴν πόλιν ἀπολιπόμενοι, ταραχθέντες ἐξεπήδησαν, ἄδηλον τιθέμενοι τὸ γινόμενον.
36269	ΜΑΚΚΑΒΑΙΩΝ Γ 1:20	παραλιποῦσαι	\vs{20}Τὰ δὲ νεογνὰ τῶν τέκνων, αἵ τε πρὸς τούτοις μητέρες καὶ τιθηνοὶ παραλιποῦσαι ἄλλως καὶ ἄλλως, αἱ μὲν κατʼ οἴκους, αἱ δὲ κατὰ τὰς ἀγυιὰς ἀνεπιτρέπτως εἰς τὸ πανυπέρτατον ἱερὸν ἠθροίζοντο.
36339	ΜΑΚΚΑΒΑΙΩΝ Γ 3:6	θρυλλουμένην	\vs{6}Τὴν μὲν οὖν περὶ τοῦ γένους ἐν πᾶσι θρυλλουμένην εὐπραξίαν οἱ ἀλλόφυλοι οὐδαμῶς διηριθμήσαντο.
36340	ΜΑΚΚΑΒΑΙΩΝ Γ 3:7	ἐθρύλλουν	\vs{7}Τὴν δὲ περὶ τῶν προσκυνήσεων καὶ τροφῶν διάστασιν ἐθρύλλουν, φάσκοντες μήτε τῷ βασιλεῖ μήτε ταῖς δυνάμεσιν ὁμοσπόνδους τοὺς ἀνθρώπους γενέσθαι, δυσμενεῖς δὲ εἶναι καὶ μέγα τι τοῖς πράγμασιν ἐναντιουμένους· καὶ οὐ τῷ τυχόντι περιήψαν ψόγῳ.
36343	ΜΑΚΚΑΒΑΙΩΝ Γ 3:9	ἠγνοηκώς	\vs{9}Μὴ γὰρ οὕτως παροραθήσεται τηλικοῦτο σύστεημα μηδὲν ἠγνοηκώς.
36362	ΜΑΚΚΑΒΑΙΩΝ Γ 3:23	παρέκαστα	\vs{23}οὐ μόνον ἀπεστρέψαντο τὴν ἀτίμητον πολιτείαν, ἀλλὰ καὶ βδελύσσονται λόγῳ τε καὶ σιγῇ τοὺς ἐν αὐτοῖς ὀλίγους πρὸς ἡμᾶς γνησίως διακειμένους, παρέκαστα ὑφορώμενοι διὰ τῆς δυσκλεεστάτης ἐμβιώσεως διὰ τάχους ἡμᾶς καταστρέψαι τὰ κατορθώματα.
36375	ΜΑΚΚΑΒΑΙΩΝ Γ 4:1	προκατεσκιῤῥωμένης	Παντῇ δὲ ὅπου προσέπιπτε τοῦτο τὸ πρόσταγμα, δημοτελὴς συνίστατο τοῖς ἔθνεσιν εὐωχία μετὰ ἀλαλαγμῶν καὶ χαρᾶς, ὡς ἄν τῆς προκατεσκιῤῥωμένης αὐτοῖς πάλαι κατὰ διάνοιαν, μετὰ παῤῥησίας συνεκφαινομένης ἀπεχθείας.
36430	ΜΑΚΚΑΒΑΙΩΝ Γ 5:20	ἐπιτέλλουσαν	\vs{20}τὴν ὠμότητα χείρονα Φαλάριδος ἐσχηκὼς ἔφη, τῷ τῆς σήμερον ὕπνῳ χάριν ἔχειν αὐτούς· ἀνυπερθέτως δὲ εἰς τὴν ἐπιτέλλουσαν ἡμέραν κατὰ τὸ ὅμοιον ἑτοίμασον τοὺς ἐλέφαντας ἐπὶ τὸν τῶν ἀθεμίτων Ἰουδαίων ἀφανισμόν.
36435	ΜΑΚΚΑΒΑΙΩΝ Γ 5:23	ἐκεκράγει	\vs{23}Ἄρτι δὲ ἀλεκτρυὼν ἐκεκράγει ὄρθριος, καὶ τὰ θηρία καθωπλικὼς ὁ Ἕρμων ἐν τῷ μεγάλῳ περιστύλῳ διεκίνει.
36464	ΜΑΚΚΑΒΑΙΩΝ Γ 5:45	κατάστημα	\vs{45}Ὁ δὲ ἐλεφαντάρχης, τὰ θηρία σχεδὸν εἰπεῖν εἰς κατάστημα μανιῶδες ἀγηοχὼς, εὐωδεστάτοις πόμασιν οἴνῳ λελιβανωμένου φοβεραῖς κατεσκευασμένα σκευαῖς.
36464	ΜΑΚΚΑΒΑΙΩΝ Γ 5:45	ἀγηοχὼς	\vs{45}Ὁ δὲ ἐλεφαντάρχης, τὰ θηρία σχεδὸν εἰπεῖν εἰς κατάστημα μανιῶδες ἀγηοχὼς, εὐωδεστάτοις πόμασιν οἴνῳ λελιβανωμένου φοβεραῖς κατεσκευασμένα σκευαῖς.
36508	ΜΑΚΚΑΒΑΙΩΝ Γ 6:26	ἐξαρχῆς	\vs{26}Τίς τοὺς ἐξαρχῆς εὐνοίᾳ πρὸς ἡμᾶς κατὰ πάντα διαφέροντας πάντων ἐθνῶν, καὶ τοὺς χειρίστους πλεονάκις ἀνθρώπων ἐπιδεδεγμένους κινδύνους, οὕτως ἀθέσμοις περιέβαλεν αἰκίαις;
36520	ΜΑΚΚΑΒΑΙΩΝ Γ 6:34	περιβαλλόμενοι	\vs{34}Οἵ τε πρὶν εἰς ὄλεθρον καὶ οἰωνοβρώτους αὐτοὺς ἔσεσθαι τιθέμενοι, μετὰ χαρᾶς ἀπογραψάμενοι, κατεστέναξαν, αἰσχύνην ἐφʼ ἑαυτοῖς περιβαλλόμενοι, καὶ τὴν πυρίπνουν τόλμαν ἀκλεῶς ἐσβεσμένοι.
36537	ΜΑΚΚΑΒΑΙΩΝ Γ 7:4	προσφερόμενοι	\vs{4}προσφερόμενοι μήποτε εὐσταθήσειν τὰ πράγματα ἡμῶν, διʼ ἣν ἔχουσιν οὗτοι πρὸς πάντα τὰ ἔθνη δυσμένειαν, μέχρις ἂν συντελεσθῇ τοῦτο.
36726	ΜΑΚΚΑΒΑΙΩΝ Δ 5:13	γεινομένῃ	\vs{13}καὶ γὰρ ἐνθυμήθητι, ὡς εἰ καί τις ἐστιν τῆσδε τῆς θρησκείας ἐποπτικὴ δύναμις, συγνωμονήσειν σοι ἐπὶ πᾶσιν διʼ ἀνάγκην παρανομίᾳ γεινομένῃ.
36760	ΜΑΚΚΑΒΑΙΩΝ Δ 6:2	γηραιὸν	\vs{2}Καὶ πρῶτον μὲν περιέδυσαν τὸν γηραιὸν ἐκκεκοσμημένον περὶ τὴν εὐσέβειαν εὐσχημοσύνην.
36769	ΜΑΚΚΑΒΑΙΩΝ Δ 6:9	ὑπέμενεν	\vs{9}Ὁ δὲ ὑπέμενεν τοὺς πόνους, καὶ περιεφρόνει τῆς ἀνάγκης, καὶ διεκαρτέρει τοὺς αἰκισμοὺς,
36782	ΜΑΚΚΑΒΑΙΩΝ Δ 6:20	ἐπιβιώσωμεν	\vs{20}Αἰσχρὸν γὰρ εἰ ἐπιβιώσωμεν ἀλίγον χρόνον,
36818	ΜΑΚΚΑΒΑΙΩΝ Δ 7:11	Ἀαρὸν	\vs{11}Ὥσπερ γὰρ ὁ πατὴρ Ἀαρὸν τῷ θυμιατηρίῳ κατθωπλισμένος, διὰ τοῦ ἐθνοπλήθου ἐπιτρέχων τὸν ἐμπυριστὴν ἐνίκησεν ἄγγελον.
36839	ΜΑΚΚΑΒΑΙΩΝ Δ 8:2	γηραιᾶς	\vs{2}Ταῦτα διαδεξαμένου τοῦ τυράννου, παρῆσαν ἀγόμενοι μετὰ γηραιᾶς μητρὸς ἑπτὰ ἀδελφοὶ, καλοί τε καὶ αἰδήμονες καὶ γενναῖοι καὶ ἐν παντὶ χαριέντες.
36852	ΜΑΚΚΑΒΑΙΩΝ Δ 8:12	προέθησαν	\vs{12}Ὡς δὲ τροχούς τε καὶ ἀρθενβόλους στρεβλωτήρια, καὶ τροχαντῆρας καὶ καταπέλτας καὶ λέβητας, τήγανά τε καὶ δακτυλήθρας, καὶ χεῖρας σιδηρᾶς καὶ σφῆνας, καὶ τὰ ζώπυρα τοῦ πυρὸς οἱ δορυφόροι προέθησαν, ὑπολαβὼν δὲ ὁ τύραννος, ἔφη, μειράκια φοβήθητε,
36866	ΜΑΚΚΑΒΑΙΩΝ Δ 8:25	θανατεφόρος	\vs{25}Πόθεν ἡμῖν ἡ τοσαύτη ἐντέηκεν φιλονεικία, καὶ ἡ θανατεφόρος ἀρέσκει καρτερία, παρὸν μετὰ ἀταραξίας χρὴ τῷ βασιλεῖ πεισθέντας;
36890	ΜΑΚΚΑΒΑΙΩΝ Δ 9:15	μιαιρώτατε	\vs{15}Τύραννε μιαιρώτατε, καὶ τῆς οὐρανίου δίκης ἐχθρὲ, καὶ ὠμόφρον, οὐκ ἀνδροφονήσαντά με τοῦτον καταικίζεις τὸν τρόπον, οὐδὲ ἀσεβήσαντα, ἀλλα θείου νόμου προασπίζοντα.
36892	ΜΑΚΚΑΒΑΙΩΝ Δ 9:17	μιαιροὶ	\vs{17}ὁ δὲ εἶπεν, οὐχ οὕτως ἰσχυρὸς ὑμῶν ἐστιν ὁ τρόπος, ὦ μιαιροὶ διὰκονοι, ὥστε μου τὸν λογισμὸν ἄξαι· τέμνετέ μου μέλη, καὶ πυροῦτε τὰς σάρκας, καὶ στρεβλοῦτε τὰ ἄρθρα.
36906	ΜΑΚΚΑΒΑΙΩΝ Δ 9:28	παρδάλειοι	\vs{28}ἀπὸ τῶν τενόντων ταῖς σιδηραῖς χερσὶν ἐπισπασάμενοι, μέχρι γε τῶν γενείων τὴν σάρκα πᾶσαν καὶ τὴν τῆς κεφαλῆς δορὰν οἱ παρδάλειοι θῆρες ἀπέσυραν· ὁ δὲ ταύτην βαρέως τὴν ἀλγηδόνα καρτερῶν, ἔλεγεν,
36911	ΜΑΚΚΑΒΑΙΩΝ Δ 9:32	μιαιρότατε	\vs{32}Σὺ δὲ ἐν ταῖς τῆς ἀσεβείας ἀπειλαῖς βασανίζῃ· οὐκ ἐκφεύξῃ δὲ, μιαιρότατε τύραννε, τὰς τῆς θείας ὀργῆς δίκας.
36924	ΜΑΚΚΑΒΑΙΩΝ Δ 10:10	μιαιρώτατε	\vs{10}ἔφη, ἡμεῖς μὲν ὦ μιαιρώτατε τύραννε, διὰ παιδείαν καί ἀρετὴν Θεοῦ ταῦτα πάσχομεν.
36933	ΜΑΚΚΑΒΑΙΩΝ Δ 10:17	πανμιαιρώτατος	\vs{17}Ταῦτα ἀκούσας ὁ αἱμοβόρος καὶ φονώδης καὶ πανμιαιρώτατος Ἀντίοχος, ἐκέλευσεν τὴν γλῶτταν αὐτοῦ ἐκτεμεῖν.
36971	ΜΑΚΚΑΒΑΙΩΝ Δ 11:25	μιαιροφαγίαν	\vs{25}Τὸ γὰρ μὴ δυνηθῆναί σε μεταπεῖσαι τὸν λογισμὸν ἡμῶν, μήτε βιάσασθαι πρὸς τὴν μιαιροφαγίαν, οὐ κατάλυσίς ἐστιν σοῦ;
36983	ΜΑΚΚΑΒΑΙΩΝ Δ 12:6	στερηθῖσαν	\vs{6}Καὶ ταῦτα παρακαλῶν, τὴν μητέρα τοῦ παιδὸς μετεπέμψατο, ὄπως αὐτὴν ἐμεήσαν υἱῶν στερηθῖσαν παρορμήσειεν ἐπὶ τὴν μσωτηρίαν, εὐπειθῆ τὸν περιλειπόμενον.
37022	ΜΑΚΚΑΒΑΙΩΝ Δ 13:16	παθοκρατείᾳ	\vs{16}Καθοπλισώμεθα τοιγαροῦν τῇ τοῦ θείου λογισμοῦ παθοκρατείᾳ.
37094	ΜΑΚΚΑΒΑΙΩΝ Δ 15:22	καυτερίοις	\vs{22}Πηλίκαις καὶ πόσαις τότε ἡ μήτηρ, τῶν υἱῶν βασανιζομένων τροχοῖς τε καὶ καυτερίοις ἐβασανίζετο βασάνοις;
37109	ΜΑΚΚΑΒΑΙΩΝ Δ 16:1	γηραιὰ	Εἰ δὲ τοίνυν καὶ γυνὴ, καὶ γηραιὰ, καὶ ἑπτὰ παὶδων μήτηρ ὑπέμεινε τὰς μέχρι θανάτου βασάνους ὁρῶσα τῶν τέκνων· ὁμολογουμένως αὐτοκράτωρ ἐστὶν τῶν παθῶν ὁ εὐσεβὴς λογισμός.
