Source File	Line Number	Verse Reference	Word	Suggested Fix	Errors Found	Full Line
Brenton-corrected.tex	187	ΓΕΝΕΣΙΣ 4:9	Kύριος	Κύριος	K	\vs{9}Καὶ εἶπε Kύριος ὁ Θεὸς πρὸς Κάϊν· ποῦ ἔστιν Ἄβελ ὁ ἀδελφός σου; καὶ εἶπεν, οὐ γινώσκω· μὴ φύλαξ τοῦ ἀδελφοῦ μου εἰμὶ ἐγώ;
Brenton-corrected.tex	1649	ΓΕΝΕΣΙΣ 46:9	Yἱοὶ	Υἱοὶ	Y	\vs{9}Yἱοὶ δὲ Ῥουβὴν, Ἑνὼχ, καὶ Φαλλὸς, Ἀσρὼν, καὶ Χαρμί.
Brenton-corrected.tex	4821	ΑΡΙΘΜΟΙ 15:36	Kύριος	Κύριος	K	\vs{36}Καὶ ἐξήγαγον αὐτὸν πᾶσα ἡ συναγωγὴ ἔξω τῆς παρεμβολῆς· καὶ ἐλιθοβόλησεν αὐτὸν πᾶσα ἡ συναγωγὴ λίθοις ἔξω τῆς παρεμβολῆς, καθὰ συνέταξε Kύριος τῷ Μωυσῇ.
Brenton-corrected.tex	13530	ΠΑΡΑΛΕΙΠΟΜΕΝΩΝ Α 23:8	Yἱοὶ	Υἱοὶ	Y	\vs{8}Yἱοὶ τῷ Ἐδάν, ἄρχων Ἰεϊὴλ, καὶ Ζηθὸμ, καὶ Ἰωήλ, καὶ τρεῖς.
Brenton-corrected.tex	13531	ΠΑΡΑΛΕΙΠΟΜΕΝΩΝ Α 23:9	Yἱοὶ	Υἱοὶ	Y	\vs{9}Yἱοὶ Σεμεῒ, Σαλωμὶθ, Ἰεϊὴλ, καὶ Δὰν, τρεῖς· οὗτοι ἄρχοντες πατριῶν τῶν Ἐδάν·
Brenton-corrected.tex	13535	ΠΑΡΑΛΕΙΠΟΜΕΝΩΝ Α 23:12	Yἱοὶ	Υἱοὶ	Y	\vs{12}Yἱοὶ Καάθ, Ἀμβρὰμ, Ἰσαάρ, Χεβρών, Ὀζιὴλ, τέσσαρες.
Brenton-corrected.tex	13536	ΠΑΡΑΛΕΙΠΟΜΕΝΩΝ Α 23:13	Yἱοὶ	Υἱοὶ	Y	\vs{13}Yἱοὶ Ἀμβρὰμ, Ἀαρὼν καὶ Μωυσῆς· καὶ διεστάλη Ἀαρὼν τοῦ ἁγιασθῆναι ἅγια ἁγίων, αὐτὸς καὶ οἱ υἱοὶ αὐτοῦ ἕως αἰῶνος, τοῦ θυμιᾷν ἐναντίον τοῦ κυρίου, λειτουργεῖν καὶ ἐπεύχεσθαι ἐπὶ τῷ ὀνόματι αὐτοῦ ἕως αἰῶνος.
Brenton-corrected.tex	13538	ΠΑΡΑΛΕΙΠΟΜΕΝΩΝ Α 23:15	Yἱοὶ	Υἱοὶ	Y	\vs{15}Yἱοὶ Μωυσῆ, Γηρσὰμ, καὶ Ἐλιέζερ.
Brenton-corrected.tex	13539	ΠΑΡΑΛΕΙΠΟΜΕΝΩΝ Α 23:16	Yἱοὶ	Υἱοὶ	Y	\vs{16}Yἱοὶ Γηρσὰμ, Σουβαὴλ ὁ ἄρχων.
Brenton-corrected.tex	13541	ΠΑΡΑΛΕΙΠΟΜΕΝΩΝ Α 23:18	Yἱοὶ	Υἱοὶ	Y	\vs{18}Yἱοὶ Ἰσαάρ, Σαλωμὼθ ὁ ἄρχων.
Brenton-corrected.tex	13542	ΠΑΡΑΛΕΙΠΟΜΕΝΩΝ Α 23:19	Yἱοὶ	Υἱοὶ	Y	\vs{19}Yἱοὶ Χεβρὼν, Ἰεριὰ ὁ ἄρχων, Ἀμαριὰ ὁ δεύτερος, Ἱεζιὴλ ὁ τρίτος, Ἰκεμίας ὁ τέταρτος.
Brenton-corrected.tex	13543	ΠΑΡΑΛΕΙΠΟΜΕΝΩΝ Α 23:20	Yἱοὶ	Υἱοὶ	Y	\vs{20}Yἱοὶ Ὀζιὴλ, Μιχὰ ὁ ἄρχων, καὶ Ἰσιὰ ὁ δεύτερος.
Brenton-corrected.tex	13545	ΠΑΡΑΛΕΙΠΟΜΕΝΩΝ Α 23:21	Yἱοὶ	Υἱοὶ	Y	\vs{21}Yἱοὶ Μεραρί, Μοολὶ καὶ Ὁ Μουσί· υἱοὶ Μοολὶ, Ἐλεαζὰρ, καὶ Κείς. καὶ Κίς.
Brenton-corrected.tex	15443	ΝΕΕΜΙΑΣ 7:8	Yἱοὶ	Υἱοὶ	Y	\vs{8}Yἱοὶ Φόρος, δισχίλιοι ἑκατὸν ἑβδομηκονταδύο.
Brenton-corrected.tex	15445	ΝΕΕΜΙΑΣ 7:9	Yἱοὶ	Υἱοὶ	Y	\vs{9}Yἱοὶ Σαφατία, τριακόσιοι ἑβδομηκονταδύο.
Brenton-corrected.tex	15447	ΝΕΕΜΙΑΣ 7:10	Yἱοὶ	Υἱοὶ	Y	\vs{10}Yἱοὶ Ἠρὰ, ἑξακόσιοι πεντηκονταδύο.
Brenton-corrected.tex	15449	ΝΕΕΜΙΑΣ 7:11	Yἱοὶ	Υἱοὶ	Y	\vs{11}Yἱοὶ Φαὰθ Μωὰβ τοῖς υἱοῖς Ἰησοῦ καὶ Ἰωὰβ, δισχίλιοι ἑξακόσιοι δεκαοκτώ.
Brenton-corrected.tex	15451	ΝΕΕΜΙΑΣ 7:12	Yἱοὶ	Υἱοὶ	Y	\vs{12}Yἱοὶ Αἰλὰμ, χίλιοι διακόσιοι πεντηκοντατέσσαρες.
Brenton-corrected.tex	15453	ΝΕΕΜΙΑΣ 7:13	Yἱοὶ	Υἱοὶ	Y	\vs{13}Yἱοὶ Ζαθουΐα, ὀκτακόσιοι τεσσαρακονταπέντε.
Brenton-corrected.tex	15455	ΝΕΕΜΙΑΣ 7:14	Yἱοὶ	Υἱοὶ	Y	\vs{14}Yἱοὶ Ζακχού, ἑπτακόσιοι ἑξήκοντα.
Brenton-corrected.tex	15457	ΝΕΕΜΙΑΣ 7:15	Yἱοὶ	Υἱοὶ	Y	\vs{15}Yἱοὶ Βανουῒ, ἑξακόσιοι τεσσαρακονταοκτώ.
Brenton-corrected.tex	15459	ΝΕΕΜΙΑΣ 7:16	Yἱοὶ	Υἱοὶ	Y	\vs{16}Yἱοὶ Βηβὶ, ἑξακόσιοι εἰκοσιοκτώ.
Brenton-corrected.tex	15461	ΝΕΕΜΙΑΣ 7:17	Yἱοὶ	Υἱοὶ	Y	\vs{17}Yἱοὶ Ἀσγὰδ, δισχίλιοι τριακόσιοι εἰκοσιδύο.
Brenton-corrected.tex	15463	ΝΕΕΜΙΑΣ 7:18	Yἱοὶ	Υἱοὶ	Y	\vs{18}Yἱοὶ Ἀδωνικὰμ, ἑξακόσιοι ἑξηκονταεπτά.
Brenton-corrected.tex	15465	ΝΕΕΜΙΑΣ 7:19	Yἱοὶ	Υἱοὶ	Y	\vs{19}Yἱοὶ Βαγοῒ, δισχίλιοι ἑξηκονταεπτά.
Brenton-corrected.tex	15467	ΝΕΕΜΙΑΣ 7:20	Yἱοὶ	Υἱοὶ	Y	\vs{20}Yἱοὶ Ἠδὶν, ἑξακόσιοι πεντηκονταπέντε.
Brenton-corrected.tex	15469	ΝΕΕΜΙΑΣ 7:21	Yἱοὶ	Υἱοὶ	Y	\vs{21}Yἱοὶ Ἀτὴρ τῷ Ἐζεκίᾳ, ἐννενηκονταοκτώ.
Brenton-corrected.tex	15471	ΝΕΕΜΙΑΣ 7:22	Yἱοὶ	Υἱοὶ	Y	\vs{22}Yἱοὶ Ἠσὰμ, τριακόσιοι εἰκοσιοκτώ.
Brenton-corrected.tex	15473	ΝΕΕΜΙΑΣ 7:23	Yἱοὶ	Υἱοὶ	Y	\vs{23}Yἱοὶ Βεσεῒ, τριακόσιοι εἰκοσιτέσσαρες.
Brenton-corrected.tex	15475	ΝΕΕΜΙΑΣ 7:24	Yἱοὶ	Υἱοὶ	Y	\vs{24}Yἱοὶ Ἀρὶφ, ἑκατὸν δώδεκα· υἱοὶ Ἀσὲν, διακόσιοι εἰκοσιτρεῖς.
Brenton-corrected.tex	15477	ΝΕΕΜΙΑΣ 7:25	Yἱοὶ	Υἱοὶ	Y	\vs{25}Yἱοὶ Γαβαὼν, ἐννενηκονταπέντε.
Brenton-corrected.tex	15479	ΝΕΕΜΙΑΣ 7:26	Yἱοὶ	Υἱοὶ	Y	\vs{26}Yἱοὶ Βαιθαλὲμ, ἑκατὸν εἰκοσιτρεῖς· υἱοὶ Ἀτωφὰ, πεντηκονταέξ.
Brenton-corrected.tex	15481	ΝΕΕΜΙΑΣ 7:27	Yἱοὶ	Υἱοὶ	Y	\vs{27}Yἱοὶ Ἀναθὼθ, ἑκατὸν εἰκοσιοκτώ.
Brenton-corrected.tex	15497	ΝΕΕΜΙΑΣ 7:35	Yἱοὶ	Υἱοὶ	Y	\vs{35}Yἱοὶ Ἠρὰμ, τριακόσιοι εἴκοσι.
Brenton-corrected.tex	15499	ΝΕΕΜΙΑΣ 7:36	Yἱοὶ	Υἱοὶ	Y	\vs{36}Yἱοὶ Ἱεριχὼ, τριακόσιοι τεσσαρακονταπέντε.
Brenton-corrected.tex	15501	ΝΕΕΜΙΑΣ 7:37	Yἱοὶ	Υἱοὶ	Y	\vs{37}Yἱοὶ Λοδαδὶδ καὶ Ὠνὼ, ἑπτακόσιοι εἰκοσιεῖς.
Brenton-corrected.tex	15503	ΝΕΕΜΙΑΣ 7:38	Yἱοὶ	Υἱοὶ	Y	\vs{38}Yἱοὶ Σανανὰ, τρισχίλιοι ἐννακόσιοι τριάκοντα.
Brenton-corrected.tex	15511	ΝΕΕΜΙΑΣ 7:42	Yἱοὶ	Υἱοὶ	Y	\vs{42}Yἱοὶ Ἠρὰμ, χίλιοι δεκαεπτά.
Brenton-corrected.tex	15530	ΝΕΕΜΙΑΣ 7:57	Yἱοὶ	Υἱοὶ	Y	\vs{57}Yἱοὶ δούλων Σαλωμὼν, υἱοὶ Σουτεῒ, υἱοὶ Σαφαρὰτ, υἱοὶ Φεριδὰ,
Brenton-corrected.tex	15536	ΝΕΕΜΙΑΣ 7:62	Yἱοὶ	Υἱοὶ	Y	\vs{62}Yἱοὶ Δαλαία, υἱοὶ Τωβία, υἱοὶ Νεκωδὰ, ἑξακόσιοι τεσσαρακονταδύο.
