Line Number	Verse Reference	Unaccented Words	Suggested Fix	Total Count	Reason	Context Before	Context After	Full Line
1090	ΓΕΝΕΣΙΣ 31:15	Οὐχ ὡς αἱ	Οὐχ ὡς αἱ	39	3+ consecutive unaccented		ἀλλότριαι	\vs{15}Οὐχ ὡς αἱ ἀλλότριαι λελογίσμεθα αὐτῷ; πέπρακε γὰρ ἡμᾶς, καὶ καταβρώσει κατέφαγε τὸ ἀργύριον ἡμῶν.
1504	ΓΕΝΕΣΙΣ 42:11	οὐκ εἰσιν οἱ	οὐκ εἰσιν οἱ	3183	3+ consecutive unaccented	ἐσμεν	παῖδές	\vs{11}Πάντες ἐσμὲν υἱοὶ ἑνὸς ἀνθρώπου· εἰρηνικοί ἐσμεν, οὐκ εἰσιν οἱ παῖδές σου κατάσκοποι.
5776	ΔΕΥΤΕΡΟΝΟΜΙΟΝ 2:30	σου ὡς ἐν	σου ὡς ἐν	5611	3+ consecutive unaccented	χεῖράς	τῇ	\vs{30}Καὶ οὐκ ἠθέλησεν Σηὼν βασιλεὺς Ἐσεβὼν παρελθεῖν ἡμᾶς διʼ αὐτοῦ, ὅτι ἐσκλήρυνε Κύριος ὁ Θεὸς ἡμῶν τὸ πνεῦμα αὐτοῦ, καὶ κατίσχυσε τὴν καρδίαν αὐτοῦ, ἵνα παραδοθῇ εἰς τὰς χεῖράς σου ὡς ἐν τῇ ἡμέρᾳ ταύτῃ.
6488	ΔΕΥΤΕΡΟΝΟΜΙΟΝ 24:11	σου ἐστιν ἐν	σου ἐστιν ἐν	5611	3+ consecutive unaccented	δάνειόν	αὐτῷ	\vs{11}Ἔξω στήσῃ, καὶ ὁ ἄνθρωπος οὗ τὸ δάνειόν σου ἐστιν ἐν αὐτῷ, ἐξοίσει σοι τὸ ἐνέχυρον ἔξω.
6960	ΙΗΣΟΥΣ ΝΑΥΗ 4:1	Ἰορδανην	Ἰορδάνην	1	unknown unaccented word	τὸν		Καὶ ἐπεὶ συνετέλεσε πᾶς ὁ λαὸς διαβαίνων τὸν Ἰορδανην, καὶ εἶπε, Κύριος τῷ Ἰησοῖ, λέγων,
6966	ΙΗΣΟΥΣ ΝΑΥΗ 4:6	εἰσιν οἱ λιθοι	εἰσιν οἱ λίθοι	1	3+ consecutive unaccented	τί	οὗτοι	\vs{6}ἵνα ὑπάρχωσιν ὑμῖν οὗτοι εἰς σημεῖον κείμενον διαπαντός· ἵνα ὅταν ἐρωτᾷ σε ὁ υἱός σου αὔριον λέγων, τί εἰσιν οἱ λιθοι οὗτοι ἡμῖν;
6985	ΙΗΣΟΥΣ ΝΑΥΗ 4:21	οἱ υἱοι	οἱ υἱοὶ	1	non-enclitic in pair: υἱοι	ὑμᾶς	ὑμῶν	\vs{21}λέγων, ὅταν ἐρωτῶσιν ὑμᾶς οἱ υἱοι ὑμῶν λέγοντες, τί εἰσιν οἱ λίθοι οὗτοι;
7131	ΙΗΣΟΥΣ ΝΑΥΗ 9:8	οἰκεται σου	οἰκέται σου	1	non-enclitic in pair: οἰκεται	Ἰησοῦν	ἐσμέν	\vs{8}Καὶ εἶπαν πρὸς Ἰησοῦν, οἰκεται σου ἐσμέν· καὶ εἶπε πρὸς αὐτοὺς Ἰησοῦς, πόθεν ἐστὲ, καὶ πόθεν παραγεγόνατε;
7160	ΙΗΣΟΥΣ ΝΑΥΗ 10:3	Ἰεφθα	Ἰέφθα	1	unknown unaccented word	πρὸς	βασιλέα	\vs{3}Καὶ ἀπέστειλεν Ἀδωνιβεζὲκ βασιλεὺς Ἰερουσαλὴμ πρὸς Ἐλὰμ βασιλέα Χεβρὼν, καὶ πρὸς Φιδὼν βασιλέα Ἱερειμοὺθ, καὶ πρὸς Ἰεφθα βασιλέα Λαχὶς καὶ πρὸς Δαβεὶν βασιλέα Ὀδολλὰμ, λέγων,
7301	ΙΗΣΟΥΣ ΝΑΥΗ 13:23	αὑτη ἡ	αὐτῇ ἡ	1	non-enclitic in pair: αὑτη	ὅριον	κληρονομία	\vs{23}Ἐγένετο δὲ τὰ ὅρια Ῥουβὴν, Ἰορδάνης ὅριον· αὑτη ἡ κληρονομία υἱῶν Ῥουβὴν κατὰ δήμους αὐτῶν, αἱ πόλεις αὐτῶν καὶ αἱ ἐπαύλεις αὐτῶν.
7304	ΙΗΣΟΥΣ ΝΑΥΗ 13:25	προσωπον	πρόσωπον	1	unknown unaccented word	κατὰ	Ἀράδ	\vs{25}Καὶ ἐγένετο τὰ ὅρια αὐτῶν Ἰαζήρ· πᾶσαι πόλεις Γαλαὰδ, καὶ τὸ ἥμισυ γῆς υἱῶν Ἀμμῶν ἕως Ἄραβα, ἥ ἐστι κατὰ προσωπον Ἀράδ.
7311	ΙΗΣΟΥΣ ΝΑΥΗ 13:31	υἱοις	υἱοῖς	1	unknown unaccented word	ἡμίσεσιν	Μαχὶρ	\vs{31}Καὶ τὸ ἥμισυ τῆς Γαλαάδ· καὶ ἐν Ἀσταρὼθ, καὶ ἐν Ἐδραῒν πόλεις βασιλείας Ὢγ ἐν τῇ Βασανίτιδι, τοῖς υἱοῖς Μαχὶρ υἱοῖς Μανασσῆ, καὶ τοῖς ἡμίσεσιν υἱοις Μαχὶρ υἱοῖς Μανασσῆ, κατὰ δήμους αὐτῶν.
7416	ΙΗΣΟΥΣ ΝΑΥΗ 16:8	Χελκανα	Χελκανά	1	unknown unaccented word	ἐπὶ		\vs{8}Καὶ ἀπὸ Τάφου πορεύσεται τὰ ὅρια ἐπὶ θάλασσαν ἐπὶ Χελκανα· καὶ ἔσται ἡ διέξοδος αὐτῶν ἐπὶ θάλασσαν· αὕτη ἡ κληρονομία φυλῆς Ἐφραῒμ κατὰ δήμους αὐτῶν.
7419	ΙΗΣΟΥΣ ΝΑΥΗ 16:10	ταυτης	ταύτης	1	unknown unaccented word	ἡμέρας		\vs{10}Καὶ οὐκ ἀπώλεσεν Ἐφραῒμ τὸν Χαναναῖον τὸν κατοικοῦντα ἐν Γαζέρ· καὶ κατῴκει ὁ Χαναναῖος ἐν τῷ Ἐφραῒμ ἕως τῆς ἡμέρας ταυτης, ἕως ἀνέβη Φαραὼ βασιλεὺς Αἰγύπτου, καὶ ἔλαβεν αὐτὴν, καὶ ἐνέπρησεν αὐτὴν ἐν πυρί· καὶ τοὺς Χαναναίους, καὶ τοὺς Φερεζαίους, καὶ τοὺς κατοικοῦντας ἐν Γαζὲρ, ἐξεκέντησαν· καὶ ἔδωκεν αὐτὴν Φαραὼ ἐν φερνῇ τῇ θυγατρὶ αὐτοῦ.
7456	ΙΗΣΟΥΣ ΝΑΥΗ 18:9	ἑπτα	ἑπτὰ	2	unknown unaccented word	πόλεις	μερίδας	\vs{9}Καὶ ἐπορεύθησαν, καὶ ἐχωροβάτησαν τὴν γῆν· καὶ εἴδοσαν αὐτὴν, καὶ ἔγραψαν αὐτὴν κατὰ πόλεις, ἑπτα μερίδας εἰς βιβλίον, καὶ ἤνεγκαν πρὸς Ἰησοῦν.
7662	ΙΗΣΟΥΣ ΝΑΥΗ 22:33	υἱων	υἱῶν	1	unknown unaccented word	τῶν	Γὰδ	\vs{33}Καὶ ἤρεσε τοῖς υἱοῖς Ἰσραήλ· καὶ ἐλάλησαν πρὸς τοὺς υἱοὺς Ἰσραὴλ, καὶ εὐλόγησαν τὸν Θεὸν υἱῶν Ἰσραήλ· καὶ εἶπαν μηκέτι ἀναβῆναι πρὸς αὐτοὺς εἰς πόλεμον ἐξολοθρεῦσαι τὴν γῆν τῶν υἱῶν Ῥουβὴν καὶ τῶν υἱων Γὰδ καὶ τοῦ ἡμίσους φυλῆς Μανασσῆ· καὶ κατῴκησαν ἐπʼ αὐτῆς.
7889	ΚΡΙΤΑΙ 4:19	ὑδωρ	ὕδωρ	1	unknown unaccented word	μικρὸν		\vs{19}Καὶ εἶπε Σισάρα πρὸς αὐτὴν, πότισόν με δὴ μικρὸν ὑδωρ, ὅτι ἐδίψησα· καὶ ἤνοιξε τὸν ἀσκὸν τοῦ γάλακτος, καὶ ἐπότισεν αὐτὸν, καὶ περιέβαλεν αὐτόν.
7915	ΚΡΙΤΑΙ 5:15	ἀρχηγοι ἐν	ἀρχηγοὶ ἐν	1	non-enclitic in pair: ἀρχηγοι	Καὶ	Ἰσσάχαρ	\vs{15}Καὶ ἀρχηγοι ἐν Ἰσσάχαρ μετὰ Δεββώρας καὶ Βαράκ· οὕτω Βαρὰκ ἐν κοιλάσιν ἀπέστειλεν ἐν ποσὶν αὐτοῦ, εἰς τὰς μερίδας Ῥουβὴν, μεγάλοι ἐξικνούμενοι καρδίαν.
8273	ΚΡΙΤΑΙ 14:3	συ	σὺ	1	unknown unaccented word	ὅτι	πορεύῃ	\vs{3}Καὶ εἶπεν αὐτῷ ὁ πατὴρ αὐτοῦ, καὶ ἡ μήτηρ αὐτοῦ, μὴ οὐκ εἰσὶ θυγατέρες τῶν ἀδελφῶν σου, καὶ ἐκ παντὸς τοῦ λαοῦ μου γυνὴ, ὅτι συ πορεύῃ λαβεῖν γυναῖκα ἀπὸ τῶν ἀλλοφύλων τῶν ἀπεριτμήτων;
8418	ΚΡΙΤΑΙ 18:27	ἐποιησε	ἐποίησε	1	unknown unaccented word	ὃ	Μιχαίας	\vs{27}Καὶ οἱ υἱοὶ Δὰν ἔλαβον ὃ ἐποιησε Μιχαίας, καὶ τὸν ἱερέα ὃς ἦν αὐτῷ, καὶ ἦλθον ἐπὶ Λαισὰ, ἐπὶ λαὸν ἡσυχάζοντα καὶ πεποιθότα ἐπʼ ἐλπίδι· καὶ ἐπάταξαν αὐτοὺς ἐν στόματι ῥομφαίας, καὶ τὴν πόλιν ἐνέπρησαν ἐν πυρί.
8455	ΚΡΙΤΑΙ 19:25	ὁ ἀνηρ	ὁ ἀνὴρ	1	non-enclitic in pair: ἀνηρ	ἐπελάβετο	τῆς	\vs{25}Καὶ οὐκ εὐδόκησαν οἱ ἄνδρες τοῦ εἰσακοῦσαι αὐτοῦ· καὶ ἐπελάβετο ὁ ἀνηρ τῆς παλλακῆς αὐτοῦ, καὶ ἐξήγαγεν αὐτὴν πρὸς αὐτοὺς ἔξω· καὶ ἔγνωσαν αὐτὴν, καὶ ἐνέπαιζον ἐν αὐτῇ ὅλην τὴν νύκτα ἕως τοπρωῒ, καὶ ἐξαπέστειλαν αὐτὴν ὡς ἀνέβη τοπρωΐ.
8468	ΚΡΙΤΑΙ 20:4	ἀπεκριθη ὁ	ἀπεκρίθη ὁ	2	non-enclitic in pair: ἀπεκριθη	Καὶ	ἀνὴρ	\vs{4}Καὶ ἀπεκριθη ὁ ἀνὴρ ὁ Λευίτης, ὁ ἀνὴρ τῆς γυναικὸς τῆς φονευθείσης, καὶ εἶπεν, εἰς Γαβαὰ τῆς Βενιαμὶν ἦλθον ἐγὼ καὶ ἡ παλλακή μου τοῦ αὐλισθῆναι,
8577	ΡΟΥΘ 1:6	ἀνεστη	ἀνέστη	1	unknown unaccented word	Καὶ	αὕτη	\vs{6}Καὶ ἀνεστη αὕτη καὶ αἱ δύο νύμφαι αὐτῆς, καὶ ἀπέστρεψαν ἐξ ἀγροῦ Μωὰβ, ὅτι ἤκουσεν ἐν ἀγρῷ Μωὰβ ὅτι ἐπέσκεπται Κύριος τὸν λαὸν αὐτοῦ, δοῦναι αὐτοῖς ἄρτους.
8659	ΡΟΥΘ 4:1	ἐκαθισεν	ἐκάθισεν	1	unknown unaccented word	καὶ	ἐκεῖ	Καὶ Βοὸζ ἀνέβη ἐπὶ τὴν πύλην, καὶ ἐκαθισεν ἐκεῖ, καὶ ἰδοὺ ὁ ἀγχιστεὺς παρεπορεύετο, ὃν ἐλάλησε Βοόζ· καὶ εἶπε πρὸς αὐτὸν Βοὸζ, ἐκκλίνας κάθισον ὧδε κρύφιε· καὶ ἐξέκλινε καὶ ἐκάθισε.
8937	ΒΑΣΙΛΕΙΩΝ Α 9:6	ἐπορευθημεν ἐπ	ἐπορεύθημεν ἐπ	1	non-enclitic in pair: ἐπορευθημεν	ἣν		\vs{6}Καὶ εἶπεν αὐτῷ τὸ παιδάριον, ἰδοὺ δὴ ἄνθρωπος τοῦ Θεοῦ ἐν τῇ πόλει ταύτῃ, καὶ ὁ ἄνθρωπος ἔνδοξος, πᾶν ὃ ἐὰν λαλήσῃ παραγινόμενον παρέσται· καὶ νῦν πορευθῶμεν, ὅπως ἀπαγγείλῃ ἡμῖν τὴν ὁδὸν ἡμῶν ἐφʼ ἣν ἐπορευθημεν ἐπʼ αὐτήν.
9131	ΒΑΣΙΛΕΙΩΝ Α 14:36	προσελθωμεν	προσέλθωμεν	1	unknown unaccented word	ἱερεὺς	ἐνταῦθα	\vs{36}Καὶ εἶπε Σαούλ, καταβῶμεν ὀπίσω τῶν ἀλλοφύλων τὴν νύκτα, καὶ διαρπάσωμεν ἐν αὐτοῖς ἕως διαφαύσῃ ἡμέρα, καὶ μὴ ὑπολείπωμεν ἐν αὐτοῖς ἄνδρα· καὶ εἶπαν, πᾶν τὸ ἀγαθὸν ἐνώπιόν σου ποίει· καὶ εἶπεν ὁ ἱερεὺς, προσελθωμεν ἐνταῦθα πρὸς τὸν Θεόν.
9150	ΒΑΣΙΛΕΙΩΝ Α 14:50	Ἀβεννηρ	Ἀβεννὴρ	1	unknown unaccented word	αὐτοῦ		\vs{50}Καὶ ὄνομα τῇ γυναικὶ αὐτοῦ Ἀχινοὸμ, θυγάτερ Ἀχιμάας· καὶ ὄνομα τῷ ἀρχιστρατήγῳ αὐτοῦ Ἀβεννηρ, υἱὸς Νὴρ, υἱοῦ οἰκείου Σαούλ.
9156	ΒΑΣΙΛΕΙΩΝ Α 15:1	σε εἰς βασιλεα	σε εἰς βασιλέα	3	3+ consecutive unaccented	χρίσαί	ἐπὶ	Καὶ εἶπε Σαμουὴλ πρὸς Σαοὺλ, ἐμὲ ἀπέστειλε Κύριος χρίσαί σε εἰς βασιλεα ἐπὶ Ἰσραήλ· καὶ νῦν ἄκουε τῆς φωνῆς Κυρίου.
9169	ΒΑΣΙΛΕΙΩΝ Α 15:12	το	τὸ	2	unknown unaccented word	Ἰσραὴλ	πρωΐ	\vs{12}Καὶ ὤρθρισε Σαμουὴλ, καὶ ἐπορεύθη εἰς ἀπάντησιν Ἰσραὴλ το πρωΐ· καὶ ἀπηγγέλη τῷ Σαοὺλ, λέγοντες ἥκει Σαμουὴλ εἰς Κάρμηλον, καὶ ἀνέστακεν αὐτῷ χεῖρα· καὶ ἐπέστρεψε τὸ ἅρμα, καὶ κατέβη εἰς Γάλγαλα πρὸς Σαούλ, καὶ ἰδοὺ αὐτὸς ἀνέφερεν ὁλοκαύτωσιν τῷ Κυρίῳ, τὰ πρῶτα τῶν σκύλων ἤνεγκεν ἐξ Ἀμαλήκ.
9201	ΒΑΣΙΛΕΙΩΝ Α 16:1	κᾀγω	κἀγὼ	1	unknown unaccented word	Σαοὺλ	ἐξουδένωκα	Καὶ εἶπε Κύριος πρὸς Σαμουήλ, ἕως πότε σὺ πενθεῖς ἐπὶ Σαοὺλ, κᾀγω ἐξουδένωκα αὐτὸν, μὴ βασιλεύειν ἐπὶ Ἰσραήλ; πλῆσον τὸ κέρας σου ἐλαίου, καὶ δεῦρο ἀποστείλω σε πρὸς Ἰεσσαὶ ἕως Βηθλεὲμ, ὅτι ἑώρακα ἐν τοῖς υἱοῖς αὐτοῦ ἐμοὶ βασιλέα.
9239	ΒΑΣΙΛΕΙΩΝ Α 17:9	ἐαν	ἐὰν	1	unknown unaccented word	καὶ	πατάξῃ	\vs{9}Καὶ ἐὰν δυνηθῇ πολεμῆσαι πρός με, καὶ ἐαν πατάξῃ με, καὶ ἐσόμεθα ὑμῖν εἰς δούλους· ἐὰν δὲ ἐγὼ δυνηθῶ καὶ πατάξω αὐτὸν, ἔσεσθε ἡμῖν εἰς δούλους, καὶ δουλεύσετε ἡμῖν.
9309	ΒΑΣΙΛΕΙΩΝ Α 19:11	ἀγγελους εἰς	ἀγγέλους εἰς	1	non-enclitic in pair: ἀγγελους	Σαοὺλ	οἶκον	\vs{11}Καὶ ἐγενήθη ἐν τῇ νυκτὶ ἐκείνῃ, καὶ ἀπέστειλε Σαοὺλ ἀγγελους εἰς οἶκον Δαυὶδ φυλάξαι αὐτὸν, τοῦ θανατῶσαι αὐτὸν πρωΐ· καὶ ἀπήγγειλε τῷ Δαυὶδ Μελχὸλ ἡ γυνὴ αὐτοῦ, λέγουσα, ἐὰν μὴ σὺ σώσῃς τὴν ψυχὴν σαυτοῦ τὴν νύκτα ταύτην, αὔριον θανατωθήσῃ.
9350	ΒΑΣΙΛΕΙΩΝ Α 20:19	ἐπισκεψῃ	ἐπισκέψῃ	1	unknown unaccented word	καὶ	καὶ	\vs{19}Καὶ τρισσεύσεις καὶ ἐπισκεψῃ καὶ ἥξεις εἰς τὸν τόπον σου οὗ κρυβῇς ἐν τῇ ἡμέρᾳ τῇ ἐργασίμῃ, καὶ καθήσῃ παρὰ τὸ ἐργὰβ ἐκεῖνο.
9414	ΒΑΣΙΛΕΙΩΝ Α 22:9	ἑωρακα	ἑώρακα	1	unknown unaccented word	εἶπεν	τὸν	\vs{9}Καὶ ἀποκρίνεται Δωὴκ ὁ Σύρος ὁ καθεστηκὼς ἐπὶ τάς ἡμιόνους Σαοὺλ, καὶ εἶπεν, ἑωρακα τὸν υἱὸν Ἰεσσαὶ παραγινόμενον εἰς Νομβᾶ πρὸς Ἀβιμέλεχ υἱὸν Ἀχιτὼβ τὸν ἱερέα.
9420	ΒΑΣΙΛΕΙΩΝ Α 22:14	οἰκῳ σου	οἴκῳ σου	1	non-enclitic in pair: οἰκῳ	τῷ		\vs{14}Καὶ ἀπεκρίθη τῷ βασιλεῖ, καὶ εἶπε, καὶ τίς ἐν πᾶσι τοῖς δούλοις σου ὡς Δαυὶδ πιστὸς, καὶ γαμβρὸς τοῦ βασιλέως, καὶ ἄρχων παντὸς παραγγέλματός σου, καὶ ἔνδοξος ἐν τῷ οἰκῳ σου;
9480	ΒΑΣΙΛΕΙΩΝ Α 24:9	βασιλευ	βασιλεῦ	1	unknown unaccented word	κύριε		\vs{9}Καὶ ἀνέστη Δαυὶδ ὀπίσω αὐτοῦ ἐκ τοῦ σπηλαίου· καὶ ἐβόησε Δαυὶδ ὀπίσω Σαοὺλ, λέγων, κύριε βασιλευ· καὶ ἐπέβλεψε Σαοὺλ εἰς τᾶ ὀπίσω αὐτοῦ, καὶ ἔκυψε Δαυὶδ ἐπὶ πρόσωπον αὐτοῦ ἐπὶ τὴν γῆν, καὶ προσεκύνησεν αὐτῷ.
9601	ΒΑΣΙΛΕΙΩΝ Α 27:11	ἀναγγειλωσιν εἰς	ἀναγγείλωσιν εἰς	1	non-enclitic in pair: ἀναγγειλωσιν	μὴ	Γὲθ	\vs{11}Καὶ ἄνδρα καὶ γυναῖκα οὐκ ἐζωογόνησα τοῦ εἰσαγαγεῖν εἰς Γὲθ, λέγων, μὴ ἀναγγειλωσιν εἰς Γὲθ καθʼ ἡμῶν, λέγοντες, τάδε Δαυὶδ ποιεῖ· καὶ τόδε τὸ δικαίωμα αὐτοῦ πάσας τὰς ἡμέρας ἃς ἐκάθητο Δαυὶδ ἐν ἀγρῷ τῶν ἀλλοφύλων.
9725	ΒΑΣΙΛΕΙΩΝ Β 1:5	ἀπαγγελλοντι	ἀπαγγέλλοντι	1	unknown unaccented word	τῷ	αὐτῷ	\vs{5}Καὶ εἶπε Δαυὶδ τῷ παιδαρίῳ τῷ ἀπαγγελλοντι αὐτῷ, πῶς οἶδας ὅτι τέθνηκε Σαοὺλ καὶ Ἰωνάθαν ὁ υἱὸς αὐτοῦ;
9812	ΒΑΣΙΛΕΙΩΝ Β 3:14	υἱον	υἱὸν	1	unknown unaccented word	Ἰεβοσθὲ	Σαοὺλ	\vs{14}Καὶ ἐξαπέστειλε Δαυὶδ πρὸς Ἰεβοσθὲ υἱον Σαοὺλ ἀγγέλους, λέγων, ἀπόδος μοι τῆν γυναῖκά μου τὴν Μελχὸλ, ἣν ἔλαβον ἐν ἑκατὸν ἀκροβυστίαις ἀλλοφύλων.
9838	ΒΑΣΙΛΕΙΩΝ Β 3:34	σου οὐκ ἐν	σου οὐκ ἐν	5611	3+ consecutive unaccented	πόδες	πέδαις	\vs{34}Αἱ χεῖρές σου οὐκ ἐδέθησαν, οἱ πόδες σου οὐκ ἐν πέδαις· οὐ προσήγαγεν ὡς Νάβαλ, ἐνώπιον υἱῶν ἀδικίας ἔπεσας· καὶ συνήχθη πᾶς ὁ λαὸς τοῦ κλαῦσαι αὐτόν.
9920	ΒΑΣΙΛΕΙΩΝ Β 6:17	Δαυιδ	Δαυὶδ	1	unknown unaccented word	ἀνήνεγκε	ὁλοκαυτώματα	\vs{17}Καὶ φέρουσι τὴν κιβωτὸν τοῦ Κυρίου, καὶ ἀνέθηκαν αὐτὴν εἰς τὸν τόπον αὐτῆς εἰς μέσον τῆς σκηνῆς, ἧς ἔπηξεν αὐτῇ Δαυὶδ· καὶ ἀνήνεγκε Δαυιδ ὁλοκαυτώματα ἐνώπιον Κυρίου, εἰρηνικάς.
9997	ΒΑΣΙΛΕΙΩΝ Β 9:7	φαγῃ	φάγῃ	1	unknown unaccented word	σὺ	ἄρτον	\vs{7}Καὶ εἶπεν αὐτῷ Δαυίδ, μὴ φοβοῦ, ὅτι ποιῶν ποιήσω μετὰ σοῦ ἔλεος διὰ Ἰωνάθαν τὸν πατέρα σου, καὶ ἀποκαταστήσω σοι πάντα ἀγρὸν Σαοὺλ πατρὸς τοῦ πατρός σου, καὶ σὺ φαγῃ ἄρτον ἐπὶ τῆς τραπέζης μου διαπαντός.
10145	ΒΑΣΙΛΕΙΩΝ Β 13:29	ἡμιονον	ἡμίονον	1	unknown unaccented word	τὴν	αὐτοῦ	\vs{29}Καὶ ἐποίησαν τὰ παιδάρια Ἀβεσσαλὼμ τῷ Ἀμνὼν, καθὰ ἐνετείλατο αὐτοῖς Ἀβεσσαλώμ· καὶ ἀνέστησαν πάντες οἱ υἱοὶ τοῦ βασιλέως, καὶ ἐπεκάθισαν ἀνὴρ ἐπὶ τὴν ἡμιονον αὐτοῦ, καὶ ἔφυγον.
10227	ΒΑΣΙΛΕΙΩΝ Β 15:18	ὁ Χελεθι	ὁ Χελεθι	1	non-enclitic in pair: Χελεθι	πᾶς		\vs{18}Καὶ πάντες οἱ παῖδες αὐτοῦ ἀνὰ χεῖρα αὐτοῦ παρῆγον, καὶ πᾶς Χελεθὶ καὶ πᾶς ὁ Φελεθὶ, καὶ ἔστησαν ἐπὶ τῆς ἐλαίας ἐν τῇ ἐρήμῳ· καὶ πᾶς ὁ λαὸς παρεπορεύετο ἐχόμενος αὐτοῦ, καὶ πάντες οἱ περὶ αὐτὸν, καὶ πάντες οἱ ἁδροὶ, καὶ πάντες οἱ μαχηταὶ ἑξακόσιοι ἄνδρες· καὶ παρῆσαν ἐπὶ χεῖρα αὐτοῦ· καὶ πᾶς ὁ Χελεθι, καὶ πᾶς ὁ Φελεθὶ, καὶ πάντες οἱ Γεθαῖοι οἱ ἑξακόσιοι ἄνδρες οἱ ἐλθόντες τοῖς ποσὶν αὐτῶν ἐκ Γὲθ, καὶ πορευόμενοι ἐπὶ πρόσωπον τοῦ βασιλέως.
10309	ΒΑΣΙΛΕΙΩΝ Β 17:20	το	τὸ	2	unknown unaccented word	μικρὸν	ὕδατος	\vs{20}Καὶ ἦλθον οἱ παῖδες Ἀβεσσαλὼμ πρὸς τὴν γυναῖκα εἰς τὴν οἰκίαν, καὶ εἶπαν, ποῦ Ἀχιμάας καὶ Ἰωνάθαν; καὶ εἶπεν αὐτοῖς ἡ γυνὴ, παρῆλθαν μικρὸν το ὕδατος· καὶ ἐζήτησαν, καὶ οὐχ εὗραν, καὶ ἀνέστρεψαν εἰς Ἰερουσαλήμ.
10384	ΒΑΣΙΛΕΙΩΝ Β 19:15	βασιλεα	βασιλέα	3	unknown unaccented word	τὸν		\vs{15}Καὶ ἔκλινε τὴν καρδίαν παντὸς ἀνδρὸς Ἰούδα ὡς ἀνδρὸς ἑνός· καὶ ἀπέστειλαν πρὸς τὸν βασιλεα, λέγοντες, ἐπιστράφηθι σὺ καὶ πάντες οἱ δοῦλοί σου.
10582	ΒΑΣΙΛΕΙΩΝ Β 23:21	ἐν ῥἀβδῳ	ἐν ῥἄβδῳ	1	non-enclitic in pair: ῥἀβδῳ	αὐτὸν		\vs{21}Αὐτὸς ἐπάταξε τὸν ἄνδρα τὸν Αἰγύπτιον, ἄνδρα ὁρατὸν, ἐν δὲ τῇ χειρὶ τοῦ Αἰγυπτίου δόρυ ὡς ξύλον διαβάθρας· καὶ κατέβη πρὸς αὐτὸν ἐν ῥἀβδῳ, καὶ ἥρπασε τὸ δόρυ ἐκ τῆς χειρὸς τοῦ Αἰγυπτίου, καὶ ἀπέκτεινεν αὐτὸν ἐν τῷ δόρατι αὐτοῦ.
10725	ΒΑΣΙΛΕΙΩΝ Γ 2:17	εἰπον	εἰπὸν	3	unknown unaccented word	αὐτῇ	δὴ	\vs{17}Καὶ εἶπεν αὐτῇ, εἰπον δὴ πρὸς Σαλωμὼν τὸν βασιλέα, ὅτι οὐκ ἀποστρέψει τὸ πρόσωπον αὐτοῦ ἀπὸ σοῦ, καὶ δώσει μοι τὴν Ἀβισὰγ τὴν Σωμανίτιν εἰς γυναῖκα.
10755	ΒΑΣΙΛΕΙΩΝ Γ 2:35e	τἠν	τἢν	1	unknown unaccented word	καὶ	κρήνην	\vs{35e}καὶ ἐποίησε Σαλωμὼν τὴν θάλασσαν, καὶ τὰ ὑποστηρίγματα, καὶ τοὺς λουτῆρας τοὺς μεγάλους, καὶ τοὺς στύλους, καὶ τἠν κρήνην τῆς αὐλῆς, καὶ τὴν θάλασσαν τὴν χαλκῆν· καὶ ᾠκοδόμησε τὴν ἄκραν ἔπαλξιν ἐπʼ αὐτῆς, διεκόψεν τὴν πόλιν Δαυίδ.
10859	ΒΑΣΙΛΕΙΩΝ Γ 5:12	ᾠδαι	ᾠδαὶ	1	unknown unaccented word	ἦσαν	αὐτοῦ	\vs{12}Καὶ ἐλάλησε Σαλωμὼν τρισχιλίας παραβολὰς, καὶ ἦσαν ᾠδαι αὐτοῦ πεντακισχίλιαι.
10900	ΒΑΣΙΛΕΙΩΝ Γ 6:7	ἀκροτομοις	ἀκροτόμοις	1	unknown unaccented word	λίθοις	ἀργοῖς	\vs{7}Καὶ ὁ οἴκος ἐν τῷ οἰκοδομεῖσθαι αὐτὸν λίθοις ἀκροτομοις ἀργοῖς ᾠκοδομήθη· καὶ σφύρα καὶ πέλεκυς καὶ πᾶν σκεῦος σιδηροῦν οὐκ ἠκούσθη ἐν τῷ οἴκῳ ἐν τῷ οἰκοδομεῖσθαι αὐτόν.
10906	ΒΑΣΙΛΕΙΩΝ Γ 6:16	ἁγιον	ἅγιον	1	unknown unaccented word	τὸ	τῶν	\vs{16}Καὶ ᾠκοδόμησε τοὺς εἴκοσι πήχεις ἀπʼ ἄκρου τοῦ τοίχου τὸ πλευρὸν τὸ ἓν ἀπὸ τοῦ ἐδάφους ἕως τῶν δοκῶν· καὶ ἐποίησεν ἐκ τοῦ δαβὶρ εἰς τὸ ἁγιον τῶν ἁγίων.
11006	ΒΑΣΙΛΕΙΩΝ Γ 8:15	σημερον	σήμερον	1	unknown unaccented word	Ἰσραὴλ		\vs{15}Καὶ εἶπεν, εὐλογητὸς Κύριος ὁ Θεὸς Ἰσραὴλ σημερον, ὃς ἐλάλησεν ἐν τῷ στόματι αὐτοῦ περὶ Δαυὶδ τοῦ πατρός μου καὶ ἐν ταῖς χερσὶν αὐτοῦ ἐπλήρωσε, λέγον,
11032	ΒΑΣΙΛΕΙΩΝ Γ 8:36	λαῳ σου ἐν	λαῷ σου ἐν	1	3+ consecutive unaccented	τῷ	κληρονομίᾳ	\vs{36}καὶ εἰσακούσῃ ἐκ τοῦ οὐρανοῦ, καὶ ἵλεως ἔσῃ ταῖς ἁμαρτίαις τοῦ δούλου σου καὶ τοῦ λαοῦ σου Ἰσραήλ· ὅτι δηλώσεις αὐτοῖς τὴν ὁδὸν τὴν ἀγαθὴν πορεύεσθαι ἐν αὐτῇ, καὶ δώσεις ὑετὸν ἐπὶ τὴν γῆν ἣν ἔδωκας τῷ λαῳ σου ἐν κληρονομίᾳ.
11402	ΒΑΣΙΛΕΙΩΝ Γ 16:28a	αὐτοὐ	αὐτοῦ	1	unknown unaccented word	μητρὸς	Γαζουβὰ	\vs{28a}Καὶ ἐν τῷ ἐνιαυτῷ τῷ ἑνδεκάτῳ ἔτει τοῦ Ἀμβρὶ βασιλεύει Ἰωσαφὰτ υἱὸς Ἀσὰ ἐτῶν τριάκοντα καὶ πέντε ἐν τῇ βασιλείᾳ αὐτοῦ, καὶ εἰκοσιπέντε ἔτη ἐβασίλευσεν ἐν Ἱερουσαλήμ· καὶ ὄνομα τῆς μητρὸς αὐτοὐ Γαζουβὰ, θυγάτηρ Σελί·
11424	ΒΑΣΙΛΕΙΩΝ Γ 17:3	Χοῤῥαθ	Χορρὰθ	1	unknown unaccented word	χειμάῤῥῳ	τοῦ	\vs{3}πορεύου ἐντεῦθεν κατὰ ἀνατολὰς, καὶ κρύβηθι ἐν τῷ χειμάῤῥῳ Χοῤῥαθ τοῦ ἐπὶ προσώπου τοῦ Ἰορδάνου.
11499	ΒΑΣΙΛΕΙΩΝ Γ 18:40	συνελαβον	συνέλαβον	1	unknown unaccented word	καὶ	αὐτοὺς	\vs{40}Καὶ εἶπεν Ἠλιοὺ πρὸς τὸν λαὸν, συλλάβετε τοὺς προφήτας τοῦ Βάαλ, μηδεὶς σωθήτω ἐξ αὐτῶν· καὶ συνελαβον αὐτοὺς, καὶ κατάγει αὐτοὺς Ἠλιοὺ εἰς τὸν χειμάῤῥουν Κισσῶν, καὶ ἔσφαξεν αὐτοὺς ἐκεῖ.
11612	ΒΑΣΙΛΕΙΩΝ Γ 21:31	βασιλεα	βασιλέα	3	unknown unaccented word	πρὸς	Ἰσραὴλ	\vs{31}Καὶ εἶπε τοῖς παισὶν αὐτοῦ, οἶδα ὅτι βασιλεῖς Ἰσραὴλ βασιλεῖς ἐλέους εἰσίν· ἐπιθώμεθα δὴ σάκκους ἐπὶ τὰς ὀσφύας ἡμῶν, καὶ σχοινία ἐπὶ τὰς κεφαλὰς ἡμῶν, καὶ ἐξέλθωμεν πρὸς βασιλεα Ἰσραὴλ, εἴπως ζωογονήσει τὰς ψυχὰς ἡμῶν.
11722	ΒΑΣΙΛΕΙΩΝ Δ 1:18b	οὐχ ὡς οἱ	οὐχ ὡς οἱ	352	3+ consecutive unaccented	πλὴν	ἀδελφοὶ	\vs{18b}καὶ ἐποίησε τὸ πονηρὸν ἐνώπιον Κυρίου· πλὴν οὐχ ὡς οἱ ἀδελφοὶ αὐτοῦ, οὐδὲ ὡς ἡ μήτηρ αὐτοῦ·
11761	ΒΑΣΙΛΕΙΩΝ Δ 3:2	οὐχ ὡς ὁ	οὐχ ὡς ὁ	352	3+ consecutive unaccented	πλὴν	πατὴρ	\vs{2}Καὶ ἐποίησε τὸ πονηρὸν ἐν ὀφθαλμοῖς Κυρίου· πλὴν οὐχ ὡς ὁ πατὴρ αὐτοῦ, καὶ οὐχ ὡς ἡ μήτηρ αὐτοῦ· καὶ μετέστησε τὰς στήλας τοῦ Βάαλ, ἃς ἐποίησεν ὁ πατὴρ αὐτοῦ.
11761	ΒΑΣΙΛΕΙΩΝ Δ 3:2	οὐχ ὡς ἡ	οὐχ ὡς ἡ	352	3+ consecutive unaccented	καὶ	μήτηρ	\vs{2}Καὶ ἐποίησε τὸ πονηρὸν ἐν ὀφθαλμοῖς Κυρίου· πλὴν οὐχ ὡς ὁ πατὴρ αὐτοῦ, καὶ οὐχ ὡς ἡ μήτηρ αὐτοῦ· καὶ μετέστησε τὰς στήλας τοῦ Βάαλ, ἃς ἐποίησεν ὁ πατὴρ αὐτοῦ.
11931	ΒΑΣΙΛΕΙΩΝ Δ 7:4	ἐμπεσωμεν εἰς	ἐμπέσωμεν εἰς	1	non-enclitic in pair: ἐμπεσωμεν	καὶ	τὴν	\vs{4}Ἐὰν εἴπωμεν, εἰσέλθωμεν εἰς τὴν πόλιν, καὶ ὁ λιμὸς ἐν τῇ πόλει, καὶ ἀποθανούμεθα ἐκεῖ· καὶ ἐὰν καθίσωμεν ὧδε, καὶ ἀποθανούμεθα· καὶ νῦν δεῦτε, καὶ ἐμπεσωμεν εἰς τὴν παρεμβολὴν Συρίας· ἐὰν ζωογονήσωσιν ἡμᾶς, καὶ ζησόμεθα· καὶ ἐὰν θανατώσωσιν ἡμᾶς, καὶ ἀποθανούμεθα.
11937	ΒΑΣΙΛΕΙΩΝ Δ 7:9	πλησιον	πλησίον	2	unknown unaccented word	τὸν	αὐτοῦ	\vs{9}Καὶ εἶπεν ἀνὴρ πρὸς τὸν πλησιον αὐτοῦ, οὐχ οὕτως ἡμεῖς ποιοῦμεν· ἡ ἡμέρα αὕτη, ἡμέρα εὐαγγελίας ἐστὶ, καὶ ἡμεῖς σιωπῶμεν, καὶ μένομεν ἕως φωτὸς τοῦ πρωῒ, καὶ εὑρήσομεν ἀνομίαν· καὶ νῦν δεῦρο, καὶ εἰσέλθωμεν καὶ ἀναγγείλωμεν εἰς τὸν οἶκον τοῦ βασιλέως.
11993	ΒΑΣΙΛΕΙΩΝ Δ 9:3	εἰπον	εἰπὸν	3	unknown unaccented word	καὶ		\vs{3}Καὶ λήψῃ τὸν φακὸν τοῦ ἐλαίου, καὶ ἐπιχεεῖς ἐπὶ τὴν κεφαλὴν αὐτοῦ, καὶ εἰπον, τάδε λέγει Κύριος, κέχρικά σε εἰς βασιλέα ἐπὶ Ἰσραήλ· καὶ ἀνοίξεις τὴν θύραν, καὶ φεύξῃ καὶ οὐ μενεῖς.
12036	ΒΑΣΙΛΕΙΩΝ Δ 9:37	Ἰεζραλ	Ἰεζραλ	1	unknown unaccented word	μερίδι		\vs{37}Καὶ ἔσται τὸ θνησιμαῖον Ἰεζάβελ ὡς κοπρία ἐπὶ προσώπου τοῦ ἀγροῦ ἐν τῇ μερίδι Ἰεζραλ, ὥστε μὴ εἰπεῖν αὐτοὺς, Ἰεζάβελ.
12175	ΒΑΣΙΛΕΙΩΝ Δ 14:1	ἐβασιλευσεν	ἐβασίλευσεν	1	unknown unaccented word	καὶ	Ἀμεσσίας	Ἐν ἔτει δευτέρῳ τῷ Ἰωὰς υἱῷ Ἰωάχαζ βασιλεῖ Ἰσραὴλ, καὶ ἐβασιλευσεν Ἀμεσσίας υἱὸς Ἰωὰς βασιλεὺς Ἰούδα.
12198	ΒΑΣΙΛΕΙΩΝ Δ 14:20	ῃραν	ἦραν	1	unknown unaccented word	Καὶ	αὐτὸν	\vs{20}Καὶ ῃραν αὐτὸν ἐφʼ ἵππων, καὶ ἐτάφη ἐν Ἱερουσαλὴμ μετὰ τῶν πατέρων αὐτοῦ ἐν πόλει Δαυίδ.
12249	ΒΑΣΙΛΕΙΩΝ Δ 15:29	ἀπῳκισεν	ἀπῴκισεν	1	unknown unaccented word	καὶ	αὐτοὺς	\vs{29}Ἐν ταῖς ἡμέραις Φακεὲ βασιλέως Ἰσραὴλ ἦλθε Θαλγαθφελλασὰρ βασιλεὺς Ἀσσυρίων, καὶ ἔλαβε τὴν Αἲν καὶ τὴν Ἀβὲλ καὶ τὴν Θαμααχὰ καὶ τὴν Ἀνιὼχ καὶ τὴν Κενὲζ καὶ τὴν Ἀσὼρ καὶ τὴν Γαλαὰν καὶ τὴν Γαλιλαίαν, πᾶσαν γῆν Νεφθαλὶ, καὶ ἀπῳκισεν αὐτοὺς εἰς Ἀσσυρίους.
12290	ΒΑΣΙΛΕΙΩΝ Δ 17:2	οὐχ ὡς οἱ	οὐχ ὡς οἱ	352	3+ consecutive unaccented	πλὴν	βασιλεῖς	\vs{2}Καὶ ἐποίησε τὸ πονηρὸν ἐν ὀφθαλμοῖς Κυρίου, πλὴν οὐχ ὡς οἱ βασιλεῖς Ἰσραὴλ οἳ ἦσαν ἔμπροσθεν αὐτοῦ.
12366	ΒΑΣΙΛΕΙΩΝ Δ 18:21	ῥἁβδον	ῥἅβδον	1	unknown unaccented word	τὴν	τὴν	\vs{21}Νῦν ἰδοὺ πέποιθας σαυτῷ ἐπὶ τὴν ῥἁβδον τὴν καλαμίνην τὴν τεθλασμένην ταύτην, ἐπʼ Αἴγυπτον; ὃς ἂν στηριχθῇ ἀνὴρ ἐπʼ αὐτὴν, καὶ εἰσελεύσεται εἰς τὴν χεῖρα αὐτοῦ, καὶ τρήσει αὐτήν· οὕτως Φαραὼ βασιλεὺς Αἰγύπτου πᾶσι τοῖς πεποιθόσιν ἐπʼ αὐτόν.
12529	ΒΑΣΙΛΕΙΩΝ Δ 23:6	Κεδρων	Κεδρὼν	1	unknown unaccented word	χειμάῤῥῳ		\vs{6}Καὶ ἐξήνεγκε τὸ ἄλσος ἐξ οἴκου Κυρίου ἔξωθεν Ἰερουσαλὴμ εἰς τὸν χειμάῤῥουν Κέδρων, καὶ κατέκαυσεν αὐτὸν ἐν τῷ χειμάῤῥῳ Κεδρων, καὶ ἐλέπτυνεν εἰς χοῦν· καὶ ἔῤῥιψε τὸν χοῦν αὐτοῦ εἰς τὸν τάφον τῶν υἱῶν τοῦ λαοῦ.
12695	ΠΑΡΑΛΕΙΠΟΜΕΝΩΝ Α 2:4	Ζαρα	Ζάρα	1	unknown unaccented word	τὸν		\vs{4}Καὶ Θάμαρ ἡ νύμφη αὐτοῦ ἔτεκεν αὐτῷ τὸν Φαρὲς, καὶ τὸν Ζαρα· πάντες υἱοὶ Ἰούδα πέντε.
12812	ΠΑΡΑΛΕΙΠΟΜΕΝΩΝ Α 4:22	αὐτος	αὐτὸς	2	unknown unaccented word	ἀπέστρεψεν	ἀβεδηρὶν	\vs{22}καὶ Ἰωακὶμ, καὶ ἄνδρες Χωζηβὰ, καὶ Ἰωὰς, καὶ Σαρὰφ, οἳ κατῴκησαν ἐν Μωάβ· καὶ ἀπέστρεψεν αὐτος ἀβεδηρὶν, ἀθουκιΐμ·
12975	ΠΑΡΑΛΕΙΠΟΜΕΝΩΝ Α 7:11	ἑπτα	ἑπτὰ	2	unknown unaccented word	δυνάμει	καίδεκα	\vs{11}Πάντες οὗτοι υἱοὶ Ἰεδιὴλ, ἄρχοντες τῶν πατριῶν ἰσχυροὶ δυνάμει, ἑπτα καίδεκα χιλιάδες καὶ διακόσιοι, ἐκπορευόμενοι δυνάμει πολεμεῖν.
13135	ΠΑΡΑΛΕΙΠΟΜΕΝΩΝ Α 11:4	Δανιδ	Δανιδ	1	unknown unaccented word	τῷ		\vs{4}Καὶ ἐπορεύθη ὁ βασιλεὺς καὶ ἄνδρες αὐτοῦ εἰς Ἱερουσαλὴμ, αὕτη Ἰεβοὺς, καὶ ἐκεῖ οἱ κατοικοῦντες τὴν γῆν εἶπον τῷ Δανιδ, οὐκ εἰσελεύση ὧδε·
13205	ΠΑΡΑΛΕΙΠΟΜΕΝΩΝ Α 12:18	μου οὐκ ἐν	μου οὐκ ἐν	4317	3+ consecutive unaccented	ἐχθροῖς	ἀληθείᾳ	\vs{18}Καὶ Δαυὶδ ἐξῆλθεν εἰς ἀπάντησιν αὐτῶν, καὶ εἶπεν αὐτοῖς, εἰ εἰς εἰρήνην ἥκατε πρὸς μέ, εἴη μοι καρδία καθʼ ἑαυτὴν ἐφʼ ὑμᾶς· καὶ εἰ τοῦ παραδοῦναί με τοῖς ἐχθροῖς μου οὐκ ἐν ἀληθείᾳ χειρὸς, ἴδοι ὁ Θεὸς τῶν πατέρων ὑμῶν καὶ ἐλέγξαιτο.
13298	ΠΑΡΑΛΕΙΠΟΜΕΝΩΝ Α 15:20	Ὠνι	Ὠνι	1	unknown unaccented word	Ἰεϊὴλ		\vs{20}Ζαχαρίας, καὶ Ὀζιὴλ, Σεμιραμὼθ, Ἰεϊὴλ, Ὠνι, Ἐλιὰβ, Μαασαίας, Βαναίας ἐν νάβλαις ἐπὶ ἀλαιμώθ.
13316	ΠΑΡΑΛΕΙΠΟΜΕΝΩΝ Α 16:5	Ἀβδεδομ	Ἀβδεδόμ	1	unknown unaccented word	καὶ		\vs{5}Ἀσὰφ ὁ ἡγούμενος, καὶ δευτερεύων αὐτῷ Ζαχαρίας, Ἰεϊὴλ, Σεμιραμὼθ, καὶ Ἰεϊὴλ, Ματταθίας, Ἐλιὰβ, καὶ Βαναΐας, καὶ Ἀβδεδομ· καὶ Ἰεϊὴλ ἐν ὀργάνοις, νάβλαις, κινύραις, καὶ Ἀσὰφ ἐν κυμβάλοις ἀναφωνῶν·
13321	ΠΑΡΑΛΕΙΠΟΜΕΝΩΝ Α 16:8	Ὠδη	ᾠδή	1	unknown unaccented word			\vs{8}Ὠδη. Ἐξομολογεῖσθε τῷ Κυρίῳ, ἐπικαλεῖσθε αὐτὸν ἐν ὀνόματι αὐτοῦ, γνωρίσατε ἐν λαοῖς τὰ ἐπιτηδεύματα αὐτοῦ.
13409	ΠΑΡΑΛΕΙΠΟΜΕΝΩΝ Α 18:10	Ἁδρααζαρ	Ἁδραάζαρ	1	unknown unaccented word	τὸν		\vs{10}Καὶ ἀπέστειλεν τὸν Ἀδουρὰμ υἱὸν αὐτοῦ πρὸς τὸν βασιλέα Δαυὶδ τοῦ ἐρωτῆσαι αὐτὸν τὰ εἰς εἰρήνην, καὶ τοῦ εὐλογῆσαι αὐτὸν ὑπὲρ οὗ ἐπολέμησε τὸν Ἁδρααζαρ, καὶ ἐπάταξεν αὐτόν, ὅτι ἀνὴρ πολέμιος Θῶα ἦν τῷ Ἁδραάζαρ· καὶ πάντα τὰ σκεύη τὰ χρυσᾶ, καὶ τὰ ἀργυρᾶ,
13506	ΠΑΡΑΛΕΙΠΟΜΕΝΩΝ Α 22:8	ἐμου	ἐμοῦ	1	unknown unaccented word	ἐναντίον		\vs{8}Καὶ ἐγένετό μοι λόγος Κυρίου, λέγων, αἷμα εἰς πλῆθος ἐξέχεας, καὶ πολέμους μεγάλους ἐποίησας· οὐκ οἰκοδομήσεις οἶκον τῷ ὀνόματί μου, ὅτι αἵματα πολλὰ ἐξέχεας ἐπὶ τὴν γῆν ἐναντίον ἐμου.
13545	ΠΑΡΑΛΕΙΠΟΜΕΝΩΝ Α 23:21	Ἐλεαζαρ	Ἐλεαζὰρ	1	unknown unaccented word	Μοολὶ		\vs{21}Yἱοὶ Μεραρί, Μοολὶ καὶ Ὁ Μουσί· υἱοὶ Μοολὶ, Ἐλεαζαρ, καὶ Κείς. καὶ Κίς.
14003	ΠΑΡΑΛΕΙΠΟΜΕΝΩΝ Β 8:14	ἡμερᾳ	ἡμέρα	2	unknown unaccented word	τῇ		\vs{14}Καὶ ἔστησε κατὰ τὴν κρίσιν Δαυὶδ τοῦ πατρὸς αὐτοῦ τὰς διαιρέσεις τῶν ἱερέων, καὶ κατὰ τὰς λειτουργίας αὐτῶν· καὶ οἱ Λευῖται ἐπὶ τὰς φυλακὰς αὐτῶν, τοῦ αἰνεῖν καὶ λειτουργεῖν κατέναντι τῶν ἱερέων κατὰ τὸν λόγον ἡμέρας ἐν τῇ ἡμερᾳ· καὶ οἱ πυλωροὶ κατὰ τὰς διαιρέσεις αὐτῶν εἰς πύλην καὶ πύλην, ὅτι οὕτως ἐντολαὶ Δαυὶδ ἀνθρώπου τοῦ Θεοῦ·
14049	ΠΑΡΑΛΕΙΠΟΜΕΝΩΝ Β 9:31	ἐβασιλευσε	ἐβασιλευσε	1	unknown unaccented word	καὶ	Ῥοβοὰμ	\vs{31}Καὶ ἐκοιμήθη Σαλωμὼν, καὶ ἔθαψαν αὐτὸν ἐν πόλει Δαυὶδ τοῦ πατρὸς αὐτοῦ, καὶ ἐβασιλευσε Ῥοβοὰμ υἱὸς αὐτοῦ ἀντʼ αὐτοῦ.
14132	ΠΑΡΑΛΕΙΠΟΜΕΝΩΝ Β 13:2	πολεμος	πόλεμος	1	unknown unaccented word	Καὶ	ἦν	Καὶ πολεμος ἦν ἀναμέσον Ἀβιὰ καὶ ἀναμέσον Ἱεροβοάμ.
14171	ΠΑΡΑΛΕΙΠΟΜΕΝΩΝ Β 14:10	πεποιθαμεν	πεποίθαμεν	1	unknown unaccented word	σοὶ		\vs{10}Καὶ ἐβόησεν Ἀσὰ πρὸς Κύριον Θεὸν αὐτοῦ, καὶ εἶπε, Κύριε, οὐκ ἀδυνατεῖ παρὰ σοὶ σώζειν ἐν πολλοῖς καὶ ἐν ὀλίγοις· κατίσχυσον ἡμᾶς Κύριε ὁ Θεὸς ἡμῶν, ὅτι ἐπὶ σοὶ πεποιθαμεν, καὶ ἐπὶ τῷ ὀνόματί σου ἤλθομεν ἐπὶ τὸ πλῆθος τὸ πολὺ τοῦτο· Κύριε ὁ Θεὸς ἡμῶν, μὴ κατισχυσάτω πρὸς σὲ ἄνθρωπος.
14236	ΠΑΡΑΛΕΙΠΟΜΕΝΩΝ Β 17:11	οἱ Ἀραβες	οἱ Ἄραβες	1	non-enclitic in pair: Ἀραβες	καὶ	ἔφερον	\vs{11}Καὶ ἀπὸ τῶν ἀλλοφύλων ἔφερον τῷ Ἰωσαφὰτ δῶρα καὶ ἀργύριον καὶ δόματα· καὶ οἱ Ἀραβες ἔφερον αὐτῷ κριοὺς προβάτων ἑπτακισχιλίους ἑπτακοσίους.
14516	ΠΑΡΑΛΕΙΠΟΜΕΝΩΝ Β 26:14	δυναμει	δυνάμει	1	unknown unaccented word	τῇ	θυρεοὺς	\vs{14}Καὶ ἡτοίμασεν αὐτοῖς Ὀζίας πάσῃ τῇ δυναμει θυρεοὺς καὶ δόρατα καὶ περικεφαλαίας καὶ θώρακας καὶ τόξα καὶ εἰς λίθους σφενδόνας·
14663	ΠΑΡΑΛΕΙΠΟΜΕΝΩΝ Β 31:4	μεριδα	μερίδα	1	unknown unaccented word	τὴν	τῶν	\vs{4}Καὶ εἶπαν τῷ λαῷ τοῖς κατοικοῦσιν ἐν Ἱερουσαλὴμ, δοῦναι τὴν μεριδα τῶν ἱερέων καὶ τῶν Λευιτῶν, ὅπως κατισχύσωσιν ἐν τῇ λειτουργίᾳ οἴκου Κυρίου.
14753	ΠΑΡΑΛΕΙΠΟΜΕΝΩΝ Β 33:21	ἑβασιλευσεν ἐν	ἐβασίλευσεν ἐν	1	non-enclitic in pair: ἑβασιλευσεν	ἔτη	Ἱερουσαλήμ	\vs{21}Ὢν ἐτῶν εἴκοσι καὶ δύο Ἀμὼν ἐν τῷ βασιλεύειν αὐτὸν, καὶ δύο ἔτη ἑβασιλευσεν ἐν Ἱερουσαλήμ.
14847	ΠΑΡΑΛΕΙΠΟΜΕΝΩΝ Β 36:4	Ἰωαχαζ	Ἰωαχὰζ	1	unknown unaccented word	τὸν	ἀδελφὸν	\vs{4}Καὶ κατέστησε Φαραὼ Νεχαὼ τὸν Ἐλιακὶμ υἱὸν Ἰωσίου βασιλέα ἐπὶ Ἰούδα ἀντὶ Ἰωσίου τοῦ πατρὸς αὐτοῦ, καὶ μετέστρεψε τὸ ὄνομα αὐτοῦ Ἰωακίμ· καὶ τὸν Ἰωαχαζ ἀδελφὸν αὐτοῦ ἔλαβε Φαραὼ Νεχαὼ, καὶ εἰσήγαγεν αὐτὸν εἰς Αἴγυπτον, καὶ ἀπέθανεν ἐκεῖ·
15153	ΕΣΔΡΑΣ 8:3	συστρεμμα	σύστρεμμα	1	unknown unaccented word	τὸ	ἑκατὸν	\vs{3}Ἀπὸ υἱῶν Σαχανία, καὶ ἀπὸ υἱῶν Φόρος, Ζαχαρίας, καὶ μετ αὐτοῦ τὸ συστρεμμα ἑκατὸν καὶ πεντήκοντα.
15210	ΕΣΔΡΑΣ 9:15	ἡμεις	ἡμεῖς	1	unknown unaccented word	ἰδοὺ	ἐναντίον	\vs{15}Κύριε ὁ Θεὸς Ἰσραὴλ, δίκαιος σὺ, ὅτι κατελείφθημεν διασωζόμενοι, ὡς ἡ ἡμέρα αὕτη· ἰδοὺ ἡμεις ἐναντίον σου ἐν πλημμελείαις ἡμῶν, ὅτι οὐκ ἔστι στῆναι ἐνώπιόν σου ἐπὶ τούτῳ.
15255	ΕΣΔΡΑΣ 10:38	οἱ υἱοἱ	οἱ υἱοὶ	1	non-enclitic in pair: υἱοἱ		Βανουὶ	\vs{38}οἱ υἱοἱ Βανουὶ, καὶ οἱ υἱοὶ Σεμεῒ,
15354	ΝΕΕΜΙΑΣ 3:35	λιθων	λίθων	1	unknown unaccented word	τεῖχος	αὐτῶν	\vs{35}Καὶ Τωβίας ὁ Ἀμμανίτης ἐχόμενα αὐτοῦ ἦλθε, καὶ εἶπε πρὸς αὐτοὺς, μὴ θυσιάζουσιν ἢ φάγονται ἐπὶ τοῦ τόπου αὐτῶν; οὐχὶ ἀναβήσεται ἀλώπηξ καὶ καθελεῖ τὸ τεῖχος λιθων αὐτῶν;
15389	ΝΕΕΜΙΑΣ 5:7	τους	τοὺς	2	unknown unaccented word	πρὸς	ἐντίμους	\vs{7}Καὶ ἐβουλεύσατο καρδία μου ἐπʼ ἐμέ· καὶ ἐμαχεσάμην πρὸς τους ἐντίμους καὶ τοὺς ἄρχοντας, καὶ εἶπα αὐτοῖς, ἀπαιτήσει ἀνὴρ τὸν ἀδελφὸν αὐτοῦ, ἃ ὑμεῖς ἀπαιτεῖτε; καὶ ἔδωκα ἐπʼ αὐτοὺς ἐκκλησίαν μεγάλην,
15396	ΝΕΕΜΙΑΣ 5:13	ἀμην	ἀμήν	1	unknown unaccented word	ἐκκλησία		\vs{13}Καὶ τὴν ἀναβολήν μου ἐξετίναξα, καὶ εἶπα, οὕτως ἐκτινάξαι ὁ Θεὸς πάντα ἄνδρα, ὃς οὐ στήσει τὸν λόγον τοῦτον, ἐκ τοῦ οἴκου αὐτοῦ καὶ ἐκ κόπου αὐτοῦ, καὶ ἔσται οὕτως ἐκτετιναγμένος καὶ κενός· καὶ εἶπε πᾶσα ἡ ἐκκλησία, ἀμην· καὶ ᾔνεσαν τὸν Κύριον· καὶ ἐποίησεν ὁ λαὸς τὸ ῥῆμα τοῦτο.
15546	ΝΕΕΜΙΑΣ 7:70	ἐργον	ἔργον	1	unknown unaccented word	τὸ	τῷ	\vs{70}Καὶ ἀπὸ μέρους ἀρχηγῶν τῶν πατριῶν ἔδωκαν εἰς τὸ ἐργον τῷ Νεεμίᾳ εἰς θησαυρὸν χρυσοῦς χιλίους, φιάλας πεντήκοντα, καὶ χωθωνὼθ τῶν ἱερέων τριάκοντα.
15728	ΝΕΕΜΙΑΣ 12:21	Ἀσαβιας	Ἁσαβίας	1	unknown unaccented word	Ἐλκίᾳ		\vs{21}Τῷ Ἐλκίᾳ, Ἀσαβιας· τῷ Ἰεδεϊοὺ, Ναθαναήλ
15814	ΕΣΘΗΡ 1:1g	θλιψις	θλίψις	1	unknown unaccented word	γνόφου	καὶ	\vs{1g}Καὶ ἰδοὺ ἡμέρα σκότους καὶ γνόφου, θλιψις καὶ στενοχωρία, κάκωσις καὶ τάραχος μέγας ἐπὶ τῆς γῆς.
16056	ΕΣΘΗΡ 8:12l	πατερα	πατέρα	2	unknown unaccented word	ἡμῶν		\vs{12l}ἔτυχεν ἧς ἔχομεν πρὸς πᾶν ἔθνος φιλανθρωπίας ἐπὶ τοσοῦτον, ὥστε ἀναγορεύεσθαι ἡμῶν πατερα, καὶ προσκυνούμενον ὑπὸ πάντων τὸ δεύτερον τοῦ βασιλικοῦ θρόνου πρόσωπον διατελεῖν.
16420	ΙΩΒ 10:7	ἐστιν ὁ ἐκ	ἐστιν ὁ ἐκ	474	3+ consecutive unaccented	τίς	τῶν	\vs{7}Οἶδας γὰρ ὅτι οὐκ ἠσέβησα· ἀλλὰ τίς ἐστιν ὁ ἐκ τῶν χειρῶν σου ἐξαιρούμενος;
16489	ΙΩΒ 12:18	περιεδησε	περιεδησε	1	unknown unaccented word	καὶ	ζώνῃ	\vs{18}Καθιζάνων βασιλεῖς ἐπὶ θρόνους, καὶ περιεδησε ζώνῃ ὀσφύας αὐτῶν.
16647	ΙΩΒ 17:13	γνοφῳ	γνόφῳ	1	unknown unaccented word	δὲ	ἔστρωταί	\vs{13}Ἐὰν γὰρ ὑπομείνω, ᾅδης μου ὁ οἶκος, ἐν δὲ γνοφῳ ἔστρωταί μου ἡ στρωμνή.
16887	ΙΩΒ 25:2	ἐν ὑψιστῳ	ἐν ὑψίστῳ	1	non-enclitic in pair: ὑψιστῳ	σύμπασαν		\vs{2}Τί γὰρ προοίμιον ἢ φόβος παρʼ αὐτοῦ ὁ ποιῶν τὴν σύμπασαν ἐν ὑψιστῳ;
16928	ΙΩΒ 27:14	δἐ	δἒ	1	unknown unaccented word	Ἐὰν	πολλοὶ	\vs{14}Ἐὰν δἐ πολλοὶ γένωνται οἱ υἱοὶ αὐτῶν, εἰς σφαγὴν ἔσονται· ἐὰν δὲ καὶ ἀνδρωθῶσι, προσαιτήσουσιν.
17141	ΙΩΒ 33:23	χιλιοι αγγελοι	χίλιοι ἄγγελοι	1	non-enclitic in pair: χιλιοι, αγγελοι	ὦσι	θανατηφόροι	\vs{23}Ἐὰν ὦσι χιλιοι αγγελοι θανατηφόροι, εἷς αὐτῶν οὐ μὴ τρώσῃ αὐτόν· ἐὰν νοήσῃ τῇ καρδίᾳ ἐπιστραφῆναι πρὸς Κύριον, ἀναγγείλῃ δὲ ἀνθρώπῳ τὴν ἑαυτοῦ μέμψιν, τὴν δὲ ἄνοιαν αὐτοῦ δείξῃ,
17192	ΙΩΒ 34:30	ἀνθρωπον	ἄνθρωπον	1	unknown unaccented word	Βασιλεύων	ὑποκριτὴν	\vs{30}Βασιλεύων ἀνθρωπον ὑποκριτὴν ἀπὸ δυσκολίας λαοῦ.
17520	ΨΑΛΜΟΙ 4:1	τᾠ	τᾦ	1	unknown unaccented word	ᾠδὴ	Δαυίδ	\begin{psalmheading}{\ch{4}{4} Εἰς τὸ τέλος, ἐν ψαλμοῖς ᾠδὴ τᾠ Δαυίδ.}
17538	ΨΑΛΜΟΙ 5:5	παροικησει σοι	παροικήσει σοι	1	non-enclitic in pair: παροικησει	οὐδὲ	πονηρευόμενος	\vs{5}Ὅτι οὐχὶ Θεὸς θέλων ἀνομίαν σὺ εἶ· οὐδὲ παροικησει σοι πονηρευόμενος,
17725	ΨΑΛΜΟΙ 16:6	ἐκεκραξα	ἐκέκραξα	1	unknown unaccented word	Ἐγὼ		\vs{6}Ἐγὼ ἐκεκραξα, ὅτι ἐπήκουσας μου ὁ Θεός· κλῖνον τὸ οὖς σου ἐμοὶ, καὶ εἰσάκουσον τῶν ῥημάτων μου.
17874	ΨΑΛΜΟΙ 21:25	Οτι οὐκ	Ὅτι οὐκ	2	non-enclitic in pair: Οτι		ἐξουδένωσεν	\vs{25}Οτι οὐκ ἐξουδένωσεν οὐδὲ προσώχθισε τῇ δεήσει τοῦ πτωχοῦ, οὐδὲ ἀπέστρεψε τὸ πρόσωπον αὐτοῦ ἀπʼ ἐμοῦ· καὶ ἐν τῷ κεκραγέναι με πρὸς αὐτὸν εἰσήκουσέ μου.
17955	ΨΑΛΜΟΙ 26:3	ἐλπιζω	ἐλπίζω	1	unknown unaccented word	ἐγὼ		\vs{3}Ἐὰν παρατάξηται ἐπʼ ἐμὲ παρεμβολὴ, οὐ φοβηθήσεται ἡ καρδία μου· ἐὰν ἐπαναστῇ ἐπʼ ἐμὲ πόλεμος, ἐν ταύτῃ ἐγὼ ἐλπιζω.
17968	ΨΑΛΜΟΙ 26:14	Κυριον	Κύριον	1	unknown unaccented word	τὸν		\vs{14}Ὑπόμεινον τὸν Κυριον, ἀνδρίζου, καὶ κραταιούσθω ἡ καρδία σου, καὶ ὑπόμεινον τὸν Κύριον.
18231	ΨΑΛΜΟΙ 37:8	ἐπλησθη	ἐπλήσθη	1	unknown unaccented word	μου	ἐμπαιγμῶν	\vs{8}Ὅτι ἡ ψυχή μου ἐπλησθη ἐμπαιγμῶν, καὶ οὐκ ἔστιν ἴασις ἐν τῇ σαρκί μου.
18648	ΨΑΛΜΟΙ 58:5	Ανευ	Ἄνευ	1	unknown unaccented word		ἀνομίας	\vs{5}Ανευ ἀνομίας ἔδραμον καὶ κατεύθυνα· ἐξεγέρθητι εἰς συνάντησίν μου, καὶ ἴδε.
18860	ΨΑΛΜΟΙ 68:17	ἐμε	ἐμέ	1	unknown unaccented word	ἐπ		\vs{17}Εἰσάκουσόν μου Κύριε, ὅτι χρηστὸν τὸ ἔλεός σου, κατὰ τὸ πλῆθος τῶν οἰκτιρμῶν σου ἐπίβλεψον ἐπʼ ἐμε.
19084	ΨΑΛΜΟΙ 77:9	ἐντεινοντες	ἐντείνοντες	1	unknown unaccented word	Ἐφραὶμ	καὶ	\vs{9}Υἱοὶ Ἐφραὶμ ἐντεινοντες καὶ βάλλοντες τόξον, ἐστράφησαν ἐν ἡμέρᾳ πολέμου.
19093	ΨΑΛΜΟΙ 77:17	παρεπικραναν	παρεπίκραναν	1	unknown unaccented word	αὐτῷ	τὸν	\vs{17}Καὶ προσέθεντο ἔτι τοῦ ἁμαρτάνειν αὐτῷ· παρεπικραναν τὸν ὕψιστον ἐν ἀνύδρῳ,
19147	ΨΑΛΜΟΙ 77:62	ἐχθρου	ἐχθροῦ	1	unknown unaccented word			\vs{62}ἐχθρου. Καὶ συνέκλεισεν εἰς ῥομφαίαν τὸν λαὸν αὐτοῦ, καὶ τὴν κληρονομίαν αὐτοῦ ὑπερεῖδε·
19235	ΨΑΛΜΟΙ 81:5	θεμελια	θεμέλια	1	unknown unaccented word	τὰ	τῆς	\vs{5}Οὐκ ἔγνωσαν οὐδὲ συνῆκαν, ἐν σκότει διαπορεύονται· σαλευθήσονται πάντα τὰ θεμελια τῆς γῆς.
19413	ΨΑΛΜΟΙ 88:51	ὀνειδισμου	ὀνειδισμοῦ	1	unknown unaccented word	τοῦ	τῶν	\vs{51}Μνήσθητι Κύριε τοῦ ὀνειδισμου τῶν δούλων σου οὗ ὑπέσχον ἐν τῷ κόλπῳ μου πολλῶν ἐθνῶν·
19706	ΨΑΛΜΟΙ 103:21	Σκυμνοι	Σκύμνοι	1	unknown unaccented word		ὠρυόμενοι	\vs{21}Σκυμνοι ὠρυόμενοι ἁρπάσαι, καὶ ζητῆσαι παρὰ τοῦ Θεοῦ βρῶσιν αὐτοῖς.
19727	ΨΑΛΜΟΙ 104:2	Ασατε	ᾄσατε	1	unknown unaccented word		αὐτῷ	\vs{2}Ασατε αὐτῷ καὶ ψάλατε αὐτῷ. διηγήσασθε πάντα τὰ θαυμάσια αὐτοῦ.
20072	ΨΑΛΜΟΙ 117:6	ποιησει μοι	ποιήσει μοι	1	non-enclitic in pair: ποιησει	τί	ἄνθρωπος	\vs{6}Κύριος ἐμοὶ βοηθὸς, καὶ οὐ φοβηθήσομαι τί ποιησει μοι ἄνθρωπος.
20197	ΨΑΛΜΟΙ 118:85	οὐχ ὡς ὁ	οὐχ ὡς ὁ	352	3+ consecutive unaccented	ἀλλ	νόμος	\vs{85}Διηγήσαντό μοι παράνομοι ἀδολεσχίας, ἀλλʼ οὐχ ὡς ὁ νόμος σου Κύριε.
20713	ΨΑΛΜΟΙ 146:11	ἐλπιζουσιν	ἐλπίζουσιν	1	unknown unaccented word	τοῖς	ἐπὶ	\vs{11}Εὐδοκεῖ Κύριος ἐν τοῖς φοβουμένοις αὐτὸν, καὶ ἐν πᾶσιν τοῖς ἐλπιζουσιν ἐπὶ τὸ ἔλεος αὐτοῦ.
20790	ΠΑΡΟΙΜΙΑΙ ΣΑΛΩΜΩΝΤΟΣ 1:7	Κυριου	Κυρίου	2	unknown unaccented word	φόβος		\vs{7}Ἀρχὴ σοφίας φόβος Κυριου, σύνεσις δὲ ἀγαθὴ πᾶσι τοῖς ποιοῦσιν αὐτήν· εὐσέβεια δὲ εἰς Θεὸν ἀρχὴ αἰσθήσεως, σοφίαν δὲ καὶ παιδείαν ἀσεβεῖς ἐξουθενήσουσιν.
20926	ΠΑΡΟΙΜΙΑΙ ΣΑΛΩΜΩΝΤΟΣ 4:27a	εἰσιν αἱ ἐξ	εἰσιν αἱ ἐξ	80	3+ consecutive unaccented	δέ	ἀριστερῶν	\vs{27a}ὁδοὺς γὰρ τὰς ἐκ δεξιῶν οἶδεν ὁ Θεὸς, διεστραμμέναι δέ εἰσιν αἱ ἐξ ἀριστερῶν·
21110	ΠΑΡΟΙΜΙΑΙ ΣΑΛΩΜΩΝΤΟΣ 9:18d	ζησῃς	ζήσῃς	1	unknown unaccented word	πολὺν	χρόνον	\vs{18d}ἵνα πολὺν ζησῃς χρόνον, προστεθῇ δέ σοι ἔτη ζωῆς.
21347	ΠΑΡΟΙΜΙΑΙ ΣΑΛΩΜΩΝΤΟΣ 15:30	φημη	φήμη	1	unknown unaccented word	καρδίαν	δὲ	\vs{30}Θεωρῶν ὀφθαλμὸς καλὰ εὐφραίνει καρδίαν, φημη δὲ ἀγαθὴ πιαίνει ὀστᾶ.
21605	ΠΑΡΟΙΜΙΑΙ ΣΑΛΩΜΩΝΤΟΣ 23:14	Συ	Σὺ	1	unknown unaccented word		μὲν	\vs{14}Συ μὲν γὰρ πατάξεις αὐτὸν ῥάβδῳ, τὴν δὲ ψυχὴν αὐτοῦ ἐκ θανάτου ῥύσῃ.
21658	ΠΑΡΟΙΜΙΑΙ ΣΑΛΩΜΩΝΤΟΣ 24:21	μηθ	μηθ	1	unknown unaccented word	καὶ		\vs{21}Φοβοῦ τὸν Θεὸν υἱὲ, καὶ βασιλέα, καὶ μηθʼ ἑτέρῳ αὐτῶν ἀπειθήσῃς.
21885	ΠΑΡΟΙΜΙΑΙ ΣΑΛΩΜΩΝΤΟΣ 29:5	φιλου	φίλου	1	unknown unaccented word	ἑαυτοῦ	δίκτυον	\vs{5}Ὃς παρασκευάζεται ἐπὶ πρόσωπον τοῦ ἑαυτοῦ φιλου δίκτυον, περιβάλλει αὐτὸ τοῖς ἑαυτοῦ ποσίν.
21935	ΠΑΡΟΙΜΙΑΙ ΣΑΛΩΜΩΝΤΟΣ 31:30	γυναικος	γυναικός	1	unknown unaccented word	κάλλος		\vs{30}Ψευδεῖς ἀρέσκειαι, καὶ μάταιον κάλλος γυναικος· γυνὴ γὰρ συνετὴ εὐλογεῖται, φόβον δὲ Κυρίου αὕτη αἰνείτω.
22027	ΕΚΚΛΗΣΙΑΣΤΗΣ 3:22	ὁ ἀνθρωπος ἐν	ὁ ἄνθρωπος ἐν	1	3+ consecutive unaccented	εὐφρανθήσεται	ποιήμασιν	\vs{22}Καὶ εἶδον ὅτι οὐκ ἔστιν ἀγαθὸν εἰ μὴ ὃ εὐφρανθήσεται ὁ ἀνθρωπος ἐν ποιήμασιν αὐτοῦ, ὅτι αὐτὸ μερὶς αὐτοῦ, ὅτι τίς ἄξει αὐτὸν τοῦ ἰδεῖν ἐν ᾧ ἐὰν γένηται μετʼ αὐτόν;
22080	ΕΚΚΛΗΣΙΑΣΤΗΣ 6:2	ὑπαρχοντα	ὑπάρχοντα	1	unknown unaccented word	καὶ	καὶ	\vs{2}Ἀνὴρ ᾧ δώσει αὐτῷ ὁ Θεὸς πλοῦτον καὶ ὑπαρχοντα καὶ δόξαν, καὶ οὐκ ἔστιν ὑστερῶν τῇ ψυχῇ αὐτοῦ ἀπὸ πάντων ὧν ἐπιθυμήσει, καὶ οὐκ ἐξουσιάσει αὐτῷ ὁ Θεὸς τοῦ φαγεῖν ἀπʼ αὐτοῦ, ὅτι ἀνὴρ ξένος φάγεται αὐτόν· τοῦτο ματαιότης καὶ ἀῤῥωστία πονηρά ἐστιν.
22167	ΕΚΚΛΗΣΙΑΣΤΗΣ 9:3	γε καρδια	γε καρδίᾳ	1	non-enclitic in pair: καρδια	καί	υἱῶν	\vs{3}Τοῦτο πονηρὸν ἐν παντὶ πεποιημένῳ ὑπὸ τὸν ἥλιον, ὅτι συνάντημα ἓν τοῖς πᾶσι· καί γε καρδια υἱῶν τοῦ ἀνθρώπου ἐπληρώθη πονηροῦ, καὶ περιφέρεια ἐν καρδίᾳ αὐτῶν ἐν ζωῇ αὐτῶν, καὶ ὀπίσω αὐτῶν πρὸς τοὺς νεκρούς.
22225	ΕΚΚΛΗΣΙΑΣΤΗΣ 11:3	ξυλον	ξύλον	1	unknown unaccented word	τὸ		\vs{3}Ἐὰν πλησθῶσι τὰ νέφη ὑετοῦ, ἐπὶ τὴν γῆν ἐκχέουσι· καὶ ἐὰν πέσῃ ξύλον ἐν τῷ Νότῳ, καὶ ἐὰν ἐν τῷ Βοῤῥᾷ, τόπῳ οὗ πεσεῖται τὸ ξυλον, ἐκεῖ ἔσται.
22308	ΑΣΜΑ 2:17	ἀδελφιδε μου	ἀδελφιδὲ μου	1	non-enclitic in pair: ἀδελφιδε	σὺ	τῷ	\vs{17}Ἕως οὗ διαπνεύσῃ ἡ ἡμέρα, καὶ κινηθῶσιν αἱ σκιαί· ἀπόστρεψον, ὁμοιώθητι σὺ ἀδελφιδε μου τῷ δόρκωνι ἢ νεβρῷ ἐλάφων ἐπὶ ὄρη κοιλωμάτων.
22598	ΗΣΑΙΑΣ 7:1	Ἀραμ	Ἀρὰμ	1	unknown unaccented word	βασιλεὺς		Καὶ ἐγένετο ἐν ταῖς ἡμέραις Ἄχαζ τοῦ Ἰωάθαμ τοῦ υἱοῦ Ὀζίου βασιλέως Ἰούδα, ἀνέβη Ῥασὶν βασιλεὺς Ἀραμ, καὶ Φακεὲ υἱὸς Ῥομελίου βασιλεὺς Ἰσραὴλ ἐπὶ Ἱερουσαλὴμ πολεμῆσαι αὐτὴν, καὶ οὐκ ἠδυνήθησαν πολιορκῆσαι αὐτήν.
22606	ΗΣΑΙΑΣ 7:9	Σομορων	Σομορὼν	1	unknown unaccented word	κεφαλὴ		\vs{9}καὶ ἡ κεφαλὴ Ἐφραὶμ Σομόρων, καὶ ἡ κεφαλὴ Σομορων, υἱὸς τοῦ Ῥομελίου, καὶ ἐὰν μὴ πιστεύσητε, οὐδὲ μὴ συνῆτε.
22719	ΗΣΑΙΑΣ 10:30	Λαϊσα	Λάισα	1	unknown unaccented word	ἐπακούσεται		\vs{30}ἡ θυγάτηρ Γαλλεὶμ, ἐπακούσεται Λαϊσα, ἐπακούσεται ἐν Ἀναθώθ.
22820	ΗΣΑΙΑΣ 14:32	Σιων	Σιὼν	1	unknown unaccented word	ἐθεμελίωσε		\vs{32}Καὶ τί ἀποκριθήσονται βασιλεῖς ἐθνῶν; ὅτι Κύριος ἐθεμελίωσε Σιων, καὶ διʼ αὐτοῦ σωθήσονται οἱ ταπεινοὶ τοῦ λαοῦ.
22874	ΗΣΑΙΑΣ 17:14	πριν	πρὶν	1	unknown unaccented word	πένθος	ἢ	\vs{14}Πρὸς ἑσπέραν καὶ ἔσται πένθος, πριν ἢ πρωῒ, καὶ οὐκ ἔσται· αὕτη ἡ μερὶς τῶν προνομευσάντων ὑμᾶς, καὶ κληρονομία τοῖς ὑμᾶς κληρονομήσασιν.
22880	ΗΣΑΙΑΣ 18:4	ἀμητο	ἀμητο	1	unknown unaccented word	ἡμέρας	ἔσται	\vs{4}Διότι οὕτως εἶπε Κύριός μοι, ἀσφάλεια ἔσται ἐν τῇ ἐμῇ πόλει, ὡς φῶς καύματος μεσημβρίας, καὶ ὡς νεφέλη δρόσου ἡμέρας ἀμητο ἔσται
22907	ΗΣΑΙΑΣ 19:19	ἡμερᾳ	ἡμέρα	2	unknown unaccented word	Τῇ	ἐκείνῃ	\vs{19}Τῇ ἡμερᾳ ἐκείνῃ ἔσται θυσιαστήριον τῷ Κυρίῳ ἐν χώρᾳ Αἰγυπτίων, καὶ στήλη πρὸς τὸ ὅριον αὐτῆς τῷ Κυρίῳ.
22913	ΗΣΑΙΑΣ 19:25	μου ὁ ἐν	μου ὁ ἐν	4317	3+ consecutive unaccented	λαός	Αἰγύπτῳ	\vs{25}ἣν εὐλόγησε Κύριος σαβαὼθ, λέγων, εὐλογημένος ὁ λαός μου ὁ ἐν Αἰγύπτῳ, καὶ ὁ ἐν Ἀσσυρίοις, καὶ ἡ κληρονομία μου Ἰσραήλ.
23101	ΗΣΑΙΑΣ 28:10	ἐτι	ἔτι	1	unknown unaccented word	ἐλπίδι	μικρὸν	\vs{10}Θλίψιν ἐπὶ θλίψιν προσδέχου, ἐλπίδα ἐπʼ ἐλπίδι, ἐτι μικρὸν ἔτι μικρόν,
23136	ΗΣΑΙΑΣ 29:8	ὡς οἱ ἐν	ὡς οἱ ἐν	1776	3+ consecutive unaccented	Καὶ	τῷ	\vs{8}Καὶ ὡς οἱ ἐν τῷ ὕπνῳ πίνοντες καὶ ἔσθοντες, καὶ ἐξαναστάντων, μάταιον τὸ ἐνύπνιον· καὶ ὃν τρόπον ἐνυπνιάζεται ὁ διψῶν ὡς ὁ πίνων, καὶ ἐξαναστὰς ἔτι διψᾷ, ἡ δὲ ψυχὴ αὐτοῦ εἰς κενὸν ἤλπισεν· οὕτως ἔσται ὁ πλοῦτος τῶν ἐθνῶν πάντων, ὅσοι ἐπεστράτευσαν ἐπὶ τὸ ὄρος Σιών.
23232	ΗΣΑΙΑΣ 32:19	ὡς οἱ ἐν	ὡς οἱ ἐν	1776	3+ consecutive unaccented	πεποιθότες	τῷ	\vs{19}Ἡ δὲ χάλαζα ἐὰν καταβῇ, οὐκ ἐφʼ ὑμᾶς ἥξει· καὶ ἔσονται οἱ ἐνοικοῦντες ἐν τοῖς δρυμοῖς πεποιθότες, ὡς οἱ ἐν τῷ πεδινῇ.
23291	ΗΣΑΙΑΣ 35:2	Ἰορδανου	Ἰορδάνου	1	unknown unaccented word	τοῦ		\vs{2}Καὶ ἐξανθήσει καὶ ἀγαλλιάσεται τὰ ἔρημα τοῦ Ἰορδανου, ἡ δόξα τοῦ Λιβάνου ἐδόθη αὐτῇ, καὶ ἡ τιμὴ τοῦ Καρμήλου, καὶ ὁ λαός μου ὄψεται τὴν δόξαν Κυρίου, καὶ τὸ ὕψος τοῦ Θεοῦ.
23549	ΗΣΑΙΑΣ 43:17	ἰσχυρον	ἰσχυρόν	1	unknown unaccented word	ὄχλον		\vs{17}ὁ ἐξαγαγὼν ἅρματα καὶ ἵππον καὶ ὄχλον ἰσχυρον· ἀλλʼ ἐκοιμήθησαν, καὶ οὐκ ἀναστήσονται, ἐσβέσθησαν ὡς λῖνον ἐσβεσμένον.
23699	ΗΣΑΙΑΣ 48:20	ἀναγγειλατε	ἀναγγείλατε	1	unknown unaccented word	εὐφροσύνης		\vs{20}Ἔξελθε ἐκ Βαβυλῶνος φεύγων ἀπὸ τῶν Χαλδαίων, φωνὴν εὐφροσύνης ἀναγγειλατε, καὶ ἀκουστὸν γενέσθω τοῦτο, ἀναγγείλατε ἕως ἐσχάτου τῆς γῆς· λέγετε, Ἐῤῥύσατο Κύριος τὸν δοῦλον αὐτοῦ Ἰακώβ·
24121	ΗΣΑΙΑΣ 66:20	ἁρματων ἐν	ἁρμάτων ἐν	1	non-enclitic in pair: ἁρματων	καὶ	λαμπήναις	\vs{20}καὶ ἄξουσι τοὺς ἀδελφοὺς ὑμῶν ἐκ πάντων τῶν ἐθνῶν δῶρον Κυρίῳ, μεθʼ ἵππων καὶ ἁρματων ἐν λαμπήναις ἡμιόνων μετὰ σκιαδίων εἰς τὴν ἁγίαν πόλιν Ἱερουσαλήμ, εἶπε Κύριος, ὡς ἀνενέγκαισαν οἱ υἱοὶ Ἰσραὴλ τὰς θυσίας αὐτῶν ἐμοὶ μετὰ ψαλμῶν εἰς τὸν οἶκον Κυρίου.
24249	ΙΕΡΕΜΙΑΣ 4:6	Βοῤῥα	Βορρᾶ	1	unknown unaccented word	ἀπὸ		\vs{6}Ἀναλαβόντες φεύγετε εἰς Σιών· σπεύσατε, μὴ στῆτε, ὅτι κακὰ ἐγὼ ἐπάγω ἀπὸ Βοῤῥα, καὶ συντριβὴν μεγάλην.
24614	ΙΕΡΕΜΙΑΣ 14:17	ἡμερας	ἡμέρας	1	unknown unaccented word	δάκρυα	καὶ	\vs{17}Καὶ ἐρεῖς πρὸς αὐτοὺς τὸν λόγον τοῦτον, καταγάγετε ἐπ ὀφθαλμοὺς ὑμῶν δάκρυα ἡμερας καὶ νυκτὸς, καὶ μὴ διαλιπέτωσαν, ὅτι συντρίμματι συνετρίβη θυγάτηρ λαοῦ μου, καὶ πληγὴ ὀδυνηρὰ σφόδρα.
24665	ΙΕΡΕΜΙΑΣ 16:11	ὀπισω	ὀπίσω	1	unknown unaccented word	ᾤχοντο	θεῶν	\vs{11}Καὶ ἐρεῖς πρὸς αὐτοὺς, ἀνθʼ ὧν ἐγκατέλιπόν με οἱ πατέρες ὑμῶν, λέγει Κύριος, καὶ ᾤχοντο ὀπισω θεῶν ἀλλοτρίων, καὶ ἐδούλευσαν αὐτοῖς, καὶ προσεκύνησαν αὐτοῖς, καὶ ἐμὲ ἐγκατέλιπον, καὶ τὸν νόμον μου οὐκ ἐφυλάξαντο·
24672	ΙΕΡΕΜΙΑΣ 16:16	ἁλιευσουσιν	ἁλιεύσουσιν	1	unknown unaccented word	καὶ	αὐτούς	\vs{16}Ἰδοὺ ἐγὼ ἀποστέλλω τοὺς ἁλιεῖς τοὺς πολλοὺς, λέγει Κύριος, καὶ ἁλιευσουσιν αὐτούς· καὶ μετὰ ταῦτα ἀποστέλλω τοὺς πολλοὺς θηρευτὰς, καὶ θηρεύσουσιν αὐτοὺς ἐπάνω παντὸς ὄρους, καὶ ἐπάνω παντὸς βουνοῦ, καὶ ἐκ τῶν τρυμαλιῶν τῶν πετρῶν.
24778	ΙΕΡΕΜΙΑΣ 20:10	φιλοι	φίλοι	1	unknown unaccented word	ἄνδρες	αὐτοῦ	\vs{10}ὅτι ἤκουσα ψόγον πολλῶν συναθροιζομένων κυκλόθεν, ἐπισύστητε, καὶ ἐπισυστῶμεν ἐπʼ αὐτῷ πάντες ἄνδρες φιλοι αὐτοῦ· τηρήσατε τὴν ἐπίνοιαν αὐτοῦ, εἰ ἀπατηθήσεται, καὶ δυνησόμεθα αὐτῷ, καὶ ληψόμεθα τὴν ἐκδίκησιν ἡμῶν ἐξ αὐτοῦ.
25401	ΙΕΡΕΜΙΑΣ 37:18	ἀποικιαν	ἀποικίαν	1	unknown unaccented word	τὴν	Ἰακὼβ	\vs{18}Οὕτως εἶπε Κύριος, ἰδοὺ ἐγὼ ἀποστρέψω τὴν ἀποικιαν Ἰακὼβ, καὶ τὴν αἰχμαλωσίαν αὐτοῦ ἐλεήσω· καὶ οἰκοδομηθήσεται πόλις ἐπὶ τὸ ὕψος αὐτῆς, καὶ ὁ λαὸς κατὰ τὸ κρίμα αὐτοῦ καθεδεῖται,
25425	ΙΕΡΕΜΙΑΣ 38:14	ἱερεων	ἱερέων	2	unknown unaccented word	τῶν	υἱῶν	\vs{14}Μεγαλυνῶ καὶ μεθύσω τὴν ψυχὴν τῶν ἱερεων υἱῶν Λευὶ, καὶ ὁ λαός μου τῶν ἀγαθῶν μου ἐμπλησθήσεται· οὕτως εἶπε Κύριος.
25499	ΙΕΡΕΜΙΑΣ 39:30	μου ἐκ νεὁτητος	μου ἐκ νεότητος	1	3+ consecutive unaccented	ὀφθαλμούς	αὐτῶν	\vs{30}Ὅτι ἦσαν οἱ υἱοὶ Ἰσραὴλ καὶ οἱ υἱοὶ Ἰούδα μόνοι ποιοῦντες τὸ πονηρὸν κατʼ ὀφθαλμούς μου ἐκ νεὁτητος αὐτῶν·
25522	ΙΕΡΕΜΙΑΣ 40:4	βασιλεως	βασιλέως	1	unknown unaccented word	οἴκων	Ἰούδα	\vs{4}Ὅτι οὕτως εἶπε Κύριος περὶ οἴκων τῆς πόλεως ταύτης, καὶ περὶ οἴκων βασιλεως Ἰούδα τῶν καθῃρημένων εἰς χάρακας καὶ προμαχῶνας,
25569	ΙΕΡΕΜΙΑΣ 42:3	Ἰεχονιαν	Ἰεχονίαν	1	unknown unaccented word	τὸν	υἱὸν	\vs{3}Καὶ ἐξήγαγον τὸν Ἰεχονιαν υἱὸν Ἱερεμὶν υἱοῦ Χαβασὶν, καὶ τοὺς ἀδελφοὺς αὐτοῦ, καὶ τοὺς υἱοὺς αὐτοῦ, καὶ πᾶσαν τὴν οἰκίαν Ἀρχαβεὶν,
25795	ΙΕΡΕΜΙΑΣ 50:5	γῃ	γῆ	1	unknown unaccented word	τῇ		\vs{5}Καὶ ἔλαβεν Ἰωάναν, καὶ πάντες οἱ ἡγεμόνες τῆς δυνάμεως πάντας τοὺς καταλοίπους Ἰούδα, τοὺς ἀποστρέψαντας κατοικεῖν ἐν τῇ γῃ,
25838	ΙΕΡΕΜΙΑΣ 51:24	ἀκουσατε	ἀκούσατε	1	unknown unaccented word	γυναιξὶν	λόγον	\vs{24}Καὶ εἶπεν Ἱερεμίας τῷ λαῷ, καὶ ταῖς γυναιξὶν, ἀκουσατε λόγον Κυρίου.
26030	ΘΡΗΝΟΙ ΙΕΡΕΜΙΟΥ 3:33	οὐκ ἀπεκριθη	οὐκ ἀπεκρίθη	2	non-enclitic in pair: ἀπεκριθη		ἀπὸ	\vs{33}οὐκ ἀπεκριθη ἀπὸ καρδίας αὐτοῦ, καὶ ἐταπείνωσεν υἱοὺς ἀνδρός.
26209	ΙΕΖΕΚΙΗΛ 3:6	γλωσσῃ	γλώσσῃ	1	unknown unaccented word	τῇ	ὄντας	\vs{6}Οὐδὲ πρὸς λαοὺς πολλοὺς ἀλλοφώνους ἢ ἀλλογλώσσους, οὐδὲ στιβαροὺς τῇ γλωσσῃ ὄντας, ὧν οὐκ ἀκούσῃ τοὺς λόγους· καὶ εἰ πρὸς τοιούτους ἐξαπέστειλά σε, οὗτοι ἂν εἰσήκουσάν σου.
26367	ΙΕΖΕΚΙΗΛ 8:17	μη μικρα	μη μικρὰ	1	non-enclitic in pair: μικρα	ἀνθρώπου	τῷ	\vs{17}Καὶ εἶπε πρὸς μὲ, ἑώρακας υἱὲ ἀνθρώπου· μη μικρα τῷ οἴκῳ Ἰούδα τοῦ ποιεῖν τὰς ἀνομίας ἃς πεποιήκασιν ὧδε; διότι ἔπλησαν τὴν γῆν ἀνομίας· καὶ ἰδοὺ αὐτοὶ ὡς μυκτηρίζοντες.
26393	ΙΕΖΕΚΙΗΛ 10:4	ἐπλησε	ἔπλησε	1	unknown unaccented word	καὶ	τὸν	\vs{4}Καὶ ἀπῇρεν ἡ δόξα Κυρίου ἀπὸ τῶν χερουβὶμ εἰς τὸ αἴθριον τοῦ οἴκου, καὶ ἐπλησε τὸν οἶκον ἡ νεφέλη· καὶ ἡ αὐλὴ ἐπλήσθη τοῦ φέγγους τῆς δόξης Κυρίου.
26563	ΙΕΖΕΚΙΗΛ 15:4	εἰς ἀναλωσιν	εἰς ἀνάλωσιν	1	non-enclitic in pair: ἀναλωσιν	δέδοται		\vs{4}Πάρεξ ὃ πυρὶ δέδοται εἰς ἀναλωσιν, τὴν κατʼ ἐνιαυτὸν κάθαρσιν ἀπʼ αὐτῆς ἀναλίσκει τὸ πῦρ, καὶ ἐκλείπει εἰς τέλος· μὴ χρήσιμον ἔσται εἰς ἐργασίαν;
26585	ΙΕΖΕΚΙΗΛ 16:10	σε τριχαπτῳ	σε τριχάπτῳ	1	non-enclitic in pair: τριχαπτῳ	περιέβαλόν		\vs{10}Καὶ ἐνέδυσά σε ποικίλα, καὶ ὑπέδυσά σε ὑάκινθον· καὶ ἔζωσά σε βύσσῳ καὶ περιέβαλόν σε τριχαπτῳ,
26662	ΙΕΖΕΚΙΗΛ 17:5	ἐταξεν	ἔταξεν	1	unknown unaccented word	ἐπιβλεπόμενον	αὐτό	\vs{5}Καὶ ἔλαβεν ἀπὸ τοῦ σπέρματος τῆς γῆς, καὶ ἔδωκεν αὐτὸ εἰς τὸ πεδίον φυτὸν ἐφʼ ὕδατι πολλῷ, ἐπιβλεπόμενον ἐταξεν αὐτό.
26722	ΙΕΖΕΚΙΗΛ 18:25	εἰπατε	εἴπατε	1	unknown unaccented word	Καὶ		\vs{25}Καὶ εἰπατε, οὐ κατευθύνει ἡ ὁδὸς Κυρίου· ἀκούσατε δὴ πᾶς ὁ οἶκος Ἰσραήλ· μὴ ἡ ὁδός μου οὐ κατευθυνεῖ; οὐχὶ ἡ ὁδὸς ὑμῶν κατευθύνει;
26919	ΙΕΖΕΚΙΗΛ 23:11	θεσιν	θέσιν	1	unknown unaccented word	ἐπί	αὐτῆς	\vs{11}Καὶ εἶδεν ἡ ἀδελφὴ αὐτῆς Ὀολιβὰ, καὶ διέφθειρε τὴν ἐπίθεσιν αὐτῆς ὑπὲρ ἐπί θεσιν αὐτῆς, καὶ τὴν πορνείαν αὐτῆς ὑπὲρ τὴν πορνείαν τῆς τῆς ἀδελφῆς αὐτῆς.
26976	ΙΕΖΕΚΙΗΛ 24:6	οὐκ ἐπεσεν ἐπ	οὐκ ἔπεσεν ἐπ	1	3+ consecutive unaccented	ἐξήνεγκεν		\vs{6}Διατοῦτο τάδε λέγει Κύριος, ὦ πόλις αἱμάτων, λέβης, ἐν ᾧ ἐστιν ἰὸς ἐν αὐτῷ, καὶ ὁ ἰὸς οὐκ ἐξῆλθεν ἐξ αὐτῆς, κατὰ μέλος αὐτῆς ἐξήνεγκεν, οὐκ ἐπεσεν ἐπʼ αὐτὴν κλῆρος.
27790	ΙΕΖΕΚΙΗΛ 45:24	πεμματι	πέμματι	1	unknown unaccented word	τῷ		\vs{24}Καὶ πέμμα τῷ μόσχῳ, καὶ πέμματα τῷ κριῷ ποιήσεις, καὶ ἐλαίου τὸ εἲν τῷ πεμματι.
27823	ΙΕΖΕΚΙΗΛ 46:23	κυκλῳ	κύκλῳ	1	unknown unaccented word	αὐταῖς	ταῖς	\vs{23}Καὶ ἐξέδραι κύκλῳ ἐν αὐταῖς, κυκλῳ ταῖς τέσσαρσι· καὶ μαγειρεῖα γεγονότα ὑποκάτω τῶν ἐξεδρῶν κύκλῳ.
27829	ΙΕΖΕΚΙΗΛ 47:3	μετρῳ	μέτρῳ	1	unknown unaccented word	τῷ		\vs{3}καθὼς ἔξοδος ἀνδρὸς ἐξεναντίας· καὶ μέτρον ἐν τῇ χειρὶ αὐτοῦ· καὶ διεμέτρησε χιλίους ἐν τῷ μετρῳ, καὶ διῆλθεν ἐν τῷ ὕδατι ὕδωρ ἀφέσεως·
27878	ΙΕΖΕΚΙΗΛ 48:18	μηκους	μήκους	1	unknown unaccented word	τοῦ	τὸ	\vs{18}Καὶ τὸ περισσὸν τοῦ μηκους τὸ ἐχόμενον τῶν ἀπαρχῶν τῶν ἁγίων, δέκα χιλιάδες πρὸς ἀνατολὰς, καὶ δέκα χιλιάδες πρὸς θάλασσαν· καὶ ἔσονται αἱ ἀπαρχαὶ τοῦ ἁγίου, καὶ ἔσται τὰ γεννήματα αὐτῆς εἰς ἄρτους τοῖς ἐργαζομένοις τὴν πόλιν.
28030	ΔΑΝΙΗΛ 3:27	Οτι	Ὅτι	2	unknown unaccented word		δίκαιος	\vs{27}Οτι δίκαιος εἶ ἐπὶ πᾶσιν οἶς ἐποίησας, καὶ πάντα τὰ ἔργα σου ἀληθινὰ, καὶ εὐθεῖαι αἱ ὁδοί σου, καὶ πᾶσαι αἱ κρίσεις σου ἀλήθεια.
28453	ΔΑΝΙΗΛ 12:5	χειλους	χείλους	1	unknown unaccented word	τοῦ	τοῦ	\vs{5}Καὶ ἴδον ἐγὼ Δανιὴλ, καὶ ἰδοὺ δύο ἕτεροι εἱστήκεισαν, εἷς ἐντεῦθεν τοῦ χειλους τοῦ ποταμοῦ, καὶ εἷς ἐντεῦθεν τοῦ χείλους τοῦ ποταμοῦ.
28512	ΩΣΗΕ 2:25	αὐτος	αὐτὸς	2	unknown unaccented word	καὶ	ἐρεὶ	\vs{25}Καὶ σπερῶ αὐτὴν ἐμαυτῷ ἐπὶ τῆς γῆς, καὶ ἀγαπήσω τὴν οὐκ ἠγαπημένην, καὶ ἐρῶ τῷ οὐ λαῷ μου, λαός μου εἶ σύ· καὶ αὐτος ἐρεὶ, Κύριος ὁ Θεός μου εἶ σύ.
28848	ΑΜΩΣ 1:3	πριοσι	πριοσι	1	unknown unaccented word	ἔπριζον	σιδηροῖς	\vs{3}Καὶ εἶπε Κύριος, ἐπὶ ταῖς τρισὶν ἀσεβείαις Δαμασκοῦ, καὶ ἐπὶ ταῖς τέσσαρσιν οὐκ ἀποστραφήσομαι αὐτὸν, ἀνθʼ ὧν ἔπριζον πριοσι σιδηροῖς τὰς ἐν γαστρὶ ἐχούσας τῶν ἐν Γαλαάδ.
28981	ΑΜΩΣ 6:13	οὐκ ἐν τῃ	οὐκ ἐν τῇ	1	3+ consecutive unaccented	λέγοντες	ἰσχύϊ	\vs{13}οἱ εὐφραινόμενοι ἐπʼ οὐδενὶ λόγῳ, οἱ λέγοντες, οὐκ ἐν τῃ ἰσχύϊ ἡμῶν ἔσχομεν κέρατα;
29065	ΟΒΔΕΙΟΥ 1:8	σοφους ἐκ	σοφοὺς ἐκ	1	non-enclitic in pair: σοφους	ἀπολῶ	τῆς	\vs{8}Ἐν τῇ ἡμέρᾳ ἐκείνῃ, λέγει Κύριος, ἀπολῶ σοφους ἐκ τῆς Ἰδουμαίας, καὶ σύνεσιν ἐξ ὄρους Ἡσαῦ.
29066	ΟΒΔΕΙΟΥ 1:9	σου οἱ ἐκ	σου οἱ ἐκ	5611	3+ consecutive unaccented	μαχηταί	Θαιμὰν	\vs{9}Καὶ πτοηθήσονται οἱ μαχηταί σου οἱ ἐκ Θαιμὰν, ὅπως ἐξαρθῇ ἄνθρωπος ἐξ ὄρους Ἡσαῦ.
29285	ΜΙΧΑΙΑΣ 7:1	ἐν τρυγητῳ	ἐν τρυγήτῳ	1	non-enclitic in pair: τρυγητῳ	ἐπιφυλλίδα		Οἴμοι, ὅτι ἐγενήθην ὡς συνάγων καλάμην ἐν ἀμητῷ, καὶ ὡς ἐπιφυλλίδα ἐν τρυγητῳ, οὐχ ὑπάρχοντος βότρυος τοῦ φαγεῖν τὰ πρωτόγονα. οἴμοι ψυχὴ,
29844	ΖΑΧΑΡΙΑΣ 11:12	τριακοντα	τριάκοντα	1	unknown unaccented word	μου	ἀργυροῦς	\vs{12}Καὶ ἐρῶ πρὸς αὐτοὺς, εἰ καλὸν ἐνώπιον ὑμῶν ἐστι, δότε τὸν μισθόν μου, ἢ ἀπείπασθε· καὶ ἔστησαν τὸν μισθόν μου τριακοντα ἀργυροῦς.
30052	ΕΣΔΡΑΣ Α 1:42	βιβλῳ	βίβλῳ	1	unknown unaccented word	τῇ	τῶν	\vs{42}Τὰ δὲ ἱστορηθέντα περὶ αὐτοῦ, καὶ τῆς ἀκαθαρσίας αὐτοῦ καὶ δυσσεβείας, ἀναγέγραπται ἐν τῇ βιβλῳ τῶν χρόνων τῶν βασιλέων.
30080	ΕΣΔΡΑΣ Α 2:6	ἐν δὀσεσι	ἐν δὀσεσι	1	non-enclitic in pair: δὀσεσι	ἀργυρίῳ		\vs{6}Ὅσοι οὖν κατὰ τοὺς τόπους οἰκοῦσι, βοηθείτωσαν αὐτῷ οἱ ἐν τῷ τόπῳ αὐτοῦ, ἐν χρυσίῳ καὶ ἐν ἀργυρίῳ, ἐν δὀσεσι,
30137	ΕΣΔΡΑΣ Α 3:21	πλουσιας	πλουσίας	1	unknown unaccented word	ποιεῖ		\vs{21}καὶ πάσας καρδίας ποιεῖ πλουσιας, καὶ οὐ μέμνηται βασιλέα οὐδὲ σατράπην· καὶ πάντα διὰ ταλάντων ποιεῖ λαλεῖν.
30206	ΕΣΔΡΑΣ Α 4:55	ἡς	ἧς	1	unknown unaccented word	ἡμέρας	ἐπιτελεσθῇ	\vs{55}Καὶ τοῖς Λευίταις ἔγραψε δοῦναι τὴν χορηγίαν, ἕως τῆς ἡμέρας ἡς ἐπιτελεσθῇ ὁ οἶκος καὶ Ἱερουσαλὴμ οἰκοδομηθῆναι.
30260	ΕΣΔΡΑΣ Α 5:25	Χαρμι	Χαρμὶ	1	unknown unaccented word	υἱοὶ		\vs{25}Υἱοὶ Φασσούρου, χίλιοι τεσσαρακονταεπτά· υἱοὶ Χαρμι, διακόσιοι δεκαεπτά.
30313	ΕΣΔΡΑΣ Α 5:58	Κυριου	Κυρίου	2	unknown unaccented word	τοῦ		\vs{58}Καὶ ἔστησαν τοὺς Λευίτας ἀπὸ εἰκοσαετοῦς ἐπὶ τῶν ἔργων τοῦ Κυρίου· καὶ ἔστη Ἰησοῦς, καὶ οἱ υἱοὶ, καὶ οἱ ἀδελφοὶ, καὶ Καδμιὴλ ὁ ἀδελφὸς, καὶ οἱ υἱοὶ Ἠμαδαβοὺν, καὶ οἱ υἱοὶ Ἰωδὰ τοῦ Ἡλιαδοὺδ σὺν τοῖς υἱοῖς καὶ ἀδελφοῖς, πάντες οἱ Λευῖται ὁμοθυμαδὸν ἐργοδιῶκται, ποιοῦντες εἰς τὰ ἔργα ἐν τῷ οἴκῳ τοῦ Κυρίου· καὶ ᾠκοδόμησαν οἱ οἰκοδόμοι τὸν ναὸν τοῦ Κυριου.
30315	ΕΣΔΡΑΣ Α 5:59	ἐστολισμενοι	ἐστολισμένοι	1	unknown unaccented word	ἱερεῖς	μετὰ	\vs{59}Καὶ ἔστησαν οἱ ἱερεῖς ἐστολισμενοι μετὰ μουσικῶν καὶ σαλπίγγων,
30321	ΕΣΔΡΑΣ Α 5:63	ἱερεων	ἱερέων	2	unknown unaccented word	τῶν	τῶν	\vs{63}Καὶ ἤλθοσαν ἐκ τῶν ἱερεων τῶν Λευιτῶν καὶ τῶν προκαθημένων κατὰ τὰς πατριὰς αὐτῶν, οἱ πρεσβύτεροι οἱ ἑωρακότες τὸν πρὸ τούτου οἶκον, πρὸς τὴν τουτου οἰκοδομὴν μετὰ κλαυθμοῦ καὶ κραυγῆς μεγάλης,
30321	ΕΣΔΡΑΣ Α 5:63	τουτου	τούτου	1	unknown unaccented word	τὴν	οἰκοδομὴν	\vs{63}Καὶ ἤλθοσαν ἐκ τῶν ἱερεων τῶν Λευιτῶν καὶ τῶν προκαθημένων κατὰ τὰς πατριὰς αὐτῶν, οἱ πρεσβύτεροι οἱ ἑωρακότες τὸν πρὸ τούτου οἶκον, πρὸς τὴν τουτου οἰκοδομὴν μετὰ κλαυθμοῦ καὶ κραυγῆς μεγάλης,
30322	ΕΣΔΡΑΣ Α 5:64	σαλπιγγων	σαλπίγγων	1	unknown unaccented word	διὰ	καὶ	\vs{64}καὶ πολλοὶ διὰ σαλπιγγων καὶ χαρᾶς μεγάλῃ τῇ φωνῇ,
30693	ΤΩΒΙΤ 4:7k	Εκχεον	Ἔκχεον	1	unknown unaccented word		τοὺς	\vs{7k}Εκχεον τοὺς ἄρτους σου ἐπὶ τὸν τάφον τῶν δικαίων, καὶ μὴ δῷς τοῖς ἁμαρτωλοῖς.
30743	ΤΩΒΙΤ 6:10	θυγατηρ	θυγάτηρ	1	unknown unaccented word	αὐτῷ	ὀνόματι	\vs{10}εἶπεν ὁ ἄγγελος τῷ παιδαρίῳ, ἀδελφὲ, σήμερον αὐλισθησόμεθα παρὰ Ῥαγουὴλ, καὶ αὐτὸς συγγενής σου ἐστὶ, καὶ ἔστιν αὐτῷ θυγατηρ ὀνόματι Σάῤῥα· λαλήσω περὶ αὐτῆς, τοῦ δοθῆναί σοι αὐτὴν εἰς γυναῖκα,
30900	ΤΩΒΙΤ 13:7c	τους	τοὺς	2	unknown unaccented word	σοὶ		\vs{7c}Ἐξομολογοῦ τῷ Κυρίῳ ἀγαθῶς, καὶ εὐλόγει τὸν βασιλέα τῶν αἰώνων, ἵνα πάλιν ἡ σκηνὴ αὐτοῦ οἰκοδομηθῇ ἐν σοὶ μετὰ χαρᾶς· καὶ εὐφράναι ἐν σοὶ τοὺς αἰχμαλώτους, καὶ ἀγαπήσαι ἐν σοὶ τους ταλαιπώρους, εἰς πάσας τὰς γενεὰς τοῦ αἰῶνος.
30925	ΤΩΒΙΤ 14:10	τεκνον	τέκνον	1	unknown unaccented word	Νινευή		\vs{10}Καὶ θάψον με καλῶς, καὶ τὴν μητέρα σου μετʼ ἐμοῦ, καὶ μηκέτι αὐλισθῆτε εἰς Νινευή· τεκνον, ἴδε τί ἐποίησεν Ἀμὰν Ἀχιαχάρῳ τῷ θρέψαντι αὐτόν, ὡς ἐκ τοῦ φωτὸς ἤγαγεν αὐτὸν εἰς τὸ σκότος, καὶ ὅσα ἀνταπέδωκεν αὐτῷ· καὶ Ἀχιάχαρον μὲν ἔσωσεν, ἐκείνῳ δὲ τὸ ἀνταπόδομα ἀπεδόθη, καὶ αὐτὸς κατέβη εἰς τὸ σκότος. Μανασσῆς ἐποίησεν ἐλεημοσύνην, καὶ ἐσώθη ἐκ παγίδος θανάτου ἧς ἔπηξεν αὐτῷ· Ἀμὰν δὲ ἐνέπεσεν εἰς τὴν παγίδα, καὶ ἀπώλετο.
30957	ΙΟΥΔΙΘ 1:14	αὐτης	αὐτῆς	1	unknown unaccented word	ὄνειδος		\vs{14}καὶ ἐκυρίευσε τῶν πόλεων αὐτοῦ· καὶ ἀφίκετο ἕως Ἐκβατάνων, καὶ ἐκράτησε τῶν πύργων, καὶ ἐπρονόμευσε τὰς πλατείας αὐτῆς, καὶ τὸν κόσμον αὐτῆς ἔθηκεν εἰς ὄνειδος αὐτης·
31021	ΙΟΥΔΙΘ 4:5	εἰς ἐπισιτισμον εἰς	εἰς ἐπισιτισμὸν εἰς	1	3+ consecutive unaccented	παρέθεντο	παρασκευὴν	\vs{5}καὶ προκατελάβοντο πάσας τὰς κορυφὰς τῶν ὀρέων τῶν ὑψηλῶν, καὶ ἐτειχίσαντο τὰς ἐν αὐτοῖς κώμας, καὶ παρέθεντο εἰς ἐπισιτισμον εἰς παρασκευὴν πολέμου, ὅτι προσφάτως ἦν τὰ πεδία αὐτῶν τεθερισμένα.
31262	ΙΟΥΔΙΘ 11:11	μου εκβολος	μου ἔκβολος	1	non-enclitic in pair: εκβολος	κύριός	καὶ	\vs{11}Καὶ νῦν ἵνα μὴ γένηται ὁ κύριός μου εκβολος καὶ ἄπρακτος, καὶ ἐπιπεσεῖται θάνατος ἐπὶ πρόσωπον αὐτῶν, καὶ κατελάβετο αὐτοὺς ἁμάρτημα ἐν ᾧ παροργιοῦσι τὸν Θεὸν αὐτῶν, ὁπηνίκα ἂν ποιήσωσιν ἀτοπίαν.
31284	ΙΟΥΔΙΘ 12:4	ἡ ψυχη σου	ἡ ψυχῇ σου	1	3+ consecutive unaccented	ζῇ		\vs{4}Καὶ εἶπεν Ἰουδὶθ πρὸς αὐτὸν, ζῇ ἡ ψυχη σου, κύριέ μου, ὅτι οὐ δαπανήσι ἡ δούλη σου τὰ ὄντα μετʼ ἐμοῦ, ἕως ἂν ποιήσῃ Κύριος ἐν χειρί μου ἃ ἐβουλεύσατο.
31326	ΙΟΥΔΙΘ 13:11	ἐχθρων	ἐχθρῶν	1	unknown unaccented word	τῶν		\vs{11}Καὶ εἶπεν Ἰουδὶθ μακρόθεν τοῖς φυλάσσουσιν ἐπὶ τῶν πυλῶν, ἀνοίξατε, ἀνοίξατε δὴ τὴν πύλην, μεθʼ ἡμῶν ὁ Θεὸς ὁ Θεὸς ἡμῶν, ποιῆσαι ἔτι ἰσχὺν ἐν Ἰσραὴλ καὶ κράτος κατὰ τῶν ἐχθρων, καθὰ καὶ σήμερον ἐποίησε.
31556	ΣΟΦΙΑ ΣΑΛΩΜΩΝ 5:11	ῥοιζου	ῥοίζου	1	unknown unaccented word	βίᾳ		\vs{11}ἢ ὡς ὀρνέου διϊπτάντος ἀέρα, οὐθὲν εὑρίσκεται τεκμήριον πορείας, πληγῇ δὲ ταρσῶν μαστιζόμενον πνεῦμα κοῦφον καὶ σχιζόμενον βίᾳ ῥοιζου, κινουμένων πτερύγων διωδεύθη, καὶ μετὰ τοῦτο οὐχ εὑρέθη σημεῖον ἐπιβάσεως ἐν αὐτῷ·
31827	ΣΟΦΙΑ ΣΑΛΩΜΩΝ 14:10	κολασθησεται	κολασθήσεται	1	unknown unaccented word	δράσαντι		\vs{10}Καὶ γὰρ τὸ πραχθὲν σὺν τῷ δράσαντι κολασθησεται.
31888	ΣΟΦΙΑ ΣΑΛΩΜΩΝ 16:9	ησαν	ἦσαν	1	unknown unaccented word	ἄξιοι	ὑπὸ	\vs{9}Οὓς μὲν γὰρ ἀκρίδων καὶ μυιῶν ἀπέκτεινε δήγματα, καὶ οὐχ εὑρέθη ἴαμα τῇ ψυχῇ αὐτῶν, ὅτι ἄξιοι ησαν ὑπὸ τοιούτων κολασθῆναι.
31901	ΣΟΦΙΑ ΣΑΛΩΜΩΝ 16:19	δυναμιν	δύναμιν	1	unknown unaccented word	πυρὸς	φλέγει	\vs{19}Ποτὲ δὲ καὶ μεταξὺ ὕδατος ὑπὲρ τὴν πυρὸς δυναμιν φλέγει, ἵνα ἀδίκου γῆς γεννήματα διαφθείρῃ.
31954	ΣΟΦΙΑ ΣΑΛΩΜΩΝ 18:9	ἐθυσιαζον	ἐθυσίαζον	1	unknown unaccented word	γὰρ	ὅσιοι	\vs{9}Κρυφῇ γὰρ ἐθυσιαζον ὅσιοι παῖδες ἀγαθῶν, καὶ τὸν τῆς θειότητος νόμον ἐν ὁμονοίᾳ διέθεντο, τῶν αὐτῶν ὁμοίως καὶ ἀγαθῶν καὶ κινδύνων μεταλήψεσθαι τοὺς ἁγίους, πατέρων ἤδη προαναμελπόντων αἴνους.
32084	ΣΟΦΙΑ ΣΕΙΡΑΧ 3:5	πατερα	πατέρα	2	unknown unaccented word	τιμῶν	εὐφρανθήσεται	\vs{5}Ὁ τιμῶν πατερα εὐφρανθήσεται ὑπὸ τέκνων, καὶ ἐν ἡμέρᾳ προσευχῆς αὐτοῦ εἰσακουσθήσεται.
32265	ΣΟΦΙΑ ΣΕΙΡΑΧ 8:2	πολλους	πολλοὺς	1	unknown unaccented word	ὁλκήν	γὰρ	\vs{2}Μὴ ἔριζε μετὰ ἀνθρώπου πλουσίου, μήποτε ἀντιστήσῃ σου τὴν ὁλκήν· πολλους γὰρ ἀπώλεσε τὸ χρυσίον, καὶ καρδίας βασιλέων ἐξέκλινε.
32300	ΣΟΦΙΑ ΣΕΙΡΑΧ 9:13	ἐξουσιαν	ἐξουσίαν	1	unknown unaccented word	ἔχει	τοῦ	\vs{13}Μακρὰν ἄπεχε ἀπὸ ἀνθρώπου ὃς ἔχει ἐξουσιαν τοῦ φονεύειν, καὶ οὐ μὴ ὑποπτεύσῃς φόβον θανάτου· κᾂν προσέλθῃς, μὴ πλημμελήσῃς, ἵνα μὴ ἀφέληται τὴν ζωήν σου· ἐπίγνωθι ὅτι ἐν μέσῳ παγίδων διαβαίνεις, καὶ ἐπὶ ἐπάλξεων πόλεων περιπατεῖς.
32352	ΣΟΦΙΑ ΣΕΙΡΑΧ 11:7	ἐπιτιμα	ἐπιτίμα	1	unknown unaccented word	τότε		\vs{7}Πρὶν ἐξετάσῃς μὴ μέμψῃ· νόησον πρῶτον καὶ τότε ἐπιτιμα.
32392	ΣΟΦΙΑ ΣΕΙΡΑΧ 12:8	Οὐκ ἐκδικηθησεται ἐν	Οὐκ ἐκδικηθήσεται ἐν	1	3+ consecutive unaccented		ἀγαθοῖς	\vs{8}Οὐκ ἐκδικηθησεται ἐν ἀγαθοῖς ὁ φίλος, καὶ οὐ κρυβήσεται ἐν κακοῖς ὁ ἐχθρός.
32406	ΣΟΦΙΑ ΣΕΙΡΑΧ 13:1	ἁπτομενος	ἁπτόμενος	1	unknown unaccented word		πίσσης	Ὁ ἁπτομενος πίσσης μολυνθήσεται, καὶ ὁ κοινωνῶν ὑπερηφάνῳ ὁμοιωθήσεται αὐτῷ.
32447	ΣΟΦΙΑ ΣΕΙΡΑΧ 14:9	ἀναξηρανει	ἀναξηρανεῖ	1	unknown unaccented word	πονηρὰ	ψυχήν	\vs{9}Πλεονέκτου ὀφθαλμὸς οὐκ ἐμπίπλαται μερίδι, καὶ ἀδικία πονηρὰ ἀναξηρανει ψυχήν.
32461	ΣΟΦΙΑ ΣΕΙΡΑΧ 14:21	ὡ	ᾧ	1	unknown unaccented word		διανοούμενος	\vs{21}ὡ διανοούμενος τὰς ὁδοὺς αὐτῆς ἐν καρδίᾳ αὐτοῦ, καὶ ἐν τοῖς ἀποκρύφοις αὐτῆς νοηθήσεται.
32623	ΣΟΦΙΑ ΣΕΙΡΑΧ 19:17	σου πρινη	σου πρινη	1	non-enclitic in pair: πρινη	πλησίον	ἀπειλῆσαι	\vs{17}Ἔλεγξον τὸν πλησίον σου πρινη ἀπειλῆσαι, καὶ δὸς τόπον νόμῳ ὑψίστου.
32825	ΣΟΦΙΑ ΣΕΙΡΑΧ 25:4	βουλην	βουλὴν	1	unknown unaccented word	ἐπιγνῶναι		\vs{4}Ὡς ὡραῖον πολιαῖς κρίσις, καὶ πρεσβυτέροις ἐπιγνῶναι βουλην;
32933	ΣΟΦΙΑ ΣΕΙΡΑΧ 28:18	οὐχ ὡς οἱ	οὐχ ὡς οἱ	352	3+ consecutive unaccented	καὶ	πεπτωκότες	\vs{18}Πολλοὶ ἔπεσαν ἐν στόματι μαχαίρας, καὶ οὐχ ὡς οἱ πεπτωκότες διὰ γλῶσσαν.
32945	ΣΟΦΙΑ ΣΕΙΡΑΧ 29:1	πλησιον	πλησίον	2	unknown unaccented word	τῷ		Ὁ ποιῶν ἔλεος δανειεῖ τῷ πλησιον, καὶ ὁ ἐπισχύων τῇ χειρὶ αὐτοῦ τηρεῖ ἐντολάς.
33285	ΣΟΦΙΑ ΣΕΙΡΑΧ 38:29	ἐν μεριμνῃ	ἐν μερίμνῃ	1	non-enclitic in pair: μεριμνῃ	ὃς	κεῖται	\vs{29}Οὕτω κεραμεὺς καθήμενος ἐν ἔργῳ αὐτοῦ, καὶ συστρέφων ἐν ποσὶν αὐτοῦ τροχὸν, ὃς ἐν μεριμνῃ κεῖται διαπαντὸς ἐπὶ τὸ ἔργον αὐτοῦ, καὶ ἐναρίθμιος πᾶσα ἡ ἐργασία αὐτοῦ.
33510	ΣΟΦΙΑ ΣΕΙΡΑΧ 45:5	ἐπιστημης	ἐπιστήμης	1	unknown unaccented word	καὶ		\vs{5}Ἠκούτισεν αὐτὸν τῆς φωνῆς αὐτοῦ, καὶ εἰσήγαγεν αὐτὸν εἰς τὸν γνόφον· καὶ ἔδωκεν αὐτῷ κατὰ πρόσωπον ἐντολὰς, νόμον ζωῆς καὶ ἐπιστημης, διδάξαι τὸν Ἰακὼβ διαθήκην, καὶ κρίματα αὐτοῦ τὸν Ἰσραήλ.
33575	ΣΟΦΙΑ ΣΕΙΡΑΧ 47:7	συνετριψεν	συνέτριψεν	1	unknown unaccented word	σήμερον	αὐτῶν	\vs{7}Ἐξέτριψε γὰρ ἐχθροὺς κυκλόθεν, καὶ ἐξουδένωσε Φυλιστιεὶμ τοὺς ὑπεναντίους· ἕως σήμερον συνετριψεν αὐτῶν κέρας.
33717	ΣΟΦΙΑ ΣΕΙΡΑΧ 51:25	ἀργυριου	ἀργυρίου	1	unknown unaccented word	ἄνευ		\vs{25}Ἤνοιξα τὸ στόμα μου, καὶ ἐλάλησα, κτήσασθε ἑαυτοῖς ἄνευ ἀργυριου.
33755	ΒΑΡΟΥΧ 1:20	αὐτη	αὐτῇ	1	unknown unaccented word	ἡμέρα		\vs{20}Καὶ ἐκολλήθη εἰς ἡμᾶς τὰ κακὰ, καὶ ἡ ἀρὰ ἣν συνέταξε Κύριος τῷ Μωυσῇ παιδὶ αὐτοῦ, ἐν ἡμέρᾳ ᾗ ἐξήγαγε τοὺς πατέρας ἡμῶν ἐκ γῆς Αἰγύπτου, δοῦναι ἡμῖν γῆν ῥέουσαν γάλα καὶ μέλι, ὡς ἡ ἡμέρα αὐτη.
33821	ΒΑΡΟΥΧ 3:8	εἰς ὀφλησιν	εἰς ὄφλησιν	1	non-enclitic in pair: ὀφλησιν	καὶ	κατὰ	\vs{8}Ἰδοὺ ἡμεῖς σήμερον ἐν τῇ ἀποικίᾳ ἡμῶν, οὗ διέσπειρας ἡμᾶς ἐκεῖ εἰς ὀνειδισμὸν, καὶ εἰς ἀρὰν, καὶ εἰς ὀφλησιν κατὰ πάσας τὰς ἀδικίας πατέρων ἡμῶν, οἳ ἀπέστησαν ἀπὸ Κυρίου Θεοῦ ἡμῶν.
33887	ΒΑΡΟΥΧ 4:21	ἐκ χειρος	ἐκ χειρὸς	1	non-enclitic in pair: χειρος	δυναστείας	ἐχθρῶν	\vs{21}Θαῤῥεῖτε τέκνα, βοήσατε πρὸς τὸν Θεὸν, καὶ ἐξελεῖται ὑμᾶς ἐκ δυναστείας, ἐκ χειρος ἐχθρῶν.
33966	ΕΠΙΣΤΟΛΗ ΙΕΡΕΜΙΟΥ 1:28	οὐτε	οὔτε	1	unknown unaccented word	ταριχεύουσαι	πτωχῷ	\vs{28}Τὰς δὲ θυσίας αὐτῶν ἀποδόμενοι οἱ ἱερεῖς αὐτῶν καταχρῶνται· ὡσαύτως δὲ καὶ αἱ γυναῖκες ἀπʼ αὐτῶν ταριχεύουσαι, οὐτε πτωχῷ οὔτε ἀδυνάτῳ μὴ μεταδῶσι.
33983	ΕΠΙΣΤΟΛΗ ΙΕΡΕΜΙΟΥ 1:42	οὐκ ἐχουσιν	οὐκ ἔχουσιν	1	non-enclitic in pair: ἐχουσιν	γὰρ		\vs{42}Καὶ οὐ δύνανται αὐτοὶ νοήσαντες καταλιπεῖν αὐτὰ, αἴσθησιν γὰρ οὐκ ἐχουσιν.
34052	ΣΩΣΑΝΝΑ 1:17	τας	τὰς	1	unknown unaccented word	καὶ	θύρας	\vs{17}Καὶ εἶπε τοῖς κορασίοις, ἐνέγκατε δή μοι ἔλαιον καὶ σμήγματα, καὶ τας θύρας τοῦ παραδείσου κλείσατε, ὅπως λούσωμαι.
34064	ΣΩΣΑΝΝΑ 1:25	δραμων ὁ	δραμὼν ὁ	1	non-enclitic in pair: δραμων	Καὶ	εἷς	\vs{25}Καὶ δραμων ὁ εἷς, ἤνοιξε τὰς θύρας τοῦ παραδείσου.
34065	ΣΩΣΑΝΝΑ 1:26	παραδεισῳ οἱ ἐκ	παραδείσῳ οἱ ἐκ	1	3+ consecutive unaccented	τῷ	τῆς	\vs{26}Ὡς δὲ ἤκουσαν τὴν κραυγὴν ἐν τῷ παραδεισῳ οἱ ἐκ τῆς οἰκίας, εἰσεπήδησαν διὰ τῆς πλαγίας θύρας ἰδεῖν τὸ συμβεβηκὸς αὐτῇ.
34251	ΜΑΚΚΑΒΑΙΩΝ Α 1:52	ἐποιησαν	ἐποίησαν	1	unknown unaccented word	καὶ	κακὰ	\vs{52}Καὶ συνηθροίσθησαν ἀπὸ τοῦ λαοῦ πρὸς αὐτοὺς πολλοὶ, πᾶς ὁ ἐγκαταλιπὼν τὸν νόμον· καὶ ἐποιησαν κακὰ ἐν τῇ γῇ.
34271	ΜΑΚΚΑΒΑΙΩΝ Α 2:3	Θασσι	Θασσι	1	unknown unaccented word	καλούμενος		\vs{3}Σίμων ὁ καλούμενος Θασσι,
34290	ΜΑΚΚΑΒΑΙΩΝ Α 2:17	εἰπον	εἰπὸν	3	unknown unaccented word	καὶ	τῷ	\vs{17}Καὶ ἀπεκρίθησαν οἱ παρὰ τοῦ βασιλέως, καὶ εἰπον τῷ Ματταθίᾳ, λέγοντες, ἄρχων καὶ ἔνδοξος καὶ μέγας εἶ ἐν τῇ πόλει ταύτῃ, καὶ ἐστηριγμένος ἐν υἱοῖς καὶ ἀδελφοῖς.
34762	ΜΑΚΚΑΒΑΙΩΝ Α 8:3	Ἱσπανιας	Ἱσπανιας	1	unknown unaccented word	χώρᾳ		\vs{3}καὶ ὅσα ἐποίησαν ἐν χώρᾳ Ἱσπανιας, τοῦ κατακρατῆσαι τῶν μετάλλων τοῦ ἀργυρίου καὶ τοῦ χρυσίου τοῦ ἐκεῖ·
34871	ΜΑΚΚΑΒΑΙΩΝ Α 9:54	μηνι	μηνὶ	1	unknown unaccented word	ἑκατοστῷ	τῷ	\vs{54}Καὶ ἐν ἔτει τρίτῳ καὶ πεντηκοστῷ καὶ ἑκατοστῷ, μηνι τῷ δευτέρῳ, ἐπέταξεν Ἄλκιμος καθαιρεῖν τὸ τεῖχος τῆς αὐλῆς τῶν ἁγίων τῆς ἐσωτέρας, καὶ καθεῖλε τὰ ἔργα τῶν προφητῶν, καὶ ἐνήρξατο τοῦ καθαιρεῖν.
34972	ΜΑΚΚΑΒΑΙΩΝ Α 10:58	Ἀλεξανδρος ὁ	Ἀλέξανδρος ὁ	1	non-enclitic in pair: Ἀλεξανδρος	αὐτῷ	βασιλεὺς	\vs{58}Καὶ ἀπήντησεν αὐτῷ Ἀλεξανδρος ὁ βασιλεὺς, καὶ ἐξέδοτο αὐτῷ Κλεοπάτραν τὴν θυγατέρα αὐτοῦ, καὶ ἐποίησε τὸν γάμον αὐτῆς ἐν Πτολεμαΐδι, καθὼς οἱ βασιλεῖς, ἐν δόξῃ μεγάλῃ.
35040	ΜΑΚΚΑΒΑΙΩΝ Α 11:17	ἀφειλε	ἀφεῖλε	1	unknown unaccented word	Καὶ	Ζαβδιὴλ	\vs{17}Καὶ ἀφειλε Ζαβδιὴλ ὁ Ἄραψ τὴν κεφαλὴν Ἀλεξάνδρου, καὶ ἀπέστειλε τῷ Πτολεμαίῳ.
35120	ΜΑΚΚΑΒΑΙΩΝ Α 11:73	της	τῆς	1	unknown unaccented word	ἕως	παρεμβολῆς	\vs{73}Καὶ ἴδον οἱ φεύγοντες οἱ παρʼ αὐτοῦ, καὶ ἐπέστρεψαν πρὸς αὐτόν, καὶ ἐδίωκον μετʼ αὐτοῦ ἕως Κάδης ἕως της παρεμβολῆς αὐτῶν, καὶ παρενέβαλον ἐκεῖ.
35178	ΜΑΚΚΑΒΑΙΩΝ Α 12:40	ἀπολυσαι	ἀπολῦσαι	1	unknown unaccented word	τοῦ	αὐτὸν	\vs{40}Καὶ ἐφοβήθη μήποτε οὐκ ἐάσῃ αὐτὸν Ἰωνάθαν, καὶ μήποτε πολεμήσῃ πρὸς αὐτὸν, καὶ ἐζήτει πόρον τοῦ συλλαβεῖν τὸν Ἰωνάθαν τοῦ ἀπολυσαι αὐτὸν, καὶ ἀπάρας ἦλθεν εἰς Βαιθσάν.
35276	ΜΑΚΚΑΒΑΙΩΝ Α 14:2	Μηδειας	Μηδείας	1	unknown unaccented word	καὶ	ὅτι	\vs{2}Καὶ ἤκουσεν Ἀρσάκης ὁ βασιλεὺς τῆς Περσίδος καὶ Μηδειας ὅτι ἦλθε Δημήτριος εἰς τὰ ὅρια αὐτοῦ, καὶ ἀπέστειλεν ἕνα τῶν ἀρχόντων αὐτοῦ συλλαβεῖν αὐτὸν ζῶντα.
35305	ΜΑΚΚΑΒΑΙΩΝ Α 14:24	χιλιων	χιλίων	1	unknown unaccented word	μνῶν		\vs{24}Μετὰ ταῦτα ἀπέστειλε Σίμων τὸν Νουμήνιον εἰς Ῥώμην ἔχοντα ἀσπίδα χρυσῆν μεγάλην ὁλκῆς μνῶν χιλιων, εἰς τὸ στῆσαι πρὸς αὐτοὺς τὴν συμμαχίαν.
35359	ΜΑΚΚΑΒΑΙΩΝ Α 15:13	Ἀντιοχος	Ἀντίοχος	1	unknown unaccented word	παρενέβαλεν	ἐπὶ	\vs{13}Καὶ παρενέβαλεν Ἀντιοχος ἐπὶ Δωρᾶ, καὶ σύν αὐτῷ δώδεκα μυριάδες ἀνδρῶν πολεμιστῶν, καὶ ὀκτακισχιλία ἵππος.
35398	ΜΑΚΚΑΒΑΙΩΝ Α 15:41	συνεταξεν	συνέταξεν	1	unknown unaccented word	καθὰ	αὐτῷ	\vs{41}Καὶ ᾠκοδόμησε τὴν Κεδρών· καὶ ἔταξεν ἐκεῖ ἱππεῖς καὶ δυνάμεις, ὅπως ἐκπορευόμενοι ἐξοδεύωσι τὰς ὁδοὺς τῆς Ἰουδαίας, καθὰ συνεταξεν αὐτῷ ὁ βασιλεύς.
35401	ΜΑΚΚΑΒΑΙΩΝ Α 16:1	Σιμωνι	Σίμωνι	1	unknown unaccented word	ἀπήγγειλε	τῷ	Καὶ ἀνέβη Ἰωάννης ἐκ Γαζάρων, καὶ ἀπήγγειλε Σιμωνι τῷ πατρὶ αὐτοῦ ἃ συνετέλει Κενδεβαῖος.
35421	ΜΑΚΚΑΒΑΙΩΝ Α 16:14	ἐτους	ἔτους	1	unknown unaccented word	αὐτοῦ	ἑβδόμου	\vs{14}Σίμων δὲ ἦν ἐφοδεύων τὰς πόλεις τὰς ἐν τῇ χώρᾳ, καὶ φροντίζων τῆς ἐπιμελείας αὐτῶν, καὶ κατέβη εἰς Ἱεριχὼ αὐτὸς, καὶ Ματταθίας καὶ Ἰούδας οἱ υἱοὶ αὐτοῦ, ἐτους ἑβδόμου καὶ ἑβδομηκοστοῦ καὶ ἑκατοστοῦ, ἐν μηνὶ ἑνδεκάτῳ, οὗτος ὁ μὴν Σαβάτ.
35451	ΜΑΚΚΑΒΑΙΩΝ Β 1:7	ἐννατου	ἐννατου	1	unknown unaccented word	ἑξηκοστοῦ		\vs{7}Βασιλεύοντος Δημητρίου ἔτους ἑκατοστοῦ ἑξηκοστοῦ ἐννατου, ἡμεῖς ὁ Ιουδαῖοι γεγραφήκαμεν ὑμῖν ἐν τῇ θλίψει, καὶ ἐν τῇ ἀκμῇ τῇ ἐπελθούσῃ ἡμῖν ἐν τοῖς ἔτεσι τούτοις, ἀφʼ οὗ ἀπέστη Ἰάσων καὶ οἱ μετʼ αὐτοῦ ἀπὸ τῆς ἁγίας γῆς, καὶ τῆς βασιλείας·
35477	ΜΑΚΚΑΒΑΙΩΝ Β 1:25	ἐκ παντος	ἐκ παντὸς	1	non-enclitic in pair: παντος	Ἰσραὴλ	κακοῦ	\vs{25}ὁ μόνος χορηγός, ὁ μόνος δίκαιος, καὶ παντοκράτωρ, καὶ αἰώνιος, ὁ διασώζων τὸν Ἰσραὴλ ἐκ παντος κακοῦ, ὁ ποιήσας τοὺς πατέρας ἐκλεκτούς, καὶ ἁγιάσας αὐτούς,
35519	ΜΑΚΚΑΒΑΙΩΝ Β 2:20	Ἀντιοχον	Ἀντίοχον	1	unknown unaccented word	πρὸς	τὸν	\vs{20}ἔτι τε τοὺς πρὸς Ἀντιοχον τὸν Ἐπιφανῆ, καὶ τὸν τούτου υἱὸν Εὐπάτορα πολέμους,
35520	ΜΑΚΚΑΒΑΙΩΝ Β 2:21	ὡστε	ὥστε	1	unknown unaccented word	ἀνδραγαθήσασιν	τὴν	\vs{21}καὶ τὰς ἐξ οὐρανοῦ γενομένας ἐπιφανείας τοῖς ὑπὲρ τοῦ Ἰουδαϊσμοῦ φιλοτίμως ἀνδραγαθήσασιν, ὡστε τὴν ὅλην χώραν ὀλίγους ὄντας λεηλατεῖν, καὶ τὰ βάρβαρα πλήθη διώκειν.
35562	ΜΑΚΚΑΒΑΙΩΝ Β 3:20	οὐρανον	οὐρανὸν	1	unknown unaccented word	τὸν		\vs{20}Πᾶσαι δὲ προτείνουσαι τὰς χεῖρας εἰς τὸν οὐρανον, ἐποιοῦντο τὴν λιτανείαν·
35572	ΜΑΚΚΑΒΑΙΩΝ Β 3:26	παρασταντες ἐξ	παραστάντες ἐξ	1	non-enclitic in pair: παρασταντες	καὶ	ἑκατέρου	\vs{26}Ἕτεροι δὲ δύο προεφάνησαν αὐτῷ νεανίαι, τῇ ῥώμῃ μὲν ἐκπρεπεῖς, κάλλιστοι δὲ τῇ δόξῃ, διαπρεπεῖς δὲ τὴν περιβολήν· οἳ καὶ παρασταντες ἐξ ἑκατέρου μέρους, ἐμαστίγουν αὐτὸν ἀδιαλείπτως, πολλὰς ἐπιῤῥιπτοῦντες αὐτῷ πληγάς.
35773	ΜΑΚΚΑΒΑΙΩΝ Β 7:16	θελεις	θέλεις	1	unknown unaccented word	ὅ	ποιεῖς	\vs{16}Ὁ δὲ πρὸς αὐτὸν ἰδὼν, εἶπεν, ἐξουσίαν ἐν ἀνθρώποις ἔχων φθαρτὸς ὤν, ὅ θελεις ποιεῖς· μὴ δόκει δὲ τὸ γένος ἡμῶν ὑπὸ τοῦ Θεοῦ καταλελεῖφθαι.
35841	ΜΑΚΚΑΒΑΙΩΝ Β 8:20	ὀκτακισχιλιοι	ὀκτακισχίλιοι	1	unknown unaccented word	ἦλθον	σὺν	\vs{20}Καὶ τὴν ἐν τῇ Βαβυλωνίᾳ τὴν πρὸς αὐτοὺς Γαλάτας παράταξιν γενομένην, ὡς οἱ πάντες ἐπὶ τὴν χρείαν ἦλθον ὀκτακισχιλιοι σὺν Μακεδόσι τετρακισχιλίοις, τῶν Μακεδόνων ἀπορουμένων, οἱ ὀκτακισχίλιοι τὰς δώδεκα μυρίαδας ἀπώλεσαν διὰ τὴν γενομένην αὐτοῖς ἀπʼ οὐρανοῦ βοήθειαν, καὶ ὠφέλειαν πολλὴν ἔλαβον.
35856	ΜΑΚΚΑΒΑΙΩΝ Β 8:30	συνεριζοντων	συνεριζοντων	1	unknown unaccented word	Βακχίδην		\vs{30}Καὶ τῶν περὶ Τιμόθεον καὶ Βακχίδην συνεριζοντων, ὑπὲρ τοὺς δισμυρίους αὐτῶν ἀνεῖλον, καὶ ὀχυρωμάτων ὑψηλῶν εὖ μάλα ἐγκρατεῖς ἐγένοντο· καὶ λάφυρα πλεῖστα ἐμερίσαντο, ἰσομοίρους ἑαυτοὺς καὶ τοῖς ᾐκισμένοις, καὶ ὀρφανοῖς, καὶ χήραις, ἔτι δὲ καὶ πρεσβυτέροις ποιήσαντες.
36046	ΜΑΚΚΑΒΑΙΩΝ Β 12:22	ἀλλαχῃ	ἀλλαχῇ	1	unknown unaccented word	ἄλλος	φερόμενος	\vs{22}Ἐπιφανείσης δὲ τῆς Ἰούδα σπείρας πρώτης, καὶ γενομένου δέους ἐπὶ τοὺς πολεμίους, φόβου τε ἐκ τῆς τοῦ πάντα ἐφορῶντος ἐπιφανείας γενομένου ἐπʼ αὐτοὺς, εἰς φυγὴν ὥρμησαν ἄλλος ἀλλαχῃ φερόμενος, ὥστε πολλάκις ὑπὸ τῶν ἰδίων βλάπτεσθαι, καὶ ταῖς τῶν ξιφῶν ἀκμαῖς ἀναπείρεσθαι.
36089	ΜΑΚΚΑΒΑΙΩΝ Β 13:8	ἐκομισατο	ἐκομίσατο	1	unknown unaccented word	θάνατον		\vs{8}πάνυ δικαίως. Ἐπεὶ γὰρ συνετελέσατο πολλὰ περὶ τὸν βωμὸν ἁμαρτήματα, οὗ τὸ πῦρ ἁγνὸν ἦν καὶ ἡ σποδὸς, ἐν σποδῷ τὸν θάνατον ἐκομισατο.
36161	ΜΑΚΚΑΒΑΙΩΝ Β 14:32	ποτ	ποτ	1	unknown unaccented word	ποῦ		\vs{32}Τῶν δὲ μεθʼ ὅρκων φασκόντων μὴ γινώσκειν ποῦ ποτʼ ἐστὶν ὁ ζητούμενος,
36200	ΜΑΚΚΑΒΑΙΩΝ Β 15:14	Ὀνιαν	Ὀνίαν	1	unknown unaccented word	τὸν	εἰπεῖν	\vs{14}Ἀποκριθέντα δὲ τὸν Ὀνιαν εἰπεῖν, ὁ φιλάδελφος οὗτός ἐστιν ὁ πολλὰ προσευχόμενος περὶ τοῦ λαοῦ καὶ τῆς ἁγίας πόλεως, Ἱερεμίας ὁ τοῦ Θεοῦ προφήτης.
36257	ΜΑΚΚΑΒΑΙΩΝ Γ 1:11	μονῳ	μόνῳ	1	unknown unaccented word	ἢ	τῷ	\vs{11}Τῶν δὲ εἰπόντων μὴ καθήκειν γίνεσθαι τοῦτο, διὰ τὸ μηδὲ τοῖς ἐκ τοῦ ἔθνους ἐξεῖναι εἰσιέναι, μηδὲ πᾶσι τοῖς ἱερεῦσιν, ἀλλʼ ἢ μονῳ τῷ προηγουμένῳ πάντων ἀρχιερεῖ, καὶ τούτῳ ἅπαξ κατʼ ἐνιαυτὸν, οὐδαμῶς ἠβούλετο πείθεσθαι.
36327	ΜΑΚΚΑΒΑΙΩΝ Γ 2:31	ἐπι πολεως	ἐπι πόλεως	1	non-enclitic in pair: πολεως	οὖν	τὰς	\vs{31}Ἔνιοι μὲν οὖν ἐπι πολεως τὰς τῆς πόλεως εὐσεβείας ἐπιβάθρας στυγοῦντες, εὐχερῶς ἑαυτοὺς ἐδίδοσαν, ὡς μεγάλης τινὸς κοινωνήσοντες εὐκλείας ἀπὸ τῆς ἐσομένης τῷ βασιλεῖ συναναστροφῆς.
36328	ΜΑΚΚΑΒΑΙΩΝ Γ 2:32	ἀντικαταλλασσομενοι	ἀντικαταλλασσόμενοι	1	unknown unaccented word	ζῇν		\vs{32}Οἱ δὲ πλεῖστοι γενναίᾳ ψυχῇ ἐνίσχυσαν καὶ οὐ διέστησαν τῆς εὐσεβείας· τά τε χρήματα περὶ τοῦ ζῇν ἀντικαταλλασσομενοι, ἀδεῶς ἐπειρῶντο ἑαυτοὺς ῥύσασθαι ἐκ τῶν ἀπογραφῶν.
36356	ΜΑΚΚΑΒΑΙΩΝ Γ 3:19	δυσμενειαν	δυσμένειαν	1	unknown unaccented word	ἡμᾶς	ἔκδηλον	\vs{19}Τὴν δὲ αὐτῶν εἰς ἡμᾶς δυσμενειαν ἔκδηλον καθιστάντες, ὡς μονώτατοι τῶν ἐθνῶν βασιλεῦσι καὶ τοῖς ἑαυτῶν εὐεργέταις ὑψαυχενοῦντες οὐδὲν γνήσιον βούλονται φέρειν.
36445	ΜΑΚΚΑΒΑΙΩΝ Γ 5:31	σαι	σαι	1	unknown unaccented word	εἴ	γονεῖς	\vs{31}εἴ σαι γονεῖς παρῆσαν ἢ παίδων γοναὶ, τήνδε θηρσὶν ἀγρίοις ἐσκεύασαν δαψιλῆ θοῖναν, ἀντὶ τῶν ἀνεγκλήτων ἐμοὶ καὶ προγόνοις ἐμοῖς ἀποδεδειγμένων ὁλοσχερῆ βεβαίαν πίστιν ἐξόχως, Ἰουδαίων.
36482	ΜΑΚΚΑΒΑΙΩΝ Γ 6:5	ἐθνεσι	ἔθνεσι	1	unknown unaccented word	δεικνὺς	πολλοῖς	\vs{5}Σὺ τὸν ἀναριθμήτοις δυνάμεσι γαυρωθέντα Σενναχηρεὶμ βαρὺν Ἀσσυρίων βασιλέα, δόρατι τὴν πᾶσαν ὑποχείριον ἤδη λαβόντα γῆν, καὶ μετεωρισθέντα ἐπὶ τὴν ἁγίαν σου πόλιν, βαρέα λαλοῦντα κόμπῳ καὶ θράσει, Δέσποτα, ἔθραυσας, ἔκδηλον δεικνὺς ἐθνεσι πολλοῖς τὸ σὸν κράτος.
36485	ΜΑΚΚΑΒΑΙΩΝ Γ 6:8	ἀναδειξας	ἀναδείξας	1	unknown unaccented word	οἰκείοις		\vs{8}Τόν τε βυθοτρεφοῦς ἐν γαστρὶ κήτους Ἰωνᾶν τηκόμενον ἀφιδῶς, ἀπήμαντον πᾶσιν οἰκείοις ἀναδειξας, πάτερ.
36579	ΜΑΚΚΑΒΑΙΩΝ Δ 1:9	ὑπεριδοντες	ὑπεριδόντες	1	unknown unaccented word	πόνων		\vs{9}Ἅπαντες γὰρ οὗτοι τῶν ἕως θανάτου πόνων ὑπεριδοντες, ὑπεριδόντες ἐπεδείξαντο ὅτι περικρατεῖ τῶν παθῶν ὁ λογισμός.
36593	ΜΑΚΚΑΒΑΙΩΝ Δ 1:18	ἀνδρεια	ἀνδρεία	1	unknown unaccented word	καὶ	καὶ	\vs{18}Τῆς δὲ σοφίας ἰδέαι καθεστᾶσιν, φρόνησις καὶ δικαιοσύνη καὶ ἀνδρεια καὶ σωφροσύνη.
36640	ΜΑΚΚΑΒΑΙΩΝ Δ 2:20	οὑτως	οὕτως	1	unknown unaccented word	εἶπεν		\vs{20}Εἰ μὴ γὰρ ἐδύνετο τῶν θυμῶν ὁ λογισμὸς κρατεῖν, οὐκ ἂν εἶπεν οὑτως.
36676	ΜΑΚΚΑΒΑΙΩΝ Δ 4:1	οὐκ ἰσχυσεν	οὐκ ἴσχυσεν	1	non-enclitic in pair: ἰσχυσεν	ἔθνους	κακῶσαι	Σίμων γάρ τις πρὸς Ὀνίαν ἀντιπολιτεύομενος τόν ποτε τὴν ἀρχιερωσύνην ἔχοντα διὰ βίου, καλὸν καὶ ἀγαθὸν ἄνδρα, ἐπειδὴ πάντα τρόπον διαβάλλων ὑπὲρ τοῦ ἔθνους οὐκ ἰσχυσεν κακῶσαι, φυγὰς ᾤχετο, τὴν πατρίδα προδώσων.
36718	ΜΑΚΚΑΒΑΙΩΝ Δ 5:6	Ἰουδαιων	Ἰουδαίων	1	unknown unaccented word	τῇ	χρώμενος	\vs{6}ἐγὼ πρὶν ἄρξασθαι τῶν κατὰ σοῦ βασάνων, ὦ πρεσβύτα, συμβουλεύσαιμʼ ἄν σοι ταῦτα ὅπως ἀπογευσάμενος τῶν ὑείων σώζοιο· αἰδοῦμαι γάρ σου τὴν ἡλικίαν καὶ τὴν πολιὰν, ἥν μετὰ τοσοῦτον ἔχων χρόνον, οὔ μοι δοκεῖς φιλοσοφεῖν, τῇ Ἰουδαιων χρώμενος θρησκείᾳ.
36730	ΜΑΚΚΑΒΑΙΩΝ Δ 5:16	πολιτευεσθαι	πολιτεύεσθαι	1	unknown unaccented word	νόμῳ		\vs{16}ἡμεῖς, Αντίοχε, θείῳ πεπεισμένοι νόμῳ πολιτευεσθαι, οὐδεμίαν ἀνάγκην βιαιοτέραν εἶναι νομίζομεν τῆς πρὸς τὸν νόμον ἡμῶν εὐπειθείας.
36833	ΜΑΚΚΑΒΑΙΩΝ Δ 7:24	φιλοσοφουντες χαλεπωτερων	φιλοσοφοῦντες χαλεπωτέρων	1	non-enclitic in pair: φιλοσοφουντες, χαλεπωτερων	λογισμῷ	βασανιστηρίων	\vs{24}Διὰ τοῦτο γέ τοι καὶ μειρακίσκοι τῷ τῆς εὐσεβείας λογισμῷ φιλοσοφουντες χαλεπωτερων βασανιστηρίων ἐπεκράτησαν.
36869	ΜΑΚΚΑΒΑΙΩΝ Δ 8:27	περιφρονες	περίφρονες	1	unknown unaccented word	γὰρ	τῶν	\vs{27}Ἦσαν γὰρ περιφρονες τῶν παθῶν, καὶ αὐτηκράτορες τῶν ἀλγηδόνων. Ὥστε ἅμα τῷ παύσασθαι τὸν τύραννον συμβουλεύοντα αὐτοῖς μιεροφαγῆσαι, πάντες διὰ μιᾶς φωνῆς ὁμοῦ, ὥσπερ ἀπὸ τῆς αὐτῆς ψυχῆς, εἶπον,
37189	ΜΑΚΚΑΒΑΙΩΝ Δ 18:10	ἐδιδασκεν	ἐδίδασκεν	1	unknown unaccented word	Ὃς	ὑμᾶς	\vs{10}Ὃς ἐδιδασκεν ὑμᾶς, ἔτι ὢν σὺν ὑμῖν, τὸν νόμον καὶ τοὺς προφήτας.
37202	ΜΑΚΚΑΒΑΙΩΝ Δ 18:20	ζεουσι	ζέουσι	1	unknown unaccented word	καὶ	θυμοῖς	\vs{20}Ὧ πικρᾶς τῆς τότε ἡμέρας, καὶ οὐ πικρᾶς, ὅτε ὁ πικρὸς Ἑλλήνων τύραννος πῦρ φλέξας λέβησιν ὠμοῖς, καὶ ζεουσι θυμοῖς ἀγαγὼν ἐπὶ τὸν καταπέλτην καὶ πάλιν τὰς βασάνους αὐτοῦ τοὺς ἑπτὰ παῖδας τῆς Ἁβρααμίτιδος.
37206	ΜΑΚΚΑΒΑΙΩΝ Δ 18:23	ἀθλοφορῳ	ἀθλοφόρῳ	1	unknown unaccented word	τῇ	μητρὶ	\vs{23}Οἱ δὲ Ἁβραμιαῖοι παῖδες σὺν τῇ ἀθλοφορῳ μητρὶ, εἰς πατέρων χορὸν συναγελάζονται, φυχὰς καὶ ἀθανάτους ἀπειληφότες παρὰ τοῦ Θεοῦ.
37226	ΠΡΟΣΕΥΧΗ ΜΑΝΑΣΣΗ ΥΙΟΥ ΕΖΕΚΙΟΥ 1:13	μαι	μαι	1	unknown unaccented word	κακά		\vs{13}Κύριε, ἄνες μοι, καὶ μὴ συναπολέσῃς με ταῖς ἀνομίαις μου, μηδὲ εἰς τὸν αἰῶνα μηνίσας τηρήσῃς τὰ κακά μαι, μηδὲ καταδικάσῃς με ἐν τοῖς κατωτάτοις τῆς γῆς, διότι σὺ εἶ Θεὸς, Θεὶς τῶν μετανοούντων.
37227	ΠΡΟΣΕΥΧΗ ΜΑΝΑΣΣΗ ΥΙΟΥ ΕΖΕΚΙΟΥ 1:14	ὁτι	ὅτι	1	unknown unaccented word	σου	ἀνάξιον	\vs{14}Καὶ ἐν ἐμοὶ δείξεις πᾶσαν τῆν ἀγαθωσύνην σου, ὁτι ἀνάξιον ὄντα σώσεις με κατὰ τὸ πολὺ ἔλεός σου.
