Line Number	Verse Reference	Word	Suggested Fix	Full Line
364	ΓΕΝΕΣΙΣ 10:4	Ῥόδὶοι	Ῥόδίοι	\vs{4}Καὶ υἱοὶ Ἰωύαν, Ἐλισὰ, καὶ Θάρσεις, Κήτιοι, Ῥόδὶοι.
422	ΓΕΝΕΣΙΣ 11:25	εἰκοσιπὲντε	εἰκοσιπέντε	\vs{25}Καὶ ἔζησε Ναχὼρ, μετὰ τὸ γεννῆσαι αὐτὸν τὸν Θάῤῥα, ἔτη ἑκατὸν εἰκοσιπὲντε, καὶ ἐγεννησεν υἱοὺς καὶ θυγατέρας, καὶ ἀπέθανε.
1165	ΓΕΝΕΣΙΣ 32:31	πρὸσωπον	πρόσωπον	\vs{31}Καὶ ἐκάλεσεν Ἰακὼβ τὸ ὄνομα τοῦ τόπου ἐκείνου, εἶδος Θεοῦ· εἶδον γὰρ Θεὸν πρόσωπον πρὸς πρὸσωπον, καὶ ἐσώθη μου ἡ ψυχή.
1179	ΓΕΝΕΣΙΣ 33:10	εὓρον	εὕρον	\vs{10}Εἶπε δὲ Ἰακὼβ, εἰ εὓρον χάριν ἐναντίον σου, δέξαι τὰ δῶρα διὰ τῶν ἐμῶν χειρῶν· ἕνεκεν τούτου εἶδον τὸ πρόσωπόν σου, ὡς ἄν τις ἴδοι πρόσωπον Θεοῦ, καὶ εὐδοκήσεις με.
1840	ΕΞΟΔΟΣ 2:7	παιδὶον	παιδίον	\vs{7}Καὶ εἶπεν ἡ ἀδελφὴ αὐτοῦ τῇ θυγατρὶ Φαραὼ, θέλεις καλέσω σοι γυναῖκα τροφεύουσαν ἐκ τῶν Ἐβραίων, καὶ θηλάσει σαι τὸ παιδὶον σοι τὸ παιδίον;
1869	ΕΞΟΔΟΣ 3:8	Γεργεσαὶων	Γεργεσαίων	\vs{8}καὶ κατέβην ἐξελέσθαι αὐτοὺς ἐκ χειρὸς τῶν Αἰγυπτίων, καὶ ἐξαγαγεῖν αὐτοὺς ἐκ τῆς γῆς ἐκείνης, καὶ εἰσαγαγεῖν αὐτοὺς εἰς γῆν ἀγαθὴν καὶ πολλήν, εἰς γῆν ῥέουσαν γάλα καὶ μέλι, εἰς τὸν τόπον τῶν Χαναναίων, καὶ Χετταίων, καὶ Ἀμοῤῥαίων, καὶ Φερεζαίων, καὶ Γεργεσαὶων, καὶ Εὐαίων, καὶ Ἰεβουσαίων.
1953	ΕΞΟΔΟΣ 6:7	λὴψομαι	λήψομαι	\vs{7}Καὶ λὴψομαι ἐμαυτῷ ὑμᾶς λαὸν ἐμοὶ, καὶ ἔσομαι ὑμῶν Θεός· καὶ γνώσεσθε ὅτι ἐγὼ Κύριος ὁ Θεὸς ὑμῶν, ὁ ἐξαγαγὼν ὑμᾶς ἐκ τῆς καταδυναστείας τῶν Αἰγυπτίων.
2061	ΕΞΟΔΟΣ 9:19	πὰντες	πάντες	\vs{19}Νῦν οὖν κατάσπευσον συναγαγεῖν τὰ κτήνη σου, καὶ ὅσα σοι ἐστὶν ἐν τῷ πεδίῳ· πάντες γὰρ οἱ ἄνθρωποι, καὶ τὰ κτήνη, ὅσα σοί ἐστιν ἐν τῷ πεδίῳ· πὰντες γὰρ οἱ ἄνθρωποι, καὶ τὰ κτήνη, ὅσα ἐὰν εὑρεθῇ ἐν τοῖς πεδίοις, καὶ μὴ εἰσέλθῃ εἰς οἰκίαν, πεσῇ δὲ ἐπʼ αὐτὰ ἡ χάλαζα, τελευτήσει.
2072	ΕΞΟΔΟΣ 9:29	χὰλαζα	χάλαζα	\vs{29}Εἶπε δὲ αὐτῷ Μωυσῆς, ὡς ἂν ἐξέλθω τὴν πόλιν, ἐκπετάσω τὰς χεῖράς μου πρὸς τὸν Κύριον, καὶ αἱ φωναὶ παύσονται, καὶ ἡ χὰλαζα καὶ ὁ ὑετὸς οὐκ ἔσται ἔτι, ἵνα γνῷς ὅτι τοῦ Κυρίου ἡ γῆ.
2129	ΕΞΟΔΟΣ 12:5	λὴψεσθε	λήψεσθε	\vs{5}Πρόβατον τέλειον, ἄρσεν, ἐνιαύσιον ἔσται ὑμῖν· ἀπὸ τῶν ἀρνῶν καὶ τῶν ἐρίφων λὴψεσθε.
2317	ΕΞΟΔΟΣ 17:4	καταλιθοβολὴσουσί	καταλιθοβολήσουσί	\vs{4}Ἐβόησε δὲ Μωυσῆς πρὸς Κύριον, λέγων, τί ποιήσω τῷ λαῷ τούτῳ; ἔτι μικρὸν, καὶ καταλιθοβολὴσουσί με.
2402	ΕΞΟΔΟΣ 20:11	θὰλασσαν	θάλασσαν	\vs{11}Ἐν γὰρ ἓξ ἡμέραις ἐποίησε Κύριος τὸν οὐρανὸν καὶ τὴν γῆν καὶ τὴν θὰλασσαν καὶ πάντα τὰ ἐν αὐτοῖς, καὶ κατέπαυσε τῇ ἡμέρᾳ τῇ ἑβδόμῃ· διὰ τοῦτο εὐλόγησε Κύριος τὴν ἡμέραν τὴν ἑβδόμην, καὶ ἡγίασεν αὐτήν.
2689	ΕΞΟΔΟΣ 28:30	ὃταν	ὅταν	\vs{30}Καὶ ἐπιθήσεις ἐπὶ τὸ λογεῖον τῆς κρίσεως τὴν δήλωσιν καὶ τὴν ἀλήθειαν· καὶ ἔσται ἐπὶ τοῦ στήθους Ἀαρὼν, ὃταν εἰσπορεύεται εἰς τὸ ἅγιον ἔναντὶ Κυρίου· καὶ οἴσει Ἀαρὼν τὰς κρίσεις τῶν υἱῶν Ἰσραὴλ ἐπὶ τοῦ στήθους ἔναντι Κυρίου διαπαντός.
2849	ΕΞΟΔΟΣ 32:27	ἓκαστος	ἕκαστος	\vs{27}Καὶ λέγει αὐτοῖς τάδε λέγει Κύριος ὁ Θεὸς Ἰσραήλ θέσθε ἕκαστος τὴν ἑαυτοῦ ῥομφαίανν ἐπὶ τὸν μηρὸν, καὶ διέλθατε καὶ ἀνακάμψατε ἀπὸ πύλης ἐπὶ πύλην διὰ τῆς παρεμβολῆς, καὶ ἀποκτείνατε ἕκαστος τὸν ἀδελφὸν αὐτοῦ, καὶ ἕκαστος τὸν πλησίον αὐτοῦ, καὶ ἓκαστος τὸν ἔγγιστα αὐτοῦ.
3006	ΕΞΟΔΟΣ 37:3	ὑφαντὸυ	ὑφαντόυ	\vs{3}καὶ ἐποίησαν τὸ καταπέτασμα ἐξ ὑακίνθου, καὶ πορφύρας, καὶ κοκκίνου νενησμένου, καὶ βύσσου κεκλωσμένης, ἔργον ὑφαντὸυ χερουβείμ·
3008	ΕΞΟΔΟΣ 37:5	ὑφαντὸντοῦ	ὑφαντόντοῦ	\vs{5}καὶ ἐποίησαν τὸ καταπέτασμα τῆς θύρας τῆς σκηνῆς τοῦ μαρτυρίου ἐξ ὑακίνθου, καὶ πορφύρας, καὶ κοκκίνου νενησμένου, καὶ βύσσου κεκλωσμένης, ἔργον ὑφαντὸντοῦ χερουβείμ·
3082	ΕΞΟΔΟΣ 39:22	Ὃσα	Ὅσα	\vs{22}Ὃσα συνέταξε Κύριος τῷ Μωυσῇ, οὕτως ἐποίησαν οἱ υἱοὶ Ἰσραὴλ πᾶσαν τὴν ἀποσκευήν·
3268	ΛΕΥΙΤΙΚΟΝ 6:13	τὸπρωῒ	τόπρωῒ	\vs{13}τοῦτο τὸ δῶρον Ἀαρὼν καὶ τῶν υἱῶν αὐτοῦ, ὃ προσοίσουσι Κυρίῳ ἐν τῇ ἡμέρᾳ, ᾗ ἂν χρίσῃς αὐτόν· τὸ δέκατον τοῦ οἰφὶ σεμιδάλεως εἰς θυσίαν διαπαντὸς, τὸ ἥμισυ αὐτῆς τὸπρωῒ, καὶ τὸ ἥμισυ αὐτῆς τοδειλινόν.
3689	ΛΕΥΙΤΙΚΟΝ 17:4	αὶμα	αίμα	\vs{4}καὶ ἐπὶ τὴν θύραν τῆς σκηνῆς τοῦ μαρτυρίου μὴ ἐνέγκῃ, ὥστε ποιῆσαι αὐτὸ εἰς ὁλοκαύτωμα ἢ σωτήριον Κυρίῳ δεκτὸν εἰς ὀσμὴν εὐωδίας· καὶ ὃς ἂν σφάξῃ ἔξω, καὶ ἐπὶ τὴν θύραν τῆς σκηνῆς τοῦ μαρτυρίου μὴ ἐνέγκῃ αὐτὸ, ὥστε προσενέγκαι δῶρον τῷ Κυρίῳ ἀπέναντι τῆς σκηνῆς Κυρίου· καὶ λογισθήσεται τῷ ἀνθρώπῳ ἐκείνῳ αἷμα· αὶμα ἐξέχεεν· ἐξολοθρευθήσεται ἡ ψυχὴ ἐκείνη ἐκ τοῦ λαοῦ αὐτῆς.
3919	ΛΕΥΙΤΙΚΟΝ 23:37	Κυρὶῳ	Κυρίῳ	\vs{37}Αὗται ἑορταὶ Κυρὶῳ, ἃς καλέσετε κλητὰς ἁγίας, ὥστε προσενέγκαι καρπώματα τῷ Κυρίῳ, ὁλοκαυτώματα καὶ θυσίας αὐτῶν, καὶ σπονδὰς αὐτῶν τὸ καθʼ ἡμέραν εἰς ἡμέραν·
3995	ΛΕΥΙΤΙΚΟΝ 25:37	τὸκῳ	τόκῳ	\vs{37}Τὸ ἀργύριόν σου οὐ δώσεις αὐτῷ ἐπὶ τὸκῳ, καὶ ἐπὶ πλεονασμῷ οὐ δώσεις αὐτῷ τὰ βρώματά σου.
4385	ΑΡΙΘΜΟΙ 6:5	ἓως	ἕως	\vs{5}ξυρὸν οὐκ ἐπελεύσεται ἐπὶ τὴν κεφαλὴν αὐτοῦ, ἓως ἄν πληρωθῶσιν αἱ ἡμέραι, ὅσας ηὐξατο Κυρίῳ· ἅγιος ἔσται τρέφων κόμην τρίχα κεφαλῆς πάσας τὰς ἡμέρας τῆς εὐχῆς Κυρίῳ·
4890	ΑΡΙΘΜΟΙ 17:17	ἐπὶγραψον	ἐπίγραψον	\vs{17}λάλησον τοῖς υἱοῖς Ἰσραὴλ, καὶ λάβε παρʼ αὐτῶν ῥάβδον, ῥάβδον κατʼ οἴκους πατριῶν παρὰ πάντων τῶν ἀρχόντων αὐτῶν, κατʼ οἴκους πατριῶν αὐτῶν, δώδεκα ῥάβδους, καὶ ἑκάστου τὸ ὄνομα αὐτοῦ ἐπὶγραψον ἐπὶ τῆς ῥάβδου.
5291	ΑΡΙΘΜΟΙ 27:17	ὃστις	ὅστις	\vs{17}ὅστις ἐξελεύσεται πρὸ προσώπου αὐτῶν, καὶ ὅστις εἰσελεύσεται πρὸ προσώπου αὐτῶν, καὶ ὅστις ἐξάξει αὐτοὺς, καὶ ὃστις εἰσάξει αὐτοὺς, καὶ οὐκ ἔσται ἡ συναγωγὴ Κυρίου ὡσεὶ πρόβατα οἷς οὐκ ἔστι ποιμήν.
5799	ΔΕΥΤΕΡΟΝΟΜΙΟΝ 3:11	κλὶνη	κλίνη	\vs{11}Ὅτι πλὴν Ὢγ βασιλεὺς Βασὰν κατελείφθη ἀπὸ τῶν Ῥαφαΐν· ἰδοὺ ἡ κλὶνη αὐτοῦ κλὶνη σιδηρᾶ, ἰδοὺ αὕτη ἐν τῇ ἄκρᾳ τῶν υἱῶν Ἀμμών· ἐννέα πήχεων τὸ μηκος αὐτῆς, καὶ τεσσάρων πήχεων τὸ εὖρος αὐτῆς ἐν πήχει ἀνδρός.
5799	ΔΕΥΤΕΡΟΝΟΜΙΟΝ 3:11	κλὶνη	κλίνη	\vs{11}Ὅτι πλὴν Ὢγ βασιλεὺς Βασὰν κατελείφθη ἀπὸ τῶν Ῥαφαΐν· ἰδοὺ ἡ κλὶνη αὐτοῦ κλὶνη σιδηρᾶ, ἰδοὺ αὕτη ἐν τῇ ἄκρᾳ τῶν υἱῶν Ἀμμών· ἐννέα πήχεων τὸ μηκος αὐτῆς, καὶ τεσσάρων πήχεων τὸ εὖρος αὐτῆς ἐν πήχει ἀνδρός.
6316	ΔΕΥΤΕΡΟΝΟΜΙΟΝ 18:16	μὲγα	μέγα	\vs{16}Κατὰ πάντα ὅσα ᾐτήσω παρὰ Κυρίου τοῦ Θεοῦ σου ἐν Χωρὴβ τῇ ἡμέρᾳ τῆς ἐκκλησίας, λέγοντες, οὐ προσθήσομεν ἀκοῦσαι τὴν φωνὴν Κυρίου τοῦ Θεοῦ σου, καὶ τὸ πῦρ τοῦτο τὸ μὲγα οὐκ ὀψόμεθα ἔτι, οὐδὲ μὴ ἀποθάνωμεν.
6572	ΔΕΥΤΕΡΟΝΟΜΙΟΝ 27:17	πλησὶον	πλησίον	\vs{17}Ἐπικατάρατος ὁ μετατιθεὶς ὅρια τοῦ πλησὶον· καὶ ἐροῦσι πᾶς ὁ λαός, γένοιτο.
6673	ΔΕΥΤΕΡΟΝΟΜΙΟΝ 29:5	ὃτι	ὅτι	\vs{5}Ἄρτον οὐκ ἐφάγετε, οἶνον καὶ σίκερα οὐκ ἐπίετε, ἵνα γνῶτε ὃτι Κύριος ὁ Θεὸς ὑμῶν ἐγώ.
7029	ΙΗΣΟΥΣ ΝΑΥΗ 6:17	Κυρὶῳ	Κυρίῳ	\vs{17}Καὶ ἔσται ἡ πόλις ἀνάθεμα, αὐτὴ καὶ πάντα ὅσα ἐστὶν ἐν αὐτῇ, Κυρὶῳ σαβαώθ· πλὴν Ῥαὰβ τὴν πόρνην περιποιήσασθε αὐτὴν, καὶ πάντα ὅσα ἐστὶν ἐν τῷ οἴκῳ αὐτῆς.
7031	ΙΗΣΟΥΣ ΝΑΥΗ 6:19	Κυρὶῳ	Κυρίῳ	\vs{19}Καὶ πᾶν ἀργύριον ἢ χρυσίον, ἢ χαλκὸς ἢ σίδηρος, ἅγιον ἔσται τῷ Κυρὶῳ· εἰς θησαυρὸν Κυρίου εἰσενεχθήσεται.
7100	ΙΗΣΟΥΣ ΝΑΥΗ 8:19	καὶτὴν	καίτὴν	\vs{19}καὶ τὰ ἔνεδρα ἐξανέστησαν ἐν τάχει ἐκ τοῦ τόπου αὐτῶν· καὶ ἐξήλθοσαν ὅτε ἐξέτεινε τὴν χεῖρα, καὶ εἰσήλθοσαν καὶτὴν πόλιν, καὶ κατελάβοντο αὐτήν· καὶ σπεύσαντες ἐνέπρησαν τὴν πόλιν ἐν πυρί.
7461	ΙΗΣΟΥΣ ΝΑΥΗ 18:12	νὼτου	νώτου	\vs{12}Καὶ ἐγενήθη αὐτῶν τὰ ὅρια ἀπὸ Βοῤῥᾶ· ἀπὸ τοῦ Ἱορδάνου προσαναβήσεται τὰ ὅρια κατὰ νὼτου Ἱεριχὼ ἀπὸ Βοῤῥᾶ, καὶ ἀναβήσεται ἐπὶ τὸ ὄρος ἐπὶ τὴν θάλασσαν, καὶ ἔσται αὐτοῦ ἡ διέξοδος ἡ Μαβδαρίτις Βαιθών.
7502	ΙΗΣΟΥΣ ΝΑΥΗ 19:17	Ἰσσὰχαρ	Ἰσσάχαρ	\vs{17}Καὶ τῷ Ἰσσὰχαρ ἐξῆλθεν ὁ κλῆρος ὁ τέταρτος.
7535	ΙΗΣΟΥΣ ΝΑΥΗ 19:46	Ἱερὰκων	Ἱεράκων	\vs{46}καὶ ἀπὸ θαλάσσης Ἱερὰκων ὅριον πλησίον Ἰόππης.
7863	ΚΡΙΤΑΙ 4:2	ἂρχων	ἄρχων	\vs{2}Καὶ ἀπέδοτο τοὺς υἱοὺς Ἰσραὴλ Κύριος ἐν χειρὶ Ἰαβὶν βασιλέως Χαναὰν, ὃς ἐβασίλευσεν ἐν Ἀσώρ· καὶ ὁ ἂρχων τῆς δυνάμεως αὐτοῦ Σισάρα, καὶ αὐτὸς κατῴκει ἐν Ἀρισὼθ τῶν ἐθνῶν.
8216	ΚΡΙΤΑΙ 12:2	Ἰεφθὰε	Ἰεφθάε	\vs{2}Καὶ εἶπε πρὸς αὐτοὺς Ἰεφθὰε, ἀνὴρ μαχητὴς ἤμην ἐγὼ καὶ ὁ λαός μου, καὶ οἱ υἱοὶ Ἀμμὼν σφόδρα· καὶ ἐβόησα ὑμᾶς, καὶ οὐκ ἐσώσατέ με ἐκ χειρὸς αὐτῶν.
8302	ΚΡΙΤΑΙ 15:3	ἠθὼωμαι	ἠθώωμαι	\vs{3}Καὶ εἶπεν αὐτοῖς Σαμψὼν, ἠθὼωμαι καὶ τὸ ἅπαξ ἀπὸ ἀλλοφύλων, ὅτι ποιῶ ἐγὼ μετʼ αὐτῶν πονηρίαν·
8462	ΚΡΙΤΑΙ 19:30	ἑὼραται	ἑώραται	\vs{30}Καὶ ἐγένετο πᾶς ὁ βλέπων ἔλεγεν, οὐκ ἐγένετο καὶ οὐχ ἑὼραται ἀπὸ ἡμέρας ἀναβάσεως υἱῶν Ἰσραὴλ ἐκ γῆς Αἰγύπτου ἕως τῆς ἡμέρας ταύτης ὠς αὐτή· θέσθε ὑμῖν αὐτοῖς βουλὴν ἐπʼ αὐτὴν, καὶ λαλήσατε.
8753	ΒΑΣΙΛΕΙΩΝ Α 2:20	τὸπον	τόπον	\vs{20}Καὶ εὐλόγησεν Ἡλὶ τὸν Ἑλκανὰ καὶ τὴν γυναῖκα αὐτοῦ, λέγων, ἀποτίσαι σοι Κύριος σπέρμα ἐκ τῆς γυναικὸς ταύτης, ἀντὶ τοῦ χρέους οὗ ἔχρησας τῷ Κυρίῳ· καὶ ἀπῆλθεν ὁ ἄνθρωπος εἰς τὸν τὸπον αὐτοῦ.
8766	ΒΑΣΙΛΕΙΩΝ Α 2:30	Κὺριος	Κύριος	\vs{30}Διὰ τοῦτο τάδε λέγει Κύριος ὁ Θεὸς Ἰσραὴλ, εἶπα, ὁ οἶκός σου καὶ ὁ οἶκος τοῦ πατρός σου διελεύσεται ἐνώπιόν μου ἕως αἰῶνος· καὶ νῦν φησι Κὺριος, μηδαμῶς ἐμοὶ, ὅτι ἀλλʼ ἢ τοὺς δοξάζοντάς με δοξάσω, καὶ ὁ ἐξουθενῶν με ἀτιμωθήσεται.
8800	ΒΑΣΙΛΕΙΩΝ Α 3:21	Σηλὼμε	Σηλώμε	\vs{21}Καὶ προσέθετο Κύριος δηλωθῆναι ἐν Σηλὼμε, ὅτι ἀπεκαλύφθη Κύριος πρὸς Σαμουήλ· καὶ ἐπιστεύθη Σαμουὴλ τοῦ προφήτης γενέσθαι τῷ Κυρίῳ εἰς πάντα Ἰσραὴλ ἀπʼ ἄκρων τῆς γῆς καὶ ἕως ἄκρων· καὶ Ἡλὶ πρεσβύτης σφόδρα, καὶ οἱ υἱοὶ αὐτοῦ πορεύομενοι ἐπορεύοντο, καὶ πονηρὰ ἡ ὁδὸς αὐτῶν ἐνώπιον Κυρίου.
8856	ΒΑΣΙΛΕΙΩΝ Α 6:7	τὲκνα	τέκνα	\vs{7}Καὶ νῦν λάβετε καὶ ποιήσατε ἅμαξαν καινὴν, καὶ δύο βόας πρωτοτοκούσας ἄνευ τῶν τέκνων· καὶ ζεύξατε τὰς βόας ἐν τῇ ἁμάξῃ, καὶ ἀπαγάγετε τὰ τὲκνα ἀπὸ ὄπισθεν αὐτῶν εἰς οἴκον.
8970	ΒΑΣΙΛΕΙΩΝ Α 10:4	λὴψῃ	λήψῃ	\vs{4}Καὶ ἐρωτήσουσί σε τὰ εἰς εἰρήνην, καὶ δώσουσί σοι δύο ἀπαρχὰς ἄρτων, καὶ λὴψῃ ἐκ τῆς χειρὸς αὐτῶν.
9083	ΒΑΣΙΛΕΙΩΝ Α 13:22	Ἰωνὰθαν	Ἰωνάθαν	\vs{22}Καὶ ἐγενήθη ἐν ταῖς ἡμέραις τοῦ πολέμου Μαχμὰς, καὶ οὐχ εὑρέθη ῥομφαία καὶ δόρυ ἐν χειρὶ παντὸς τοῦ λαοῦ τοῦ μετὰ Σαοὺλ καὶ μετὰ Ἰωνάθαν· καὶ εὑρέθη τῷ Σαοὺλ καὶ τῷ Ἰωνὰθαν υἱῷ αὐτοῦ.
9340	ΒΑΣΙΛΕΙΩΝ Α 20:11	μὲνε	μένε	\vs{11}Καὶ εἶπεν Ἰωνάθαν πρὸς Δαυὶδ, πορεύου, καὶ μὲνε εἰς ἀγρόν· καὶ ἐκπορεύονται ἀμφότεροι εἰς ἀγρόν.
9378	ΒΑΣΙΛΕΙΩΝ Α 20:42	ἀνὰμέσον	ἀνάμέσον	\vs{42}Καὶ εἶπεν Ἰωνάθαν τῷ Δαυὶδ, πορεύου εἰς εἰρήνην, καὶ ὡς ὀμωμόκαμεν ἡμεῖς ἀμφότεροι ἐν ὀνόματι Κυρίου, λέγοντες, Κύριος ἔσται μάρτυς ἀνὰμέσον ἐμοῦ καὶ σοῦ, καὶ ἀνὰμέσον τοῦ σηέρματός μου καὶ ἀναμέσον τοῦ σπέρματός σον ἕως αἰῶνος·
9378	ΒΑΣΙΛΕΙΩΝ Α 20:42	ἀνὰμέσον	ἀνάμέσον	\vs{42}Καὶ εἶπεν Ἰωνάθαν τῷ Δαυὶδ, πορεύου εἰς εἰρήνην, καὶ ὡς ὀμωμόκαμεν ἡμεῖς ἀμφότεροι ἐν ὀνόματι Κυρίου, λέγοντες, Κύριος ἔσται μάρτυς ἀνὰμέσον ἐμοῦ καὶ σοῦ, καὶ ἀνὰμέσον τοῦ σηέρματός μου καὶ ἀναμέσον τοῦ σπέρματός σον ἕως αἰῶνος·
9393	ΒΑΣΙΛΕΙΩΝ Α 21:10	τὸυ	τόυ	\vs{10}Καὶ εἶπεν ὁ ἱερεὺς, ἰδοὺ ἡ ῥομφαία Γολιὰθ τὸυ ἀλλοφύλου, ὃν ἐπάταξας ἐν τῇ κοιλάδι Ἠλᾶ· καὶ αὕτη ἐνειλημένη ἦν ἐν ἱματίῳ· εἰ ταύτην λήψῃ, σεαυτῷ λάβε, ὅτι οὐκ ἔστιν ἑτέρα πάρεξ ταύτης ἐνταῦθα· καὶ εἶπε Δαυὶδ, ἰδοὺ οὐκ ἔστιν ὥσπερ αὐτή· δός μοι αὐτήν.
9656	ΒΑΣΙΛΕΙΩΝ Α 30:2	ᾐχμαλὼτευσαν	ᾐχμαλώτευσαν	\vs{2}Καὶ τὰς γυναῖκας καὶ πάντα τὰ ἐν αὐτῇ ἀπὸ μικροῦ ἕως μεγάλου οὐκ ἐθανάτωσαν ἄνδρα καὶ γυναῖκα, ἀλλʼ ᾐχμαλὼτευσαν, καὶ ἀπῆλθον εἰς τὴν ὁδὸν αὐτῶν.
9680	ΒΑΣΙΛΕΙΩΝ Α 30:21	διακοσὶους	διακοσίους	\vs{21}Καὶ παραγίνεται Δαυὶδ πρὸς τοὺς διακοσὶους ἄνδρας τούς ὑπολειφθέντας τοῦ πορεύεσθαι ὀπίσω Δαυὶδ, καὶ ἐκάθισεν αὐτοὺς ἐν τῷ χειμάῤῥῳ τοῦ Βοσὸρ, καὶ ἐξῆλθον εἰς ἀπάντησιν Δαυὶδ καὶ εἰς ἀπάντησιν τοῦ λαοῦ τοῦ μετʼ αὐτοῦ· καὶ προσήγαγε Δαυὶδ ἕως τοῦ λαοῦ, καὶ ἠρώτησαν αὐτὸν τὰ εἰς εἰρήνην.
10503	ΒΑΣΙΛΕΙΩΝ Β 22:8	ὃτι	ὅτι	\vs{8}Καὶ ἐταράχθη καὶ ἐσείσθη ἡ γῆ, καὶ τὰ θεμέλια τοῦ οὐρανοῦ συνεταράχθησαν καὶ ἐσπαράχθησαν, ὃτι ἐθυμώθη Κύριος αὐτοῖς.
10510	ΒΑΣΙΛΕΙΩΝ Β 22:15	ἢστραψεν	ἤστραψεν	\vs{15}Καὶ ἀπέστειλε βέλη, καὶ ἐσκόρπισεν αὐτούς· καὶ ἢστραψεν ἀστραπὴν, καὶ ἐξέστησεν αὐτούς.
10670	ΒΑΣΙΛΕΙΩΝ Γ 1:24	Νὰθαν	Νάθαν	\vs{24}Καὶ εἶπε Νὰθαν, κύριέ μου βασιλεῦ, σὺ εἶπας, Ἀδωνίας βασιλεύσει ὀπίσω μου, καὶ αὐτὸς καθήσεται ἐπὶ τοῦ θρόνου μου;
11022	ΒΑΣΙΛΕΙΩΝ Γ 8:29	τὸπον	τόπον	\vs{29}τοῦ εἶναι τοὺς ὀφθαλμούς σου ἠνεῳγμένους εἰς τὸν οἶκον τοῦτον ἡμέρας καὶ νυκτὸς, εἰς τὸν τὸπον ὃν εἶπας, ἔσται τὸ ὄνομά μου ἐκεῖ, τοῦ εἰσακούειν τῆς προσευχῆς ἧς προσεύχεται ὁ δοῦλός σου εἰς τὸν τόπον τοῦτον ἡμέρας καὶ νυκτός.
11395	ΒΑΣΙΛΕΙΩΝ Γ 16:24	ἐπὶε	ἐπίε	\vs{24}Καὶ ἐκτήσατο Ἀμβρὶ τὸ ὄρος τὸ Σεμερὼν παρὰ Σεμὴρ τοῦ κυρίου τοῦ ὄρους ἐν δύο ταλάντων ἀργυρίου· καὶ ᾠκοδόμησε τὸ ὄρος, καὶ ἐπεκάλεσαν τὸ ὄνομα τοῦ ὄρους οὗ ᾠκοδόμησαν ἐπὶε τῷ ὀνόματι Σεμὴρ τοῦ κυρίου τοῦ ὄρους, Σεμηρών.
11521	ΒΑΣΙΛΕΙΩΝ Γ 19:11	Καὶλἰδοὺ	Καίλἰδοὺ	\vs{11}Καὶ εἶπεν, ἐξελεύσῃ αὔριον, καὶ στήσῃ ἐνώπιον Κυρίου ἐν τῷ ὄρει· ἰδοὺ παρελεύσεται Κύριος. Καὶλἰδοὺ πνεῦμα μέγα κραταιὸν διαλύον ὄρη καὶ συντρίβον πέτρας ἐνώπιον Κυρίου, οὐκ ἐν τῷ πνεύματι Κύριος· καὶ μετὰ τό πνεῦμα συσσεισμὸς, οὐκ ἐν τῷ συσσεισμῷ Κύριος·
11650	ΒΑΣΙΛΕΙΩΝ Γ 22:16	ὃπως	ὅπως	\vs{16}Καὶ εἶπεν αὐτῷ ὁ βασιλεὺς, ποσάκις ἐγὼ ὁρκίζω σε, ὃπως λαλήσῃς πρὸς μὲ ἀλήθειαν ἐν ὀνόματι Κυρίου;
11998	ΒΑΣΙΛΕΙΩΝ Δ 9:7	ἐκδικὴσεις	ἐκδικήσεις	\vs{7}Καὶ ἐξολοθρεύσεις τὸν οἶκον Ἀχαὰβ τοῦ κυρίου σου ἐκ προσώπου σου, καὶ ἐκδικὴσεις τὰ αἵματα τῶν δούλων μου τῶν προφητῶν, καὶ τὰ αἵματα πάντων τῶν δούλων Κυρίου ἐκ χειρὸς Ἰεζάβελ,
12020	ΒΑΣΙΛΕΙΩΝ Δ 9:24	ἀνὰμέσον	ἀνάμέσον	\vs{24}Καὶ ἔπλησεν Ἰοὺ τὴν χεῖρα αὐτοῦ ἐν τῷ τόξῳ, καὶ ἐπάταξε τὸν Ἰωρὰμ ἀνὰμέσον τῶν βραχιόνων αὐτοῦ, καὶ ἐξῆλθε τὸ βέλος αὐτοῦ διὰ τῆς καρδίας αὐτοῦ, καὶ ἔκαμψεν ἐπὶ τὰ γόνατα αὐτοῦ.
12035	ΒΑΣΙΛΕΙΩΝ Δ 9:36	Ἰεζρὰελ	Ἰεζράελ	\vs{36}Καὶ ἐπέστρεψαν καὶ ἀνήγγειλαν αὐτῷ· καὶ εἶπε, λόγος Κυρίου ὃν ἐλάλησεν ἐν χειρὶ Ἠλιοὺ τοῦ Θεσβίτου, λέγων, ἐν τῇ μερίδι Ἰεζρὰελ καταφάγονται οἱ κύνες τὰς σάρκας Ἰεζάβελ.
12377	ΒΑΣΙΛΕΙΩΝ Δ 18:30	Κὺριον	Κύριον	\vs{30}Καὶ μὴ ἐπελπιζέτω ὑμᾶς Ἐζεκίας πρὸς Κὺριον, λέγων, ἐξαιρούμενος ἐξελεῖται Κύριος, οὐ μὴ παραδοθῇ ἡ πόλις αὕτη ἐν χειρὶ βασιλέως Ἀσσυρίων.
12592	ΒΑΣΙΛΕΙΩΝ Δ 24:18	θυγὰτηρ	θυγάτηρ	\vs{18}Υἱὸς εἴκοσι καὶ ἑνὸς ἑνιαυτῶν Σεδεκίας ἐν τῷ βασιλεύειν αὐτὸν, καὶ ἔνδεκα ἔτη ἐβασίλευσεν ἐν Ἱερουσαλὴμ, καὶ ὄνομα τῇ μητρὶ αὐτοῦ Ἀμιτὰλ, θυγὰτηρ Ἱερεμίου.
12778	ΠΑΡΑΛΕΙΠΟΜΕΝΩΝ Α 3:20	Βαραχὶα	Βαραχία	\vs{20}καὶ Ἀσουβὲ, καὶ Ὀὸλ, καὶ Βαραχὶα, καὶ Ἀσαδία, καὶ Ἀσοβὲδ, πέντε.
12832	ΠΑΡΑΛΕΙΠΟΜΕΝΩΝ Α 4:40	πλεὶονας	πλείονας	\vs{40}Καὶ εὗρον νομὰς πλεὶονας καὶ ἀγαθάς· καὶ ἡ γῆ πλατεῖα ἐναντίον αὐτῶν, καὶ εἰρήνη καὶ ἡσυχία, ὅτι ἐκ τῶν υἱῶν Χὰμ τὼν κατοικούντων ἐκεῖ ἔμπροσθεν.
12901	ΠΑΡΑΛΕΙΠΟΜΕΝΩΝ Α 6:15	Ἀσαῒας	Ἀσαΐας	\vs{15}Σαμαὰ υἱὸς αὐτοῦ, Ἀγγία υἱὸς αὐτοῦ, Ἀσαῒας υἱὸς αὐτοῦ.
12925	ΠΑΡΑΛΕΙΠΟΜΕΝΩΝ Α 6:36	Σαραῒα	Σαραΐα	\vs{36}Βοκκὶ υἱὸς αὐτοῦ, Ὀζὶ υἱὸς αὐτοῦ, Σαραῒα υἱὸς αὐτοῦ,
12965	ΠΑΡΑΛΕΙΠΟΜΕΝΩΝ Α 7:3	Ιεζραῒα	Ιεζραΐα	\vs{3}Καὶ υἱοὶ ʼΟζὶ, ʼΙεζραῒα· καὶ υἱοὶ ʼΙεζραΐ, Μιχαὴλ, ʼΑβδιοὺ, καὶ ʼΙωὴλ, καὶ ʼΙεσία, πέντε, ἄρχοντες πάντες.
13346	ΠΑΡΑΛΕΙΠΟΜΕΝΩΝ Α 16:32	ξὺλον	ξύλον	\vs{32}Βομβήσει ἡ θάλασσα σὺν τῷ πληρώματι, καὶ ξὺλον ἀγροῦ καὶ πάντα τὰ ἐν αὐτῷ
13359	ΠΑΡΑΛΕΙΠΟΜΕΝΩΝ Α 16:42	κὺμβαλα	κύμβαλα	\vs{42}Καὶ μετʼ αὐτῶν σάλπιγγες καὶ κὺμβαλα τοῦ ἀναφωνεῖν καὶ ὄργανα τῶν ῷδῶν τοῖ Θεοῦ, οἱ δὲ υἱοὶ Ἰδιθοὺν εἰς τὴν πύλην.
13371	ΠΑΡΑΛΕΙΠΟΜΕΝΩΝ Α 17:6	καλὺμματι	καλύμματι	\vs{6}καὶ ἤμην ἐν σκηνῇ καὶ ἐν καλὺμματι ἐν πᾶσιν οἷς διῆλθον ἐν παντὶ Ἰσραήλ· εἰ λαλῶν ἐλάλησα πρὸς μίαν φυλὴν τοῦ Ἰσραὴλ οἷς ἐνετειλάμην τοῦ ποιμαίνειν τὸν λαόν μου, λέγων, ὅτι οὐκ ᾠκοδομήσατέ μοι οἶκον κέδρινον;
13383	ΠΑΡΑΛΕΙΠΟΜΕΝΩΝ Α 17:16	ἐκὰθισεν	ἐκάθισεν	\vs{16}Καὶ ἦλθεν ὁ βασιλεὺς Δαυὶδ καὶ ἐκὰθισεν ἀπέναντι Κυρίου, καὶ εἶπε, τίς εἰμι ἐγὼ Κύριε ὁ Θεός; καὶ τίς ὁ οἶκός μου, ὅτι ἠγάπησάς με ἕως αἰῶνος;
13412	ΠΑΡΑΛΕΙΠΟΜΕΝΩΝ Α 18:12	ὀκτὼκαὶδεκα	ὀκτώκαὶδεκα	\vs{12}Καὶ Ἀβεσὰ υἱὸς Σαρουίας ἐπάταξε τὴν Ἰδουμαίαν ἐν κοιλάδι τῶν ἁλῶν, ὀκτὼκαὶδεκα χιλιάδας.
13427	ΠΑΡΑΛΕΙΠΟΜΕΝΩΝ Α 19:6	ἠπχὺνθη	ἠπχύνθη	\vs{6}Καὶ εἶδον οἱ υἱοὶ Ἀμμὼν ὅτι ἠπχὺνθη λαὸς Δαυίδ, καὶ ἀπέστειλεν Ἁνὰν καὶ οἱ υἱοὶ Ἀμμὼν χίλια τάλαντα ἀργυρίου τοῦ μισθώσασθαι ἑαυτοῖς ἐκ Συρίας Μεσοποταμίας καὶ ἐκ Συρίας Μααχὰ καὶ παρὰ Σωβὰλ ἅρματα καὶ ἱππεῖς.
13461	ΠΑΡΑΛΕΙΠΟΜΕΝΩΝ Α 21:3	ἳνα	ἵνα	\vs{3}Καὶ εἶπεν Ἰωάβ, Προσθείη Κύριος ἐπὶ τὸν λαὸν αὐτοῦ, ὡς αὐτοὶ ἑκατονταπλασίως, καὶ οἱ ὀφθαλμοὶ τοῦ κυρίου μυυ τοῦ βασιλέως βλέποντες· πάντες τῷ κυρίῳ μου παῖδεσ· ἱνατί ζητεῖ κύριός μου τοῦτο; ἳνα μὴ γένηται εἰς ἁμαρτίαν τῷ Ἰσραήλ.
13743	ΠΑΡΑΛΕΙΠΟΜΕΝΩΝ Α 29:2	χρυσὶον	χρυσίον	\vs{2}Κατὰ πᾶσαν τὴν δύναμιν ἡτοίμακα εἰς οἶκον Θεοῦ μου χρυσὶον, ἀργύριον, χαλκόν, σίδηρον, ξύλα, λίθους σοὰμ, καὶ πληρώσεως λίθους πολυτελεῖς καὶ ποικίλους, καὶ πάντα λίθον τίμιον, καὶ Πάριον πολύν.
14465	ΠΑΡΑΛΕΙΠΟΜΕΝΩΝ Β 25:3	τὸυ	τόυ	\vs{3}Καὶ ἐγένετο ὡς κατέστη ἡ βασιλεία ἐν χειρὶ αὐτοῦ, καὶ ἐθανάτωσε τοὺς παῖδας αὐτοῦ τοὺς φονεύσαντας τὸυ βασιλέα πατέρα αὐτοῦ·
14877	ΠΑΡΑΛΕΙΠΟΜΕΝΩΝ Β 36:22	στὸματος	στόματος	\vs{22}Ἔτους πρώτου Κύρου βασιλέως Περσῶν, μετὰ τὸ πληρωθῆναι ῥῆμα Κυρίου διὰ στὸματος Ἱερεμίου, ἐξήγειρε Κύριος τὸ πνεῦμα Κύρου βασιλέως Περσῶν, καὶ παρήγγειλε κηρύξαι ἐν πάσῃ τῇ βασιλείᾳ αὐτοῦ ἑν γραπτῷ, λέγων,
15320	ΝΕΕΜΙΑΣ 3:6	ἓως	ἕως	\vs{6a}Καὶ ἐπὶ χεῖρα αὐτῶν ἐκράτησαν Μαλτίας ὁ Γαβαωνίτης, καὶ Εὐάρων ὁ Μηρωνωθίτης, ἄνδρες τῆς Γαβαὼν καὶ τῆς Μασφὰ ἓως θρόνου τοῦ ἄρχοντος τοῦ πέραν τοῦ ποταμοῦ.
15742	ΝΕΕΜΙΑΣ 12:31	τεὶχους	τείχους	\vs{31}Καὶ ἀνήνεγκαν τοὺς ἄρχοντας Ἰούδα ἐπάνω τοῦ τείχους· καὶ ἔστησαν δύο περὶ αἰνέσεως μεγάλους, καὶ διῆλθον ἐκ δεξιῶν ἐπάνω τοῦ τεὶχους τῆς κοπρίας.
15745	ΝΕΕΜΙΑΣ 12:34	Ἱερεμὶα	Ἱερεμία	\vs{34}καὶ Ἰούδα, καὶ Βενιαμὶν, καὶ Σαμαΐας, καὶ Ἱερεμὶα.
15746	ΝΕΕΜΙΑΣ 12:35	Ἰωνὰθαν	Ἰωνάθαν	\vs{35}Καὶ ἀπὸ τῶν υἱῶν τῶν ἱερέων ἐν σάλπιγξι, Ζαχαρίας υἱὸς Ἰωνὰθαν, υἱὸς Σαμαΐα, υἱὸς Ματθανία, υἱὸς Μιχαία, υἱὸς Ζακχοὺρ, υἱὸς Ἀσάφ·
15954	ΕΣΘΗΡ 4:17	Μὴπαραδῷς	Μήπαραδῷς	\vs{17q}Μὴπαραδῷς Κύριε τὸ σκῆπτρόνσουτοῖς μὴοὖσι, καὶ μὴ καταγελασάτωσαν ἐν τῇ πτώσει ἡμῶν, ἀλλὰ στρέψον τὴν βουλὴν αὐτῶν ἐπʼ αὐτούς· τὸν δὲ ἀρξάμενον ἐφʼ ἡμᾶς παραδειγμάτισον.
15954	ΕΣΘΗΡ 4:17	μὴοὖσι	μήοὖσι	\vs{17q}Μὴπαραδῷς Κύριε τὸ σκῆπτρόνσουτοῖς μὴοὖσι, καὶ μὴ καταγελασάτωσαν ἐν τῇ πτώσει ἡμῶν, ἀλλὰ στρέψον τὴν βουλὴν αὐτῶν ἐπʼ αὐτούς· τὸν δὲ ἀρξάμενον ἐφʼ ἡμᾶς παραδειγμάτισον.
16307	ΙΩΒ 6:22	ἢτησα	ἤτησα	\vs{22}Τί γάρ; μήτι ὑμᾶς ἢτησα, ἢ τῆς παρʼ ὑμῶν ἰσχύος ἐπιδέομαι,
17007	ΙΩΒ 30:4	ῥὶζας	ῥίζας	\vs{4}Οἱ περικυκλοῦντες ἄλιμα ἐπὶ ἠχοῦντι, οἵτινες ἄλιμα ἦν αὐτῶν τὰ σῖτα, ἄτιμοι δὲ καὶ πεφαυλισμένοι, ἐνδεεῖς παντὸς ἀγαθοῦ, οἳ καὶ ῥὶζας ξύλων ἐμασσῶντο ὑπὸ λιμοῦ μεγάλου.
17247	ΙΩΒ 36:21	τοὺτων	τούτων	\vs{21}ἀλλὰ φύλαξαι μὴ πράξῃς ἄτοκα· ἐπὶ τοὺτων γὰρ ἐξείλω ἀπὸ πτωχείας.
17391	ΙΩΒ 40:8	ἳνα	ἵνα	\vs{8}Μὴ ἀποποιοῦ μου τὸ κρίμα· οἴει δέ με ἄλλως σοι κεχρηματικέναι, ἢ ἳνα ἀναφανῇς δίκαιος;
17394	ΙΩΒ 40:11	πὰντα	πάντα	\vs{11}Ἀπόστειλον δὲ ἀγγέλους ὀργῇ, πὰντα δὲ ὑβριστὴν ταπείνωσον.
17458	ΙΩΒ 42:7	Ἐλὺιφὰς	Ἐλύιφὰς	\vs{7}Ἐγένετο δὲ μετὰ τὸ λαλῆσαι τὸν Κύριον πάντα τὰ ῥήματα ταῦτα τῷ Ἰώβ, εἶπεν ὁ Κύριος Ἐλὺιφὰς τῷ Θαιμανὺίτῃ, ἥμαρτες σὺ, καὶ οἱ δὺο φίλοι σου· οὐ γὰρ ἐλαλήσατε ἐνώπιόν μου ἀληθὲς οὐδὲν, ὥσπερ ὁ θεράπων μου Ἰώβ.
17458	ΙΩΒ 42:7	Θαιμανὺίτῃ	Θαιμανύίτῃ	\vs{7}Ἐγένετο δὲ μετὰ τὸ λαλῆσαι τὸν Κύριον πάντα τὰ ῥήματα ταῦτα τῷ Ἰώβ, εἶπεν ὁ Κύριος Ἐλὺιφὰς τῷ Θαιμανὺίτῃ, ἥμαρτες σὺ, καὶ οἱ δὺο φίλοι σου· οὐ γὰρ ἐλαλήσατε ἐνώπιόν μου ἀληθὲς οὐδὲν, ὥσπερ ὁ θεράπων μου Ἰώβ.
17458	ΙΩΒ 42:7	δὺο	δύο	\vs{7}Ἐγένετο δὲ μετὰ τὸ λαλῆσαι τὸν Κύριον πάντα τὰ ῥήματα ταῦτα τῷ Ἰώβ, εἶπεν ὁ Κύριος Ἐλὺιφὰς τῷ Θαιμανὺίτῃ, ἥμαρτες σὺ, καὶ οἱ δὺο φίλοι σου· οὐ γὰρ ἐλαλήσατε ἐνώπιόν μου ἀληθὲς οὐδὲν, ὥσπερ ὁ θεράπων μου Ἰώβ.
18019	ΨΑΛΜΟΙ 30:3	τὰχυνον	τάχυνον	\vs{3}Κλῖνον πρὸς μὲ τὸ οὖς σου, τὰχυνον τοῦ ἐξελέσθαι με γενοῦ μοι εἰς Θεὸν ὑπερασπιστὴν καὶ εἰς οἶκον καταφυγῆς τοῦ σῶσαί με.
21182	ΠΑΡΟΙΜΙΑΙ ΣΑΛΩΜΩΝΤΟΣ 11:24	εἰσὶδέ	εἰσίδέ	\vs{24}Εἰσὶν, οἳ τὰ ἴδια σπείροντες πλείονα ποιοῦσιν· εἰσὶδέ καὶ οἳ συνάγοντες ἐλαττονοῦνται.
21897	ΠΑΡΟΙΜΙΑΙ ΣΑΛΩΜΩΝΤΟΣ 29:16	πολλαὶγίνονται	πολλαίγίνονται	\vs{16}Πολλῶν ὄντων ἀσεβῶν πολλαὶγίνονται ἁμαρτίαι, οἱ δὲ δίκαιοι ἐκείνων πιπτόντων κατάφοβοι γίνονται.
22091	ΕΚΚΛΗΣΙΑΣΤΗΣ 6:10	ἰσχυροτὲρου	ἰσχυροτέρου	\vs{10}Εἰ τι ἐγένετο, ἤδη κέκληται ὄνομα αὐτοῦ, καὶ ἐγνώσθη ὅ ἐστιν ἄνθρωπος, καὶ οὐ δυνήσεται κριθῆναι μετὰ τοῦ ἰσχυροτὲρου ὑπὲρ αὐτόν.
22640	ΗΣΑΙΑΣ 8:11	πορεὶᾳ	πορείᾳ	\vs{11}Οὕτω λέγει Κύριος, Τῇ ἰσχυρᾷ χειρὶ ἀπειθοῦσι τῇ πορεὶᾳ τῆς ὁδοῦ τοῦ λαοῦ τούτου, λέγοντες,
22862	ΗΣΑΙΑΣ 17:6	τὰδε	τάδε	\vs{6}Καὶ καταλειφθῇ ἐν αὐτῇ καλάμη, ἢ ὡς ῥῶγες ἐλαίας δύο ἢ τρεῖς ἐπʼ ἄκρου μετεώρου, ἢ τέσσαρες ἢ πέντε ἀπὶ τῶν κλάδων αὐτῶν καταλειφθῇ· τὰδε λέγει Κύριος ὁ Θεὸς Ἰσραήλ.
22868	ΗΣΑΙΑΣ 17:10	διὰτοῦτο	διάτοῦτο	\vs{10}διότι κατέλιπες τὸν Θεὸν τὸν σωτῆρά σου, καὶ Κυρίου τοῦ βοηθοῦ σου οὐκ ἐμνήσθης· διὰτοῦτο φυτεύσεις φύτευμα ἄπιστον, καὶ σπέρμα ἄπιστον.
22889	ΗΣΑΙΑΣ 19:2	νὸμος	νόμος	\vs{2}Καὶ ἐπεγερθήσονται Αἰγύπτιοι ἐπʼ Αἰγυπτίους, καὶ πολεμήσει ἄνθρωπος τὸν ἀδελφὸν αὐτοῦ, καὶ ἄνθρωπος τὸν πλησίον αὐτοῦ, πόλις ἐπὶ πόλιν, καὶ νὸμος ἐπὶ νὸμον.
22889	ΗΣΑΙΑΣ 19:2	νὸμον	νόμον	\vs{2}Καὶ ἐπεγερθήσονται Αἰγύπτιοι ἐπʼ Αἰγυπτίους, καὶ πολεμήσει ἄνθρωπος τὸν ἀδελφὸν αὐτοῦ, καὶ ἄνθρωπος τὸν πλησίον αὐτοῦ, πόλις ἐπὶ πόλιν, καὶ νὸμος ἐπὶ νὸμον.
22973	ΗΣΑΙΑΣ 22:22	ὢμῳ	ὤμῳ	\vs{22}Καὶ δώσω τὴν δόξαν Δαυεὶδ αὐτῷ, καὶ ἄρξει, καὶ οὐκ ἔσται ὁ ἀντιλέγων· καὶ δώσω αὐψῷ τὴν κλεῖδα οἴκου Δαυὶδ ἐπὶ τῷ ὢμῳ αὐτοῦ· καὶ ἀνοίξει, καὶ οὐκ ἔσται ὁ ἀποκλείων· καὶ κλείσει, καὶ οὐκ ἔσται ὁ ἀνοίγων.
23194	ΗΣΑΙΑΣ 30:28	σὺρον	σύρον	\vs{28}Καὶ τὸ πνεῦμα αὐτοῦ ὡς ὕδωρ ἐν φάραγγι σὺρον, ἥξει ἕως τοῦ τραχήλου, καὶ διαιρεθήσεται, τοῦ ταράξαι ἔθνη ἐπὶ πλανήσει ματαίᾳ, καὶ διώξεται αὐτοὺς πλάνησις, καὶ λήψεται αὐτοὺς κατὰ πρόσωπον αὐτῶν.
23283	ΗΣΑΙΑΣ 34:13	ἀναφυὴσει	ἀναφυήσει	\vs{13}Καὶ ἀναφυὴσει εἰς τὰς πόλεις αὐτῶν ἀκάνθινα ξύλα, καὶ εἰς τὰ ὀχυρώματα αὐτῆς· καὶ ἔσται ἐπαύλεις σειρήνων, καὶ αὐλὴ στρουθῶν.
23475	ΗΣΑΙΑΣ 41:14	λυτρούμενὸσσε	λυτρούμενόσσε	\vs{14}μὴ φοβοῦ Ἰακὼβ ὀλιγοστὸς Ἰσραὴλ· ἐγὼ ἐβοήθησά σοι, λέγει ὁ Θεὸς σου, ὁ λυτρούμενὸσσε Ἰσραήλ.
23597	ΗΣΑΙΑΣ 44:26	ῥὴμα	ῥήμα	\vs{26}καὶ ἱστῶν ῥὴμα παιδὸς αὐτοῦ, καὶ τὴν βουλὴν τῶν ἀγγέλων αὐτοῦ ἀληθεύων· ὁ λέγων τῇ Ἱερουσαλὴμ, κατοικηθήσῃ, καὶ ταῖς πόλεσι τῆς Ἰδουμαίας, οἰκοδομηθήσεσθε, καὶ τὰ ἔρημα αὐτῆς ἀνατελεῖ·
23655	ΗΣΑΙΑΣ 47:2	ἀποκὸλυψαι	ἀποκόλυψαι	\vs{2}Λάβε μύλον, ἄλεσον ἄλευρον, ἀποκὸλυψαι τὸ κατακάλυμμά σου, ἀνακάλυψαι τὰς πολιὰς, ἀνάσυρε τὰς κνήμας, διάβηθι ποταμούς.
24063	ΗΣΑΙΑΣ 65:4	ἐνὺπνια	ἐνύπνια	\vs{4}Ἐν τοῖς μνήμασι, καὶ ἐν τοῖς σπηλαίοις κοιμῶνται διὰ ἐνὺπνια, οἱ ἔσθοντες κρέας ὕειον, καὶ ζωμὸν θυσιῶν, μεμολυμμένα πάντα τὰ σκεύη αὐτῶν,
24105	ΗΣΑΙΑΣ 66:8	ἑὼρακεν	ἑώρακεν	\vs{8}Τίς ἤκουσε τοιοῦτο, καὶ τίς ἑὼρακεν οὕτως; εἰ ὤδινε γῆ ἐν ἡμέρᾳ μιᾷ, ἢ καὶ ἐτέχθη ἔθνος εἰς ἅπαξ, ὅτι ὤδινε καὶ ἔτεκε Σιὼν τὰ παιδία αὐτῆς;
24707	ΙΕΡΕΜΙΑΣ 17:24	ἓσται	ἕσται	\vs{24}Καὶ ἓσται, ἐὰν εἰσακούσητέ μου, λέγει Κύριος, τοῦ μὴ εἰσφέρειν βαστάγματα διὰ τῶν πυλῶν τῆς πόλεως ταύτης ἐν τῇ ἡμέρᾳ τῶν σαββάτων καὶ ἁγιάζειν τὴν ἡμέραν τῶν σαββάτων, τοῦ μὴ ποιεῖν πᾶν ἔργον,
24796	ΙΕΡΕΜΙΑΣ 21:4	τὰδε	τάδε	\vs{4}τὰδε λέγει Κύριος, ἰδοὺ ἐγὼ μεταστρέφω τὰ ὅπλα τὰ πολεμικὰ, ἐν οἷς ὑμεῖς πολεμεῖτε ἐν αὐτοῖς πρὸς τοὺς Χαλδαίους τοὺς συγκεκλεικότας ὑμᾶς ἔξωθεν τοῦ τείχους· καὶ συνάξω αὐτοὺς εἰς τὸ μέσον τῆς πόλεως ταύτης,
25490	ΙΕΡΕΜΙΑΣ 39:23	ἐποὶησαν	ἐποίησαν	\vs{23}Καὶ εἰσήλθοσαν καὶ ἔλαβον αὐτὴν, καὶ οὐκ ἤκουσαν τῆς φωνῆς σου, καὶ ἐν τοῖς προστάγμασί σου οὐκ ἐπορεύθησαν· ἅπαντα ἃ ἐνετείλω αὐτοῖς οὐκ ἐποίησαν, καὶ ἐποὶησαν συμβῆναι αὐτοῖς πάντα τὰ κακὰ ταῦτα.
25883	ΙΕΡΕΜΙΑΣ 52:26	ἢγαγεν	ἤγαγεν	\vs{26}Καὶ ἔλαβεν αὐτοὺς Ναβουζαρδὰν ὁ ἀρχιμάγειρος τοῦ βασιλέως, καὶ ἢγαγεν αὐτοὺς πρὸς βασιλέα Βαβυλῶνος εἰς Δεβλαθά.
26874	ΙΕΖΕΚΙΗΛ 22:7	μητὲρα	μητέρα	\vs{7}Πατέρα καὶ μητὲρα ἐκακολόγουν ἐν σοὶ, καὶ πρὸς τὸν προσήλυτον ἀνεστρέφοντο ἐν ἀδικίαις ἐν σοί, ὀρφανὸν καὶ χήραν κατεδυνάστευον.
26934	ΙΕΖΕΚΙΗΛ 23:23	ὀνομαστὺος	ὀνομαστύος	\vs{23}υἱοὺς Βαβυλῶνος, καὶ πάντας τοὺς Χαλδαίους, Φακοὺκ, καὶ Σουὲ, καὶ Ὑχουὲ, καὶ πάντας υἱοὺς Ἀσσυρίων μετʼ αὐτῶν, νεανίσκους ἐπιλέκτους, ἡγεμόνας καὶ στρατηγοὺς, πάντας τρισσοὺς καὶ ὀνομαστὺος, ἱππεύοντας ἐφʼ ἵππων.
26963	ΙΕΖΕΚΙΗΛ 23:47	ἀποκτενοὺσι	ἀποκτενούσι	\vs{47}καὶ λιθοβόλησον ἐπʼ αὐτὰς λίθοις ὄχλων, καὶ κατακέντει αὐτὰς ἐν τοῖς ξίφεσιν αὐτῶν· υἱοὺς αὐτῶν καὶ θυγατέρας αὐτῶν ἀποκτενοὺσι, καὶ τοὺς οἴκους αὐτῶν ἐμπρήσουσι.
27295	ΙΕΖΕΚΙΗΛ 33:10	οὓτως	οὕτως	\vs{10}Καὶ σὺ υἱὲ ἀνθρώπου, εἰπὸν τῷ οἴκῳ Ἰσραὴλ, οὓτως ἐλαλήσατε λέγοντες, αἱ πλάναι ἡμῶν, καὶ αἱ ἀνομίαι ἡμῶν ἐφʼ ἡμῖν εἰσι, καὶ ἐν αὐταῖς ἡμεῖς τηκόμεθα, καὶ πῶς ζησόμεθα;
27798	ΙΕΖΕΚΙΗΛ 46:4	ἂμωμον	ἄμωμον	\vs{4}Καὶ τὰ ὁλοκαυτώματα προσοίσει ὁ ἀφηγούμενος τῷ Κυρίῳ ἐν τῇ ἡμέρᾳ τῶν σαββάτων, ἓξ ἀμνοὺς ἀμώμους, καὶ κριὸν ἂμωμον,
27811	ΙΕΖΕΚΙΗΛ 46:14	τὸπρωῒ	τόπρωῒ	\vs{14}Καὶ μαναὰ ποιήσει ἐπʼ αὐτῷ τὸπρωῒ, ἕκτον τοῦ μέτρου, καὶ ἐλαίου τρίτον τοῦ εἲν τοῦ ἀναμίξαι τὴν σεμίδαλιν μαναὰ τῷ Κυρίῳ, πρόσταγμα διαπαντός.
27833	ΙΕΖΕΚΙΗΛ 47:6	ἑὼρακας	ἑώρακας	\vs{6}Καὶ εἶπε πρὸς μὲ, ἑὼρακας υἱὲ ἀνθρώπου; καὶ ἤγαγέ με, καὶ ἐπέστρεψέ με ἐπι τὸ χεῖλος τοῦ ποταμοῦ,
28118	ΔΑΝΙΗΛ 3:95	σὼματα	σώματα	\vs{95}Καὶ ἀπεκρίθη Ναβουχοδονόσορ ὁ βασιλεὺς, καὶ εἶπεν, εὐλογητὸς ὁ Θεὸς τοῦ Σεδρὰχ, Μισὰχ, Ἀβδεσαγὼ, ὃς ἀπέστειλε τὸν ἄγγελον αὐτοῦ, καὶ ἐξείλατο τοὺς παῖδας αὐτοῦ, ὅτι ἐπεποίθεισαν ἐπʼ αὐτῷ· καὶ τὸ ῥῆμα τοῦ βασιλέως ἠλλοίωσαν, καὶ παρέδωκαν τὰ σὼματα αὐτῶν εἰς πῦρ, ὅπως μὴ λατρεύσωσι μηδὲ προσκυνήσωσι παντὶ θεῷ, ἀλλʼ ἢ τῷ Θεῷ αὐτῶν.
28146	ΔΑΝΙΗΛ 4:20	ὓψος	ὕψος	\vs{20}Τὸ δένδρον ὃ εἶδες τὸ μεγαλυνθὲν καὶ τὸ ἰσχυκὸς, οὗ τὸ ὓψος ἔφθανεν εἰς τὸν οὐρανὸν, καὶ τὸ κῦτος αὐτοῦ εἰς πᾶσαν τὴν γῆν,
28231	ΔΑΝΙΗΛ 6:17	ἢγαγον	ἤγαγον	\vs{17}Τότε ὁ βασιλεὺς εἶπε· καὶ ἢγαγον τὸν Δανιὴλ, καὶ ἐνέβαλον αὐτὸν εἰς τὸν λάκκον τῶν λεόντων· καὶ εἶπεν ὁ βασιλεὺς τῷ Δανιὴλ, ὁ Θεός σου, ᾧ σὺ λατρεύεις ἐνδελεχῶς, αὐτὸς ἐξελεῖταί σε.
28272	ΔΑΝΙΗΛ 7:19	ὃτι	ὅτι	\vs{19}Καὶ ἐζήτουν ἀκριβῶς περὶ τοῦ θηοίου τοῦ τετάρτου· ὃτι ἦν διαφέρον παρὰ πᾶν θηρίον, φοβερὸν περισσῶς, οἱ ὀδόντες αὐτοῦ σιδηροῖ, καὶ ὄνυχες αὐτοῦ χαλκοῖ, ἐσθίον, καὶ λεπτῦνον, καὶ τὰ ἐπίλοιπα τοῖς ποσὶν αὐτοῦ συνεπάτει·
28350	ΔΑΝΙΗΛ 9:25	ἓως	ἕως	\vs{25}Καὶ γνώσῃ καὶ συνήσεις ἀπὸ ἐξόδου λόγου τοῦ ἀποκριθῆναι, καὶ τοῦ οἰκοδομῆσαι Ἱερουσαλὴμ, ἓως Χριστοῦ ἡγουμένου ἑβδομάδες ἑπτὰ, καὶ ἑβδομάδες ἑξηκονταδύο· καὶ ἐπιστρέψει, καὶ οἰκοδομηθήσεται πλατεία, καὶ τεῖχος, καὶ ἐκκενωθήσονται οἱ καιροί.
28656	ΩΣΗΕ 10:9	τὲκνα	τέκνα	\vs{9}Ἀφʼ οὗ οἱ βουνοὶ, ἥμαρτεν Ἰσραήλ, ἐκεῖ ἔστησαν· οὐ μὴ καταλάβῃ αὐτοὺς ἐν τῷ βουνῷ πόλεμος ἐπὶ τὰ τὲκνα ἀδικίας
28863	ΑΜΩΣ 1:14	τεὶχη	τείχη	\vs{14}Καὶ ἀνάψω πῦρ ἐπὶ τεὶχη Ῥαββὰθ, καὶ καταφάγεται θεμέλια αὐτῆς μετὰ κραυγῆς ἐν ἡμέρᾳ πολέμου, καὶ σεισθήσεται ἐν ἡμέραις συντελείας αὐτῆς,
29192	ΜΙΧΑΙΑΣ 2:4	λὰοῦ	λάοῦ	\vs{4}Ἐν τῇ ἡμέρᾳ ἐκείνῃ ληφθήσεται ἐφʼ ὑμᾶς παραβολὴ, καὶ θρηνηθήσεται θρῆνος ἐν μέλει, λέγων, ταλαιπωρίᾳ ἐταλαιπωρήσαμεν· μερὶς λὰοῦ μου κατεμετρήθη ἐν σχοινίῳ, καὶ οὐκ ἦν ὁ κωλύων αὐτὸν τοῦ ἀποστρέψαι· οἱ ἀγροὶ ὑμῶν διεμερίσθησαν.
29351	ΝΑΟΥΜ 2:10	σκεὺη	σκεύη	\vs{10}Διήρπαζον τὸ ἀργύριον, διήρπαζον τὸ χρυσίον, καὶ οὐκ ἦν πέρας τοῦ κόσμου αὐτῆς· βεβάρυνται ἐπὶ πάντα τὰ σκεὺη τὰ ἐπιθυμητὰ αὐτῆς.
29369	ΝΑΟΥΜ 3:8	Ἑτοιμασὰι	Ἑτοιμασάι	\vs{8}Ἑτοιμασὰι μερίδα, ἁρμόσαι χορδὴν, ἑτοιμάσαι μερίδα Ἀμμών· ἡ κατοικοῦσα ἐν ποταμοῖς, ὕδωρ κύκλῳ αὐτῆς, ἧς ἡ ἀρχὴ θάλασσα, καὶ ὕδωρ τὰ τείχη αὐτῆς,
29415	ΑΜΒΑΚΟΥΜ 2:3	ὑπὸμεινον	ὑπόμεινον	\vs{3}Διότι ἔτι ὅρασις εἰς καιρὸν, καὶ ἀνατελεῖ εἰς πέρας, καὶ οὐκ εἰς κενόν· ἐὰν ὑστερήσῃ, ὑπὸμεινον αὐτὸν, ὅτι ἐρχόμενος ἥξει, καὶ οὐ μὴ χρονίσῃ.
29963	ΜΑΛΑΧΙΑΣ 3:2	ποὶα	ποία	\vs{2}καὶ τίς ὑπομενεῖ ἡμέραν εἰσόδου αὐτοῦ; ἢ τίς ὑποστήσεται ἐν τῇ ὀπτασίᾳ αὐτοῦ; διότι αὐτὸς εἰσπορεύεται ὡς πῦρ χωνευτηρίου, καὶ ὡς ποὶα πλυνόντων.
30011	ΕΣΔΡΑΣ Α 1:9	Ἰεχονὶας	Ἰεχονίας	\vs{9}Καὶ Ἰεχονὶας, καὶ Σαμαίας, καὶ Ναθαναὴλ ὁ ἀδελφὸς, καὶ Ἀσαβίας, καὶ Ὀχίηλος, καὶ Ἰωρὰμ χιλίαρχοι ἔδωκαν τοῖς Λευίταις εἰς πάσχα πρόβατα πεντακισχίλια, μόσχους ἑπτακοσίους.
30183	ΕΣΔΡΑΣ Α 4:36	ἀλὴθειαν	ἀλήθειαν	\vs{36}Πᾶσα ἡ γῆ τὴν ἀλὴθειαν καλεῖ, καὶ ὁ οὐρανὸς αὐτὴν εὐλογεῖ, καὶ πάντα τὰ ἔργα σείεται καὶ τρέμει, καὶ οὐκ ἔστι μετʼ αὐτῆς ἄδικον οὐδέν.
30624	ΤΩΒΙΤ 1:20	Τωβὶου	Τωβίου	\vs{20}Καὶ διηρπάγη πάντα τὰ ὑπάρχοντά μου, καὶ οὐ κατελείφθη μοι οὐδὲν, πλὴν Ἄννας τῆς γυναικός μου, καὶ Τωβὶου τοῦ υἱοῦ μου.
30654	ΤΩΒΙΤ 3:5	ὃτι	ὅτι	\vs{5}Καὶ νῦν πολλαὶ αἱ κρίσεις σου εἰσιὶ καὶ ἀληθιναὶ, ἐξ ἐμοῦ ποιῆσαι περὶ τῶν ἁμαρτιῶν μου καὶ τῶν πατέρων μου, ὃτι οὐκ ἐποιήσαμεν τὰς ἐντολάς σου, οὐ γὰρ ἐπορεύθημεν ἐν ἀληθείᾳ ἐνώπιόν σου.
30790	ΤΩΒΙΤ 8:9	τὰφον	τάφον	\vs{9}Καὶ ἐκοιμήθησαν ἀμφότεροι τὴν νύκτα· καὶ ἀναστὰς Ῥαγουὴλ ἐπορεύθη, καὶ ὤρυξε τὰφον,
30907	ΤΩΒΙΤ 13:15	εὐλογεὶτω	εὐλογείτω	\vs{15}Ἡ ψυχή μου εὐλογεὶτω τὸν Θεὸν τὸν βασιλέα τὸν μέγαν,
30933	ΤΩΒΙΤ 14:15	πρὶνὴ	πρίνὴ	\vs{15}Καὶ ἤκουσε πρὶνὴ ἀποθανεῖν αὐτὸν, τὴν ἀπώλειαν Νινευὴ, ἣν ᾐχμαλώτισεν Ναβουχοδονόσορ, καὶ Ἀσύηρος, καὶ ἐχάρη πρὸ τοῦ ἀποθανεῖν ἐπὶ Νινευή.
30950	ΙΟΥΔΙΘ 1:9	Βετὰνη	Βετάνη	\vs{9}καὶ πάντας τοὺς ἐν Σαμαρείᾳ καὶ ταῖς πόλεσιν αὐτῆς, καὶ πέραν τοῦ Ἰορδάνου ἕως Ἱερουσαλὴμ, καὶ Βετὰνη, καὶ Χελλοὺς, καὶ Κάδης, καὶ τοῦ ποταμοῦ Αἰγύπτου, καὶ Ταφνὰς, καὶ Ῥαμεσσὴ,
30953	ΙΟΥΔΙΘ 1:11	Ναβουχοδονὸσορ	Ναβουχοδονόσορ	\vs{11}Καὶ ἐφαύλισαν πάντες οἱ κατοικοῦντες πᾶσαν τὴν γῆν τὸ ῥῆμα Ναβουχοδονὸσορ τοῦ βασιλέως Ἀσσυρίων, καὶ οὐ συνῆλθον αὐτῷ εἰς τὸν πόλεμον, ὅτι οὐκ ἐφοβήθησαν αὐτὸν, ἀλλ ἦν ἐναντίον αὐτῶν ὡς ἀνὴρ ἶσος· καὶ ἀνέστρεψαν τοὺς ἀγγέλους αὐτοῦ κενοὺς ἐν ἀτιμίᾳ πρὸ προσώπου αὐτῶν.
31239	ΙΟΥΔΙΘ 10:18	πὰσῃ	πάσῃ	\vs{18}Καὶ ἐγένετο συνδρομὴ ἐν πὰσῃ τῇ παρεμβολῇ· διεβοήθη γὰρ εἰς τὰ σκηνώματα ἡ παρουσία αὐτῆς· καὶ ἐλθόντες ἐκύκλουν αὐτὴν ὡς εἱστήκει ἔξω τῆς σκηνῆς Ὀλοφέρνου, ἕως προσήγγειλαν αὐτῷ περὶ αὐτῆς.
31284	ΙΟΥΔΙΘ 12:4	Κὺριος	Κύριος	\vs{4}Καὶ εἶπεν Ἰουδὶθ πρὸς αὐτὸν, ζῇ ἡ ψυχη σου, κύριέ μου, ὅτι οὐ δαπανήσι ἡ δούλη σου τὰ ὄντα μετʼ ἐμοῦ, ἕως ἂν ποιήσῃ Κὺριος ἐν χειρί μου ἃ ἐβουλεύσατο.
31828	ΣΟΦΙΑ ΣΑΛΩΜΩΝ 14:11	ποσὶνἀφρόνων	ποσίνἀφρόνων	\vs{11}Διὰ τοῦτο καὶ ἐν εἰδώλοις ἐθνῶν ἐπισκοπὴ ἔσται, ὅτι ἐν κτίσματι Θεοῦ εἰς βδέλυγμα ἐγενήθησαν, καὶ εἰς σκάνδαλα ψυχαῖς ἀνθρώπων, καὶ εἰς παγίδα ποσὶνἀφρόνων.
31979	ΣΟΦΙΑ ΣΑΛΩΜΩΝ 19:3	πὲνθη	πένθη	\vs{3}Ἔτι γὰρ ἐν χερσὶν ἔχοντες τὰ πὲνθη, καὶ προσοδυρόμενοι τάφοις νεκρῶν, ἕτερον ἐπεσπάσαντο λογισμὸν ἀνοίας, καὶ οὓς ἱκετεύοντες ἐξέβαλον, τούτους ὡς φυγάδας ἐδίωκον.
32403	ΣΟΦΙΑ ΣΕΙΡΑΧ 12:18	κεφαλὴναὐτοῦ	κεφαλήναὐτοῦ	\vs{18}Κινήσει τὴν κεφαλὴναὐτοῦ, καὶ ἐπικροτήσει ταῖς χερσὶν αὐτοῦ, καὶ πολλὰ διαψιθυρίσει, καὶ ἀλλοιώσει τὸ πρόσωπον αὐτοῦ.
33048	ΣΟΦΙΑ ΣΕΙΡΑΧ 31:13	Κυρὶον	Κυρίον	\vs{13}Πνεῦμα φοβουμένων Κυρὶον ζήσεται, ἡ γὰρ ἐλπὶς αὐτῶν ἐπὶ τὸν σώζοντα αὐτούς.
33058	ΣΟΦΙΑ ΣΕΙΡΑΧ 31:22	Φὸνεύων	Φόνεύων	\vs{22}Φὸνεύων τὸν πλησίον ὁ ἀφαιρούμενος συμβίωσιν, καὶ ἐκχέων αἷμα ὁ ἀποστερῶν μισθὸν μισθίου.
33464	ΣΟΦΙΑ ΣΕΙΡΑΧ 43:25	παρὰδοξα	παράδοξα	\vs{25}Καὶ ἐκεῖ τὰ παρὰδοξα καὶ θαυμάσια ἔργα, ποικιλία παντὸς ζώου, κτίσις κητῶν.
33717	ΣΟΦΙΑ ΣΕΙΡΑΧ 51:25	στὸμα	στόμα	\vs{25}Ἤνοιξα τὸ στὸμα μου, καὶ ἐλάλησα, κτήσασθε ἑαυτοῖς ἄνευ ἀργυριου.
33936	ΕΠΙΣΤΟΛΗ ΙΕΡΕΜΙΟΥ 1:5	λὰβῃ	λάβῃ	\vs{5}Εὐλαβήθητε οὖν μὴ καὶ ὑμεῖς ἀφομοιωθέντες τοῖς ἀλλοφύλοις ἀφομοιωθῆτε, καὶ φόβος ὑμᾶς λὰβῃ ἐπʼ αὐτοῖς, ἰδόντας ὄχλον ἔμπροσθεν καὶ ὄπισθεν αὐτῶν προσκυνοῦντας αὐτά.
33979	ΕΠΙΣΤΟΛΗ ΙΕΡΕΜΙΟΥ 1:39	ὡμοιωμὲνοι	ὡμοιωμένοι	\vs{39}Τοῖς ἀπὸ τοῦ ὄρους λίθοις ὡμοιωμὲνοι εἰσὶ τὰ ξύλινα, καὶ τὰ περίχρυσα, καὶ τὰ περιάργυρα, οἱ δὲ θεραπεύοντες αὐτὰ καταισχυνθήσονται.
33982	ΕΠΙΣΤΟΛΗ ΙΕΡΕΜΙΟΥ 1:41	αἰσθὲσθαι	αἰσθέσθαι	\vs{41}Οἳ ὅταν ἴδωσιν ἐνεὸν μὴ δυνάμενον λαλῆσαι, προσενεγκάμενοι τὸν Βῆλον, ἀξιοῦσι φωνῆσαι, ὠς δυνατοῦ ὄντος αὐτοῦ αἰσθὲσθαι.
33985	ΕΠΙΣΤΟΛΗ ΙΕΡΕΜΙΟΥ 1:43	σχοινὶα	σχοινία	\vs{43}Αἱ δὲ γυναῖκες περιθέμεναι σχοινὶα, ἐν ταῖς ὁδοῖς ἐγκάθηνται, θυμιῶσαι τὰ πίτυρα· ὅτας δέ τις αὐτῶν ἐφελκυσθεῖσα ὑπό τινος τῶν παραπορευομένων κοιμηθῇ, τὴν πλησίον ὀνειδίζει, ὅτι οὐκ ἠξίωται ὥσπερ καὶ αὐτὴ, οὔτε τὸ σχοινίον αὐτῆς διεῤῥάγη.
33988	ΕΠΙΣΤΟΛΗ ΙΕΡΕΜΙΟΥ 1:45	γὲνηται	γένηται	\vs{45}Ὑπὸ τεκτόνων καὶ χρυσοχόων κατεσκευασμένα εἰσίν· οὐθὲν ἄλλο μὴ γὲνηται, ἢ ὃ βούλονται οἱ τεχνίται αὐτὰ γενέσθαι.
33995	ΕΠΙΣΤΟΛΗ ΙΕΡΕΜΙΟΥ 1:51	ὃτι	ὅτι	\vs{51}Τοῖς ἔθνεσι πᾶσι τοῖς τε βασιλεῦσι φανερὸν ἔσται ὃτι οὐκ εἰσὶ θεοὶ, ἀλλὰ ἔργα χειρῶν ἀνθρώπων, καὶ οὐδὲν Θεοῦ ἔργον ἐν αὐτοῖς ἐστι.
33998	ΕΠΙΣΤΟΛΗ ΙΕΡΕΜΙΟΥ 1:53	Βασιλὲα	Βασιλέα	\vs{53}Βασιλὲα γὰρ χώρας οὐ μὴ ἀναστήσωσιν, οὔτε ὑετὸν ἀνθρώποις οὐ μὴ δῶσι.
33999	ΕΠΙΣΤΟΛΗ ΙΕΡΕΜΙΟΥ 1:54	ἀδὺνατοι	ἀδύνατοι	\vs{54}Κρίσιν τε οὐ μὴ διακρίνωσιν ἑαυτῶν, οὐδὲ μὴ ῥύσωνται ἀδίκημα, ἀδὺνατοι ὄντες· ὥσπερ γὰρ κορῶναι ἀναμέσον τοῦ οὐρανοῦ καὶ τῆς γῆς.
35320	ΜΑΚΚΑΒΑΙΩΝ Α 14:35	ἡγοὺμενον	ἡγούμενον	\vs{35}Καὶ εἶδεν ὁ λαὸς τὴς πρᾶξιν τοῦ Σίμωνος, καὶ τὴν δόξαν ἣν ἐβουλεύσατο ποιῆσαι τῷ ἔθνει αὐτοῦ, καὶ ἔθεντο αὐτὸν ἡγοὺμενον αὐτῶν καὶ ἀρχιερέα, διὰ τὸ αὐτὸν πεποιηκέναι πάντα ταῦτα, καὶ τὴν δικαιοσύνην, καὶ τὴν πίστιν ἣν συνετήρησε τῷ ἔθνει αὐτοῦ, καὶ ἐζήτησε παντὶ τρόπῳ ὑψῶσαι τὸν λαὸν αὐτοῦ.
36231	ΜΑΚΚΑΒΑΙΩΝ Β 15:36	τὴνδε	τήνδε	\vs{36}Καὶ ἐδογμάτισαν πάντες μετὰ κοινοῦ ψηφίσματος μηδαμῶς ἐᾶσαι ἀπαρασήμαντον τὴνδε τὴν ἡμέραν· ἔχειν δὲ ἐπίσημον τὴν τρισκαιδεκάτην τοῦ δωδεκάτου μηνὸς, Ἄδαρ λέγεται τῇ Συριακῇ φωνῇ, πρὸ μιᾶς ἡμέρας τῆς Μαρδοχαϊκῆς ἡμέρας.
36298	ΜΑΚΚΑΒΑΙΩΝ Γ 2:10	ὃτι	ὅτι	\vs{10}Καὶ ἀγαπῶν τὸν οἶκον τοῦ Ἰσραὴλ, ἐπηγγείλω δὴ ὃτι ἐὰν γένηται ἡμῶν ἀποστροφὴ, καὶ καταλάβῃ ἡμᾶς στενοχωρία, καὶ ἐλθόντες εἰς τὸν τόπον τοῦτου δεηθῶμεν, εἰσακούσῃ τῆς δεήσεως ἡμῶν.
36371	ΜΑΚΚΑΒΑΙΩΝ Γ 3:29	τὸπος	τόπος	\vs{29}Πᾶς δὲ τὸπος οὗ ἐὰν φωραθῇ τὸ σύνοκον σκεπαζόμενος Ἰουδαῖος, ἄβατος καὶ πυριφλεγὴς γινέσθω, καὶ πάσῃ θνητῇ φύσει κατὰ πάντα ἄχρηστος φανήσεται εἰς τὸν ἀεὶ χρόνον.
36378	ΜΑΚΚΑΒΑΙΩΝ Γ 4:3	τὸπος	τόπος	\vs{3}Τίς νομὸς ἢ πόλις, ἢ τίς τὸ σύνολον οἰκητὸς τὸπος, ἢ τίνες ἀγυιαὶ κοπετοῦ καὶ γόων ἐπʼ αὐτοῖς οὐκ ἐμπιπλῶντο;
36390	ΜΑΚΚΑΒΑΙΩΝ Γ 4:11	Σχεδὶαν	Σχεδίαν	\vs{11}Τούτων δὲ ἐπὶ τὴν λεγομένην Σχεδὶαν ἀχθέντων, καὶ τοῦ παράπλου περανθέντος, καθὼς ἦν δεδογματισμένον τῷ βασιλεῖ, προσέταξεν αὐτοὺς ἐν τῷ πρὸ τῆς πόλεως ἱπποδρόμῳ παρεμβαλεῖν ἀπλέτῳ καθεστῶτι περιμέτρῳ, καὶ πρὸς παραδειγματισμὸν ἄγαν εὐκαιροτάτῳ καθεστῶτι πᾶσι τοῖς καταπορευομένοις εἰς τὴν πόλιν, καὶ τοῖς ἐκ τούτων εἰς τὴν χώραν στελλομένοις πρὸς ἐκδημίαν· πρὸς τὸ μηδὲ ταῖς δυνάμεσιν αὐτοῦ κοινωνεῖν, μηδὲ τὸ σύνολον καταξιῶσαι περιβόλων.
36394	ΜΑΚΚΑΒΑΙΩΝ Γ 4:14	κατὰπονον	κατάπονον	\vs{14}οὐ γὰρ τὴν ἔμπροσθε βραχεῖ προδεδηλωμένην τῶν ἔργων κατὰπονον λατρείαν, στρεβλωθέντας δὲ ταῖς παρηγγελμέναις αἰκίαις τὸ τέλος ἀφανίσαι μιᾶς ὑπὸ καιρὸν ἡμέρας.
36395	ΜΑΚΚΑΒΑΙΩΝ Γ 4:15	τοὺτων	τούτων	\vs{15}Ἐγίνετο μὲν οὖν ἡ τοὺτων ἀπογραφὴ μετὰ πικρᾶς σπουδῆς καὶ φιλοτίμου προσεδρίας ἀπὸ ἀνατολῶν ἡλίου μέχρι δυσμῶν, ἀνήνυτον λαμβάνουσα τὸ τέλος επὶ ἡμέρας τεσσαράκοντα.
36400	ΜΑΚΚΑΒΑΙΩΝ Γ 4:18	τὸπον	τόπον	\vs{18}τῶν μὲν κατὰ τὰς οἰκίας ἔτι συνεστηκότων, τῶν δὲ καὶ κατὰ τὸπον, ὡς ἀδυνάτου καθεστῶτος πᾶσι τοῖς ἐπʼ Αἴγυπτον στρατηγοῖς,
36590	ΜΑΚΚΑΒΑΙΩΝ Δ 1:16	τοὶνυν	τοίνυν	\vs{16}Σοφία δὴ τοὶνυν ἐστὶν γνῶσις θείων καὶ ἀνθρωπίνων πραγμάτων, καὶ τῶν τούτων αἰτίων.
36600	ΜΑΚΚΑΒΑΙΩΝ Δ 1:24	ὃτε	ὅτε	\vs{24}Θυμὸς δὲ κοινὸν πάθος ἐστὶν ἡδονῆς καὶ πόνου, ἐὰν ἐννοηθῇ τις ὃτε αὐτῷ περιέπεσεν.
36605	ΜΑΚΚΑΒΑΙΩΝ Δ 1:28	πὸνου	πόνου	\vs{28}Καθάπερ οὖν δυοῖν τοῦ σώματος καὶ τῆς ψυχῆς φυτῶν ὄντων ἡδονῆς τε καὶ πὸνου, πολλαὶ τούτων τῶν παθῶν εἰσιν παραφυάδες.
36611	ΜΑΚΚΑΒΑΙΩΝ Δ 1:33	ὀρὲξεων	ὀρέξεων	\vs{33}Ἐπεὶ πόθεν κινούμενοι πρὸς τὰς ἀπειρημένας τοοφὰς, ἀποτρεπόμεθα τὰς ἐξ ἑαυτῶν ἡδονάς; οὐχ ὅτι δύναται τῶν ὀρὲξεων ἐπικρατεῖν ὁ λογισμός; ἐγὼ μὲν οἶμαι.
36693	ΜΑΚΚΑΒΑΙΩΝ Δ 4:14	παραδὸξως	παραδόξως	\vs{14}Καὶ ὁ μὲν παραδὸξως διασωθεὶς ᾤχετο, δηλώσων τῷ βασιλεῖ τὰ συμβάντα αὐτῷ.
36718	ΜΑΚΚΑΒΑΙΩΝ Δ 5:6	ἂρξασθαι	ἄρξασθαι	\vs{6}ἐγὼ πρὶν ἂρξασθαι τῶν κατὰ σοῦ βασάνων, ὦ πρεσβύτα, συμβουλεύσαιμʼ ἄν σοι ταῦτα ὅπως ἀπογευσάμενος τῶν ὑείων σώζοιο· αἰδοῦμαι γάρ σου τὴν ἡλικίαν καὶ τὴν πολιὰν, ἥν μετὰ τοσοῦτον ἔχων χρόνον, οὔ μοι δοκεῖς φιλοσοφεῖν, τῇ Ἰουδαιων χρώμενος θρησκείᾳ.
36809	ΜΑΚΚΑΒΑΙΩΝ Δ 7:5	διὰνοιαν	διάνοιαν	\vs{5}Ὥσπερ γὰρ πρόκρημνον ἄκραν, τὴν ἑαυτοῦ διὰνοιαν ὁ πατὴρ Ἐλεάζαρος ἐκτείνας, περιέκλασεν τοὺς μαινομένους τῶν παθῶν κλύδωνας.
36815	ΜΑΚΚΑΒΑΙΩΝ Δ 7:9	λὸγους	λόγους	\vs{9}Σὺ πάτερ, τὴν εὐνομίαν ἡμῶν διὰ τῶν ὑπομονῶν εἰς δόξαν ἐκύρωσας, καὶ τὴν ἁγιαστίαν σεμνολογήσας οὐ κατέλυσας, καὶ διὰ τῶν ἔργων ἐπιστοποίησας τοὺς τῆς φιλοσοφίας λὸγους.
36862	ΜΑΚΚΑΒΑΙΩΝ Δ 8:21	βασιλὲα	βασιλέα	\vs{21}Συγγνώσεται δὲ ἡμῖν καὶ ἡ θεία δίκη διʼ ἀνάγκην τὸν βασιλὲα φοβηθεῖσιν.
36878	ΜΑΚΚΑΒΑΙΩΝ Δ 9:6	βασανισμὸυς	βασανισμόυς	\vs{6}Εἰ δʼ οἱ γέροντες τῶν Ἑβραίων διὰ τὴν εὐσέβειαν καὶ βασανισμὸυς ὑπομείναντες ἀπέθανον, ἀποθάνοιμεν ἂν δικαιότερον ἡμεῖς οἱ νέοι, τὰς βασάνους τῶν σῶν ἀναγκῶν ὑπεριδόντες, ἃς καὶ ὁ παιδευτὴς γέρων ἐνίκησεν.
36892	ΜΑΚΚΑΒΑΙΩΝ Δ 9:17	διὰκονοι	διάκονοι	\vs{17}ὁ δὲ εἶπεν, οὐχ οὕτως ἰσχυρὸς ὑμῶν ἐστιν ὁ τρόπος, ὦ μιαιροὶ διὰκονοι, ὥστε μου τὸν λογισμὸν ἄξαι· τέμνετέ μου μέλη, καὶ πυροῦτε τὰς σάρκας, καὶ στρεβλοῦτε τὰ ἄρθρα.
36980	ΜΑΚΚΑΒΑΙΩΝ Δ 12:4	τὲλος	τέλος	\vs{4}Τῆς μὲν τῶν ἀδελφῶν σου ἀπονοίας τὸ τὲλος ὁρᾷς· διὰ γὰρ ἀπείθειαν στρεβλωθέντες τεθνήκασιν, σὺ, εἰ μὲν μὴ πεισθείης, τὰλας βασανισθεὶς καὶ πασανισθεὶς καὶ αὐτὸς τεθνήξῃ πρὸ ὥρας.
36980	ΜΑΚΚΑΒΑΙΩΝ Δ 12:4	τὰλας	τάλας	\vs{4}Τῆς μὲν τῶν ἀδελφῶν σου ἀπονοίας τὸ τὲλος ὁρᾷς· διὰ γὰρ ἀπείθειαν στρεβλωθέντες τεθνήκασιν, σὺ, εἰ μὲν μὴ πεισθείης, τὰλας βασανισθεὶς καὶ πασανισθεὶς καὶ αὐτὸς τεθνήξῃ πρὸ ὥρας.
37008	ΜΑΚΚΑΒΑΙΩΝ Δ 13:4	ἐπεκρὰτησεν	ἐπεκράτησεν	\vs{4}Καὶ οὐκ ἐστὶν παριδεῖν τὴν ἡγεμονίαν· ἐπεκρὰτησεν γὰρ καὶ πὰθους καὶ πὸνων.
37008	ΜΑΚΚΑΒΑΙΩΝ Δ 13:4	πὰθους	πάθους	\vs{4}Καὶ οὐκ ἐστὶν παριδεῖν τὴν ἡγεμονίαν· ἐπεκρὰτησεν γὰρ καὶ πὰθους καὶ πὸνων.
37008	ΜΑΚΚΑΒΑΙΩΝ Δ 13:4	πὸνων	πόνων	\vs{4}Καὶ οὐκ ἐστὶν παριδεῖν τὴν ἡγεμονίαν· ἐπεκρὰτησεν γὰρ καὶ πὰθους καὶ πὸνων.
37009	ΜΑΚΚΑΒΑΙΩΝ Δ 13:5	παθοκρὰτειαν	παθοκράτειαν	\vs{5}Πῶς οὖν οὐκ ἐστὶν τούτοις τὴν εὐλογιστίας παθοκρὰτειαν ὁμολογεῖν, οἱ τῶν μὲν διὰ πυρὸς ἀλγησόνων οὐκ ἐπεστράφησαν;
37010	ΜΑΚΚΑΒΑΙΩΝ Δ 13:6	παρὲχουσιν	παρέχουσιν	\vs{6}Καθάπερ γὰρ προπλήταις λιμένων πύργοις τὰς κυμάτων ἀπειλὰς ἀνακόπτοντες, γαληνὸν παρὲχουσιν τοῖς εἰσπλέουσιν τὸν ὅρμον.
37128	ΜΑΚΚΑΒΑΙΩΝ Δ 16:15	ὃτε	ὅτε	\vs{15}Καὶ γὰν ὃτε συνελήφθης μετὰ τῶν παίδων, εἱστήκεις τὸν Ἐλεάζαρον ὁρῶσα βασανιζόμενον, καὶ ἔλεγες τοῖς παισὶν ἐν τῇ Ἑβοαΐδι φωνῇ,
