Line Number	Verse Reference	Word	Suggested Fix	Error Type	Full Line
187	ΓΕΝΕΣΙΣ 4:9	ύριος		missing_breathing_vowel	\vs{9}Καὶ εἶπε Kύριος ὁ Θεὸς πρὸς Κάϊν· ποῦ ἔστιν Ἄβελ ὁ ἀδελφός σου; καὶ εἶπεν, οὐ γινώσκω· μὴ φύλαξ τοῦ ἀδελφοῦ μου εἰμὶ ἐγώ;
523	ΓΕΝΕΣΙΣ 15:20	Ραφαεὶν	Ῥαφαεὶν	missing_rough_on_rho	\vs{20}καὶ τοὺς Χετταίους, καὶ τοὺς Φερεζαίους, καὶ τοὺς ʼΡαφαεὶν,
675	ΓΕΝΕΣΙΣ 21:1	Σάῥῥᾳ	Σάρρα	double_rho_wrong_pattern	Καὶ Κύριος ἐπεσκέψατο τὴν Σάῤῥαν, καθὰ εἶπε· καὶ ἐποίησε Κύριος τῇ Σάῥῥᾳ, καθὰ ἐλάλησε.
679	ΓΕΝΕΣΙΣ 21:5	ηνίκα	ἡνίκα	missing_breathing_vowel	\vs{5}Καὶ Ἁβραὰμ ἦν ἑκατὸν ἐτῶν, ηνίκα ἐγένετο αὐτῷ Ἰσαὰκ ὁ υἱὸς αὐτοῦ.
683	ΓΕΝΕΣΙΣ 21:9	Σάῥῥα	Σάρρα	double_rho_wrong_pattern	\vs{9}Ἰδοῦσα δὲ Σάῥῥα τὸν υἱὸν Ἄγαρ τῆς Αἰγυπτίας, ὃς ἐγένετο τῷ Ἁβραὰμ, παίζοντα μετὰ Ἰσαὰκ τοῦ υἱοῦ αὐτῆς,
698	ΓΕΝΕΣΙΣ 21:23	γᾗ	γῆ	unexpected_breathing_consonant_initial	\vs{23}Νῦν οὖν ὄμοσόν μοι τὸν Θεὸν μὴ ἀδικήσειν με, μηδὲ τὸ σπέρμα μου, μηδὲ τὸ ὄνομά μου· ἀλλὰ κατὰ τὴν δικαιοσύνην ἣν ἐποίησα μετὰ σοῦ, ποιήσεις μετʼ ἐμοῦ, καὶ τῇ γᾗ, ᾗ σὺ παρῴκησας ἐν αὐτῇ.
867	ΓΕΝΕΣΙΣ 25:30	πυρροῦ	πυρροῦ	double_rho_no_breathing	\vs{30}Καὶ εἶπεν Ἡσαῦ τῷ Ἰακὼβ, γεῦσόν με ἀπὸ τοῦ ἑψήματος πυρροῦ τούτου, ὅτι ἐκλείπω· διὰ τοῦτο ἐκλήθη τὸ ὄνομα αὐτοῦ, Ἐδώμ.
1195	ΓΕΝΕΣΙΣ 34:3	αυτῇ	αὐτῇ	missing_breathing_diphthong	\vs{3}Καὶ προσέσχε τῇ ψυχῇ Δείνας τῆς θυγατρὸς Ἰακώβ· καὶ ἠγάπησε τὴν παρθένον· καὶ ἐλάλησε κατὰ τὴν διάνοιαν τῆς παρθένου αυτῇ.
1214	ΓΕΝΕΣΙΣ 34:21	επὶ	ἐπὶ	missing_breathing_vowel	\vs{21}Οἱ ἄνθρωποι οὗτοι εἰρήνικοί εἰσι, μεθʼ ἡμῶν οἰκείτωσαν επὶ τῆς γῆς, καὶ ἐμπορευέσθωσαν αὐτήν· ἡ δὲ γῆ ἰδοὺ πλατεῖα ἐναντίον αὐτῶν· τὰς θυγατέρας αὐτῶν ληψόμεθα ἡμῖν γυναῖκας, καὶ τὰς θυγατέρας ἡμῶν δώσομεν αὐτοῖς.
2159	ΕΞΟΔΟΣ 12:32	κᾀμέ	κἀμέ	crasis_wrong_form	\vs{32}Καὶ τὰ πρόβατα καὶ τοὺς βόας ὑμῶν ἀναλαβόντες πορεύεσθε· εὐλογήσατε δὴ κᾀμέ.
2339	ΕΞΟΔΟΣ 18:7	αυτὸν	αὐτόν	missing_breathing_diphthong	\vs{7}Ἐξῆλθε δὲ Μωυσῆς εἰς συνάντησιν τῷ γαμβρῷ, καὶ προσεκύνησεν αὐτῷ, καὶ ἐφίλησεν αυτὸν, καὶ ἠσπάσαντο ἀλλήλους, καὶ εἰσήγαγεν αὐτοὺς εἰς τὴν σκηνήν.
3218	ΛΕΥΙΤΙΚΟΝ 4:32	Εὰν	Ἐὰν	missing_breathing_vowel	\vs{32}Εὰν δὲ πρόβατον προσενέγκῃ τὸ δῶρον αὐτοῦ περὶ τῆς ἁμαρτίας, θῆλυ ἄμωμον προσοίσει αὐτό.
3612	ΛΕΥΙΤΙΚΟΝ 15:4	γονοῤῤυὴς	γονορρυὴς	double_rho_wrong_pattern	\vs{4}Πᾶσα κοίτη ἐφʼ ἧς ἂν κοιμηθῇ ἐπʼ αὐτῆς ὁ γονοῤῥυὴς, ἀκάθαρτός ἐστι, καὶ πᾶν σκεῦος ἐφʼ ὃ ἂν καθίσῃ ἐπʼ αὐτὸ ὁ γονοῤῤυὴς, ἀκάθαρτον ἔσται.
3689	ΛΕΥΙΤΙΚΟΝ 17:4	αίμα	αἷμα	missing_breathing_diphthong	\vs{4}καὶ ἐπὶ τὴν θύραν τῆς σκηνῆς τοῦ μαρτυρίου μὴ ἐνέγκῃ, ὥστε ποιῆσαι αὐτὸ εἰς ὁλοκαύτωμα ἢ σωτήριον Κυρίῳ δεκτὸν εἰς ὀσμὴν εὐωδίας· καὶ ὃς ἂν σφάξῃ ἔξω, καὶ ἐπὶ τὴν θύραν τῆς σκηνῆς τοῦ μαρτυρίου μὴ ἐνέγκῃ αὐτὸ, ὥστε προσενέγκαι δῶρον τῷ Κυρίῳ ἀπέναντι τῆς σκηνῆς Κυρίου· καὶ λογισθήσεται τῷ ἀνθρώπῳ ἐκείνῳ αἷμα· αίμα ἐξέχεεν· ἐξολοθρευθήσεται ἡ ψυχὴ ἐκείνη ἐκ τοῦ λαοῦ αὐτῆς.
4190	ΑΡΙΘΜΟΙ 2:10	Ρουβὴν	Ῥουβὴν	missing_rough_on_rho	\vs{10}Τάγματα παρεμβολῆς Ῥουβὴν, πρὸς λίβα δύναμις αὐτῶν, καὶ ὁ ἄρχων τῶν υἱῶν ʼΡουβὴν, Ἐλισοὺρ υἱὸς Σεδιούρ.
4821	ΑΡΙΘΜΟΙ 15:36	ύριος		missing_breathing_vowel	\vs{36}Καὶ ἐξήγαγον αὐτὸν πᾶσα ἡ συναγωγὴ ἔξω τῆς παρεμβολῆς· καὶ ἐλιθοβόλησεν αὐτὸν πᾶσα ἡ συναγωγὴ λίθοις ἔξω τῆς παρεμβολῆς, καθὰ συνέταξε Kύριος τῷ Μωυσῇ.
5219	ΑΡΙΘΜΟΙ 26:26	Αροαδί	Αροαδι	missing_breathing_vowel	\vs{26}τῷ Ἀροαδὶ, δῆμος ὁ Αροαδί· τῷ Ἀριὴλ, δῆμος ὁ Ἀριηλί.
5243	ΑΡΙΘΜΟΙ 26:44	Αδαρί	Αδαρι	missing_breathing_vowel	\vs{44}Καὶ ἐγένοντο οἱ υἱοὶ Βαλὲ, Ἀδὰρ, καὶ Νοεμάν· τῷ Ἀδὰρ, δῆμος ὁ Αδαρί· καὶ τῷ Νοεμὰν, δῆμος ὁ Νοεμανί.
5687	ΔΕΥΤΕΡΟΝΟΜΙΟΝ 1:1	ουτοι	οὗτοί	missing_breathing_diphthong	\lettrine[lines=2, loversize=0.2, nindent=0em, findent=.25em]{\textcolor{bookheadingcolor}{Ο}}{ΥΤΟΙ} οἱ λόγοι οὓς ἐλάλησε Μωυσῆς παντὶ Ἰσραὴλ πέραν τοῦ Ἰορδάνου ἐν τῇ ἐρήμῳ πρὸς δυσμαῖς πλησίον τῆς ἐρυθρᾶς θαλάσσης ἀναμέσον Φαρὰν Τοφὸλ, καὶ Λοβὸν, καὶ Αὐλῶν, καὶ καταχρύσεα.
5720	ΔΕΥΤΕΡΟΝΟΜΙΟΝ 1:31	ῆλθετε	ἤλθετε	missing_breathing_vowel	\vs{31}Θεός σου, ὡς εἴτις τροφοφορήσει ἄνθρωπος τὸν υἱὸν αὐτοῦ, κατὰ πᾶσαν τὴν ὁδὸν εἰς ἣν ἐπορεύθητε ἕως ῆλθετε εἰς τὸν τόπον τοῦτον.
5800	ΔΕΥΤΕΡΟΝΟΜΙΟΝ 3:12	χειμάῤρου	χειμάρρου	double_rho_partial_breathing	\vs{12}Καὶ τὴν γῆν ἐκείνην ἐκληρονομήσαμεν ἐν τῷ καιρῷ ἐκείνῳ ἀπὸ Ἀροήρ, ἥ ἐστι παρὰ τὸ χείλος χειμάῤρου Ἀρνών, καὶ τὸ ἥμισυ τοῦ ὄρους Γαλαάδ· καὶ τὰς πόλεις αὐτοῦ ἔδωκα τῷ Ῥουβὴν καὶ τῷ Γάδ.
6030	ΔΕΥΤΕΡΟΝΟΜΙΟΝ 9:13	τοὗτον	τοῦτον	unexpected_breathing_consonant_initial	\vs{13}Καὶ εἶπε Κύριος πρὸς μὲ, λέγων, λελάληκα πρὸς σὲ ἅπαξ καὶ δὶς, λέγων, ἑώρακα τὸν λαὸν τοὗτον, καὶ ἰδοὺ λαὸς σκληροτράχηλός ἐστι·
6150	ΔΕΥΤΕΡΟΝΟΜΙΟΝ 12:30	κᾀγώ	κἀγὼ	crasis_wrong_form	\vs{30}πρόσεχε σεαυτῷ μὴ ἐκζητήσῃς ἐπακολουθῆσαι αὐτοῖς μετὰ τὸ ἐξολοθρευθῆναι αὐτοὺς ἀπὸ προσώπου σου, λέγων, πῶς ποιοῦσι τὰ ἔθνη ταῦτα τοῖς θεοῖς αὐτῶν; ποιήσω κᾀγώ.
6729	ΔΕΥΤΕΡΟΝΟΜΙΟΝ 31:2	Ιορδάνην	Ἰορδάνην	missing_breathing_vowel	\vs{2}καὶ εἶπε πρὸς αὐτοὺς, ἐκατὸν καὶ εἴκοσι ἐτῶν ἐγώ εἰμι σήμερον· οὐ δυνήσομαι ἔτι εἰσπορεύεσθαι καὶ ἐκπορεύεσθαι· Κύριος δὲ εἶπε πρὸς μὲ, οὐ διαβήσῃ τὸν Ιορδάνην τοῦτον.
6775	ΔΕΥΤΕΡΟΝΟΜΙΟΝ 32:8	Αδὰμ	Ἀδὰμ	missing_breathing_vowel	\vs{8}Ὅτε διεμέριζεν ὁ ὕψιστος ἔθνη, ὡς διέσπειρεν υἱοὺς Αδὰμ, ἔστησεν ὅρια ἐθνῶν κατὰ ἀριθμὸν ἀγγέλων Θεοῦ.
6810	ΔΕΥΤΕΡΟΝΟΜΙΟΝ 32:39	κἀγὼ	κἀγὼ	crasis_wrong_form	\vs{39}Ἴδετε ἴδετε ὅτι ἐγώ εἰμι, καὶ οὐκ ἔστι Θεὸς πλὴν ἐμοῦ· ἐγὼ ἀποκτείνω, καὶ ζῇν ποιήσω· πατάξω, κἀγὼ ἰάσομαι· καὶ οὐκ ἔστιν ὃς ἐξελεῖται ἐκ τῶν χειρῶν μου.
7474	ΙΗΣΟΥΣ ΝΑΥΗ 18:21	υιῶν	υἱῶν	missing_breathing_diphthong	\vs{21}Καὶ ἐγενήθησαν αἱ πόλεις τῶν υιῶν Βενιαμὶν κατὰ δήμους αὐτῶν Ἱερειχὼ, καὶ Βεθεγαιὼ, καὶ Ἀμεκασὶς,
7537	ΙΗΣΟΥΣ ΝΑΥΗ 19:47a	Ἀμοῥῥαῖοι	Ἀμορραῖοι	double_rho_wrong_pattern	\vs{47a}καὶ οὐκ ἐξέθλιψαν οἱ υἱοὶ Δὰν τὸν Ἀμοῤῥαῖον τὸν θλίβοντα αὐτοὺς ἐν τῷ ὄρει· καὶ οὐκ εἴων αὐτοὺς οἱ Ἀμοῥῥαῖοι καταβῆναι εἰς τὴν κοιλάδα, καὶ ἔθλιψαν ἀπʼ αὐτῶν τὸ ὅριον τῆς μερίδος αὐτῶν.
7707	ΙΗΣΟΥΣ ΝΑΥΗ 24:15	Ἀμοῤραίων	Ἀμορραίων	double_rho_partial_breathing	\vs{15}Εἰ δὲ μὴ ἀρέσκει ὑμῖν λατρεύειν Κυρίῳ, ἐκλέξασθε ὑμῖν αὐτοῖς σήμερον τίνι λατρεύσητε, εἴτε τοῖς θεοῖς τῶν πατέρων ὑμῶν, τοῖς ἐν τῷ πέραν τοῦ ποταμοῦ, εἴτε τοῖς θεοῖς τῶν Ἀμοῤραίων, ἐν οἷς ὑμεῖς κατοικεῖτε ἐπὶ τῆς γῆς αὐτῶν· ἐγὼ δὲ καὶ ἡ οἰκία μου λατρεύσομεν Κυρίῳ, ὅτι ἅγιός ἐστι.
8532	ΚΡΙΤΑΙ 21:3	Ισραὴλ	Ἰσραὴλ	missing_breathing_vowel	\vs{3}καὶ εἶπαν, εἰς τί Κύριε Θεὲ Ισραὴλ ἐγενήθη αὕτη, τοῦ ἐπισκεπῆναι σήμερον ἀπὸ Ἰσραὴλ φυλὴν μίαν;
8663	ΡΟΥΘ 4:4	κᾀγώ	κἀγὼ	crasis_wrong_form	\vs{4}κᾀγὼ εἶπα, ἀποκαλύψω τὸ οὖς σου λέγων, κτῆσαι ἐναντίον τῶν καθημένων, καὶ ἐναντίον τῶν πρεσβυτέρων τοῦ λαοῦ μου. εἰ ἀγχιστεύεις, ἀγχίστευε· εἰ δὲ μὴ ἀγχιστεύεις, ἀνάγγειλόν μοι, καὶ γνώσομαι, ὅτι οὐκ ἔστι πάρεξ σοῦ τοῦ ἀγχιστεῦσαι, κᾀγώ εἰμι μετὰ σέ· ὁ δὲ εἶπεν, ἐγώ εἰμι, ἀγχιστεῦσαι, κἀγώ εἰμι, ἀγχιστεύσω.
8663	ΡΟΥΘ 4:4	κἀγώ	κἀγὼ	crasis_wrong_form	\vs{4}κᾀγὼ εἶπα, ἀποκαλύψω τὸ οὖς σου λέγων, κτῆσαι ἐναντίον τῶν καθημένων, καὶ ἐναντίον τῶν πρεσβυτέρων τοῦ λαοῦ μου. εἰ ἀγχιστεύεις, ἀγχίστευε· εἰ δὲ μὴ ἀγχιστεύεις, ἀνάγγειλόν μοι, καὶ γνώσομαι, ὅτι οὐκ ἔστι πάρεξ σοῦ τοῦ ἀγχιστεῦσαι, κᾀγώ εἰμι μετὰ σέ· ὁ δὲ εἶπεν, ἐγώ εἰμι, ἀγχιστεῦσαι, κἀγώ εἰμι, ἀγχιστεύσω.
8761	ΒΑΣΙΛΕΙΩΝ Α 2:26	ανθρώπων	ἀνθρώπων	missing_breathing_vowel	\vs{26}Καὶ τὸ παιδάριον Σαμουὴλ ἐπορεύετο, καὶ ἦν ἀγαθὸν μετὰ Κυρίου καὶ μετὰ ανθρώπων.
9026	ΒΑΣΙΛΕΙΩΝ Α 12:2	κἀγὼ	κἀγὼ	crasis_wrong_form	\vs{2}καὶ νῦν ἰδοὺ ὁ βασιλεὺς διαπορεύεται ἐνώπιον ὑμῶν· κἀγὼ γεγήρακα καὶ καθήσομαι, καὶ οἱ υἱοί μου ἰδοὺ ἐν ὑμῖν· κᾀγὼ ἰδοὺ διελήλυθα ἐνώπιον ὑμῶν ἐκ νεότητος καὶ ἕως τῆς ἡμέρας ταύτης.
9201	ΒΑΣΙΛΕΙΩΝ Α 16:1	κἀγὼ	κἀγὼ	crasis_wrong_form	Καὶ εἶπε Κύριος πρὸς Σαμουήλ, ἕως πότε σὺ πενθεῖς ἐπὶ Σαοὺλ, κἀγὼ ἐξουδένωκα αὐτὸν, μὴ βασιλεύειν ἐπὶ Ἰσραήλ; πλῆσον τὸ κέρας σου ἐλαίου, καὶ δεῦρο ἀποστείλω σε πρὸς Ἰεσσαὶ ἕως Βηθλεὲμ, ὅτι ἑώρακα ἐν τοῖς υἱοῖς αὐτοῦ ἐμοὶ βασιλέα.
9223	ΒΑΣΙΛΕΙΩΝ Α 16:20	ἐι	εἶ	breathing_wrong_vowel_diphthong	\vs{20}Καὶ ἔλαβεν Ἰεσσαὶ γόμορ ἄρτων, καὶ ἀσκὸν οἴνου, καὶ ἔριφον αἰγῶν ἕνα, καὶ ἐξαπέστειλεν ἐι· χειρὶ Δαυὶδ τοῦ υἱοῦ αὐτοῦ πρὸς Σαούλ.
9613	ΒΑΣΙΛΕΙΩΝ Α 28:7	παἷδες	παῖδες	unexpected_breathing_consonant_initial	\vs{7}Καὶ εἶπε Σαοὺλ τοῖς παισὶν αὐτοῦ, ζητήσατέ μοι γυναῖκα ἐγγαστρίμυθον, καὶ πορεύσομαι πρὸς αὐτὴν, καὶ ζητήσω ἐν αὐτῇ· καὶ εἶπαν οἱ παἷδες αὐτοῦ πρὸς αὐτὸν ἰδοὺ γυνὴ ἐγγαστρίμυθος ἐν Ἀενδώρ.
9735	ΒΑΣΙΛΕΙΩΝ Β 1:13	ανδρὸς	ἀνδρὸς	missing_breathing_vowel	\vs{13}Καὶ εἶπε Δαυὶδ τῷ παιδαρίῳ τῷ ἀπαγγέλλοντι αὐτῷ, πόθεν εἶ σύ; καὶ εἶπεν, υἱὸς ανδρὸς παροίκου Ἀμαληκίτου ἐγώ εἰμι.
9853	ΒΑΣΙΛΕΙΩΝ Β 4:5	εν	εν	missing_breathing_vowel	\vs{5}Καὶ ἐπορεύθησαν υἱοὶ Ῥεμμὼν τοῦ Βηρωθαίου Ῥηχὰβ καὶ Βαανὰ, καὶ εἰσῆλθον εν τῷ καύματι τῆς ἡμέρας εἰς οἶκον Ἰεβοσθὲ, καὶ αὐτὸς ἐκάθευδεν ἐν τῇ κοίτῃ τῆς μεσημβρίας.
10020	ΒΑΣΙΛΕΙΩΝ Β 10:11	εὰν	ἐὰν	missing_breathing_vowel	\vs{11}Καὶ εἶπεν, εὰν κραταιωθῇ Συρία ὑπὲρ ἐμὲ, καὶ ἔσεσθέ μοι εἰς σωτηρίαν· καὶ ἐὰν κραταιωθῶσιν υἱοὶ Ἀμμὼν ὑπὲρ σὲ, καὶ ἐσόμεθα τοῦ σῶσαί σε.
10306	ΒΑΣΙΛΕΙΩΝ Β 17:17	τἰς	τίς	unexpected_breathing_consonant_initial	\vs{17}Καὶ Ἰωνάθαν καὶ Ἀχιμάας εἱστήκεισαν ἐν τῇ πηγῇ Ῥωγὴλ, καὶ ἐπορεύθη ἡ παιδίσκη, καὶ ἀνήγγειλεν αὐτοῖς, καὶ αὐτοὶ πορεύονται καὶ ἀναγγέλλουσι τῷ βασιλεῖ Δαυίδ· ὅτι οὐκ ἠδύναντο ὀφθῆναι τοῦ εἰσελθεῖν τἰς τὴν πόλιν.
10730	ΒΑΣΙΛΕΙΩΝ Γ 2:21	Αδωνίᾳ	Αδωνια	missing_breathing_vowel	\vs{21}Καὶ εἶπε, δοθήτω δὴ Ἀβισὰ ἡ Σωμανίτις τῷ Αδωνίᾳ τῷ ἀδελφῷ σου εἰς γυναῖκα.
11155	ΒΑΣΙΛΕΙΩΝ Γ 11:14	Ρααμὰ	Ῥααμὰ	missing_rough_on_rho	\vs{14}Καὶ ἤγειρε Κύριος σατὰν τῷ Σαλωμὼν τὸν Ἄδερ τὸν Ἰδουμαῖον, καὶ τὸν Ἐσρὼμ υἱὸν Ἐλιαδαὲ τὸν ἐν Ρααμὰ, Ἀδαδέζερ βασιλέα Σουβὰ κύριον αὐτοῦ· καὶ συνηθροίσθησαν ἐπʼ αὐτὸν ἄνδρες, καὶ ἦν ἄρχων συστρέμματος, καὶ προκατελάβετο τὴν Δαμασέκ· καὶ ἦσαν σατὰν τῷ Ἰσραὴλ πάσας τὰς ἡμέρας Σαλωμών· καὶ Ἄδερ ὁ Ἰδουμαῖος ἐκ τοῦ σπέρματος τῆς βασιλείας ἐν Ἰδουμαίᾳ.
11201	ΒΑΣΙΛΕΙΩΝ Γ 12:11	κᾀλὼ	καλῷ	unexpected_breathing_consonant_initial	\vs{11}Καὶ νῦν ὁ πατήρ μου ἐπεσάσσετο ὑμᾶς κλοιῷ βαρεῖ, κᾀλὼ προσθήσω ἐπὶ τὸν κλοιὸν ὑμῶν· ὁ πατήρ μου ἐπαίδευσεν ὑμᾶς ἐν μάστιξιν, ἐγὼ δὲ παιδεύσω ὑμᾶς ἐν σκορπίοις.
11294	ΒΑΣΙΛΕΙΩΝ Γ 13:24	ἐῥῥιμμένον	ἐρριμμένον	double_rho_wrong_pattern	\vs{24}Καὶ εὗρεν αὐτὸν λέων ἐν τῇ ὁδῷ, καὶ ἐθανάτωσεν αὐτόν· καὶ ἦν τὸ σῶμα αὐτοῦ ἐῥῥιμμένον ἐν τῇ ὁδῷ, καὶ ὁ ὄνος εἱστήκει παρʼ αὐτὸ, καὶ ὁ λέων εἱστήκει παρὰ τὸ σῶμα.
11448	ΒΑΣΙΛΕΙΩΝ Γ 17:23	αυτὸ	αὐτὸ	missing_breathing_diphthong	\vs{23}Καὶ κατήγαγεν αυτὸ ἀπὸ τοῦ ὑπερῴου εἰς τὸν οἶκον, καὶ ἔδωκεν αὐτὸ τῇ μητρὶ αὐτοῦ· καὶ εἶπεν Ἠλιοὺ, βλέπε, ζῇ ὁ υἱός σου.
11531	ΒΑΣΙΛΕΙΩΝ Γ 19:19	ἐπέῥῥιψε	ἐπέρριψε	double_rho_wrong_pattern	\vs{19}Καὶ ἀπῆλθεν ἐκεῖθεν καὶ εὑρίσκει τὸν Ἑλισαιὲ υἱὸν Σαφὰτ, καὶ αὐτὸς ἠροτρία ἐν βουσί· δώδεκα ζεύγη ἐνώπιον αὐτοῦ, καὶ αὐτὸς ἐν τοῖς δώδεκα· καὶ ἀπῆλθεν ἐπʼ αὐτὸν, καὶ ἐπέῥῥιψε τὴν μηλωτὴν αὐτοῦ ἐπʼ αὐτόν.
11613	ΒΑΣΙΛΕΙΩΝ Γ 21:32	Ισραὴλ	Ἰσραὴλ	missing_breathing_vowel	\vs{32}Καὶ περιεζώσαντο σάκκους ἐπὶ τὰς ὀσφύας αὐτῶν, καὶ ἔθεσαν σχοινία ἐπὶ τὰς κεφαλὰς αὐτῶν, καὶ εἶπον τῷ βασιλεῖ Ισραὴλ, δοῦλός σου υἱὸς Ἄδερ λέγει, ζησάτω δὴ ἡ ψυχὴ ἡμῶν· καὶ εἶπεν, εἰ ἔτι ζῇ, ἀδελφός μου ἐστί.
11729	ΒΑΣΙΛΕΙΩΝ Δ 2:3	κἀγὼ	κἀγὼ	crasis_wrong_form	\vs{3}Καὶ ἦλθον οἱ υἱοὶ τῶν προφητῶν οἱ ἐν Βαιθὴλ πρὸς Ἑλισαιὲ, καὶ εἶπον πρὸς αὐτὸν, εἰ ἔγνως, ὅτι Κύριος σήμερον λαμβάνει τὸν κύριόν σου ἐπάνωθεν τῆς κεφαλῆς σου; καὶ εἶπε, κἀγὼ ἔγνωκα, σιωπᾶτε.
11967	ΒΑΣΙΛΕΙΩΝ Δ 8:12	ἀναῥῥήξεις	ἀναρρήξεις	double_rho_wrong_pattern	\vs{12}Καὶ εἶπεν Ἀζαὴλ, τί ὅτι ὁ κύριός μου κλαίει; καὶ εἶπεν, ὅτι οἶδα ὅσα ποιήσεις τοῖς υἱοῖς Ἰσραὴλ κακά· τὰ ὀχυρώματα αὐτῶν ἐξαποστελεῖς ἐν πυρὶ, καὶ τοὺς ἐκλεκτοὺς αὐτῶν ἐν ῥομφαίᾳ ἀποκτενεῖς, καὶ τὰ νήπια αὐτῶν ἐνσείσεις, καὶ τὰς ἐν γαστρὶ ἐχούσας αὐτῶν ἀναῥῥήξεις.
12039	ΒΑΣΙΛΕΙΩΝ Δ 10:1	Αχαὰβ	Ἀχαὰβ	missing_breathing_vowel	Καὶ τῷ Ἀχαὰβ ἑβδομήκοντα υἱοὶ ἐν Σαμαρείᾳ· καὶ ἔγραψεν Ἰοὺ βιβλίον, καὶ ἀπέστειλεν ἐν Σαμαρείᾳ πρὸς τοὺς ἄρχοντας Σαμαρείας, καὶ πρὸς τοὺς πρεσβυτέρους, καὶ πρὸς τοὺς τιθηνοὺς Αχαὰβ, λέγων,
12056	ΒΑΣΙΛΕΙΩΝ Δ 10:15	Ιοὺ	Ἰού	missing_breathing_vowel	\vs{15}Καὶ ἐπορεύθη ἐκεῖθεν καὶ εὗρε τὸν Ἰωναδὰβ υἱὸν Ῥηχὰβ εἰς ἀπαντὴν αὐτοῦ, καὶ εὐλόγησεν αὐτόν· καὶ εἶπε πρὸς αὐτὸν Ιοὺ, εἰ ἔστι καρδία σου μετὰ καρδίας μου εὐθεῖα καθὼς ἡ καρδία μου μετὰ τῆς καρδίας σου; καὶ εἶπεν Ἰωναδάβ ἔστι· καὶ εἶπεν Ἰοὺ, καὶ εἰ ἔστι, δὸς τὴν χεῖρά σου· καὶ ἔδωκε τὴν χεῖρα αὐτοῦ· καὶ ἀνεβίβασεν αὐτὸν πρὸς αὐτὸν ἐπὶ τὸ ἅρμα,
12623	ΒΑΣΙΛΕΙΩΝ Δ 25:23	αυτοὶ	αὐτοὶ	missing_breathing_diphthong	\vs{23}Καὶ ἤκουσαν πάντες οἱ ἄρχοντες τῆς δυνάμεως αυτοὶ καὶ οἱ ἄνδρες αὐτῶν, ὅτι κατέστησε βασιλεὺς Βαβυλῶνος τὸν Γοδολίαν, καὶ ἦλθον πρὸς Γοδολίαν εἰς Μασσηφὰθ, καὶ Ἰσμαὴλ υἱὸς Ναθανίου, καὶ Ἰωνὰ υἱὸς Καρὴθ, καὶ Σαραίας υἱὸς Θαναμὰθ ὁ Νετωφαθίτης, καὶ Ἰεζονίας υἱὸς τοῦ Μαχαθὶ, αὐτοὶ καὶ οἱ ἄνδρες αὐτῶν·
12809	ΠΑΡΑΛΕΙΠΟΜΕΝΩΝ Α 4:20	Αμνὼν	Ἀμνῶν	missing_breathing_vowel	\vs{20}Καὶ υἱοὶ Σεμὼν, Αμνὼν, καὶ Ἀνὰ υἱὸς Φανὰ, καὶ Ἰνών· καὶ υἱοὶ Σεῒ, Ζωὰν, καὶ υἱοὶ Ζωάβ.
12873	ΠΑΡΑΛΕΙΠΟΜΕΝΩΝ Α 5:30	Αβισοὺ	Αβισου	missing_breathing_vowel	\vs{30}Ἐλεάζαρ ἐγέννησε τὸν Φινεὲς, Φινεὲς ἐγέννησε τὸν Αβισοὺ,
12874	ΠΑΡΑΛΕΙΠΟΜΕΝΩΝ Α 5:31	Αβισοὺ	Αβισου	missing_breathing_vowel	\vs{31}Αβισοὺ ἐγέννησεν τὸν Βοκκὶ, καὶ Βοκκὶ ἐγέννησε τὸν Ὀζὶ,
12898	ΠΑΡΑΛΕΙΠΟΜΕΝΩΝ Α 6:12	Ιεροβοὰμ	Ἰεροβοὰμ	missing_breathing_vowel	\vs{12}Ἐλιὰβ υἱὸς αὐτοῦ, Ιεροβοὰμ υἱὸς αὐτοῦ, Ἑλκανὰ υἱὸς αὐτοῦ.
12982	ΠΑΡΑΛΕΙΠΟΜΕΝΩΝ Α 7:16	Ροκόμ	Ῥόκομ	missing_rough_on_rho	\vs{16}Καὶ ἔτεκε Μοωχὰ γυνὴ Μαχὶρ υἱὸν, καὶ ἐκάλεσε τὸ ὄνομα αὐτοῦ Φαρές· καὶ ὄνομα ἀδελφοῦ αὐτοῦ Σοῦρος· υἱοὶ αὐτοῦ Οὐλὰμ, καὶ ʼΡοκόμ.
13003	ΠΑΡΑΛΕΙΠΟΜΕΝΩΝ Α 7:34	Αρὰμ	Ἀράμ	missing_breathing_vowel	\vs{34}Καὶ υἱοὶ Σεμμὴρ, Ἀχὶρ, καὶ Ῥοογὰ, καὶ Ἰαβὰ, καὶ Αρὰμ,
13417	ΠΑΡΑΛΕΙΠΟΜΕΝΩΝ Α 18:16	Αχειμέλεχ	Ἀχειμέλεχ	missing_breathing_vowel	\vs{16}καὶ Σαδὼκ υἱὸς Ἀχειτὼβ καὶ Αχειμέλεχ υἱὸς Ἀβιάθαρ οἱ ἱερεῖς, καὶ Σουσὰ γραμματεύς,
13422	ΠΑΡΑΛΕΙΠΟΜΕΝΩΝ Α 19:2	Αμμὼν	Ἀμμών	missing_breathing_vowel	\vs{2}Καὶ εἶπε Δαυίδ, Ποιήσω ἔλεος μετὰ Ἀνὰν υἱοῦ Ναὰς, ὡς ἐποίησεν ὁ πατὴρ αὐτοῦ μετʼ ἐμοῦ ἔλεος· καὶ ἀπέστειλεν ἀγγέλους Δαυὶδ τοῦ παρακαλέσαι αὐτὸν περὶ τοῦ πατρὸς αὐτοῦ· καὶ ἦλθον παῖδες Δαυὶδ εἰς γῆν υἱῶν Αμμὼν πρὸς Ἀνὰν τοῦ παρακαλέσαι αὐτόν.
13430	ΠΑΡΑΛΕΙΠΟΜΕΝΩΝ Α 19:8	απέστειλε	ἀπέστειλε	missing_breathing_vowel	\vs{8}Καὶ ἤκουσεν Δαυίδ, καὶ απέστειλε τὸν Ἰωὰβ καὶ πᾶσαν τὴν στρατίαν τῶν δυνατῶν.
13462	ΠΑΡΑΛΕΙΠΟΜΕΝΩΝ Α 21:4	ρῆμα	ῥῆμα	missing_rough_on_rho	\vs{4}Τὸ δὲ ρῆμα τοῦ βασιλέως ἴσχυσεν ἐπὶ Ιωὰβ, καὶ ἐξῆλθεν Ιωὰβ, καὶ διῆλθεν ἐν παντὶ Ἰσραὴλ, καὶ ἦλθεν εἰς Ἰερουσαλήμ.
13462	ΠΑΡΑΛΕΙΠΟΜΕΝΩΝ Α 21:4	Ιωὰβ	Ἰωὰβ	missing_breathing_vowel	\vs{4}Τὸ δὲ ρῆμα τοῦ βασιλέως ἴσχυσεν ἐπὶ Ιωὰβ, καὶ ἐξῆλθεν Ιωὰβ, καὶ διῆλθεν ἐν παντὶ Ἰσραὴλ, καὶ ἦλθεν εἰς Ἰερουσαλήμ.
13462	ΠΑΡΑΛΕΙΠΟΜΕΝΩΝ Α 21:4	Ιωὰβ	Ἰωὰβ	missing_breathing_vowel	\vs{4}Τὸ δὲ ρῆμα τοῦ βασιλέως ἴσχυσεν ἐπὶ Ιωὰβ, καὶ ἐξῆλθεν Ιωὰβ, καὶ διῆλθεν ἐν παντὶ Ἰσραὴλ, καὶ ἦλθεν εἰς Ἰερουσαλήμ.
13486	ΠΑΡΑΛΕΙΠΟΜΕΝΩΝ Α 21:23	εαὐτοῦ	ἑαυτοῦ	breathing_not_on_first_vowel	\vs{23}Καὶ εἶπεν Ὀρνὰ πρὸς Δαυίδ, Λάβε σεαυτῷ, καὶ ποιησάτω ὁ κύριός μου ὁ βασιλεὺς τὸ ἀγαθὸν ἐναντίον εαὐτοῦ· ἴδε δέδωκα τοὺς μόσχους εἰς ὁλοκαύτωσιν, καὶ τὸ ἄροτρον εἰς ξύλα, καὶ τὸν σῖτον εἰς θυσίαν, τὰ πάντα δέδωκα.
13508	ΠΑΡΑΛΕΙΠΟΜΕΝΩΝ Α 22:10	κἀγὼ	κἀγὼ	crasis_wrong_form	\vs{10}Οὗτος οἰκοδομήσει οἶκον τῷ ὀνόματί μου, καὶ οὗτος ἔσται μοι εἰς υἱὸν, κἀγὼ αὐτῷ εἰς πατέρα, καὶ ἀνορθώσω θρόνον βασιλείας αὐτοῦ ἐν Ἰσραὴλ ἕως αἰῶνος.
13651	ΠΑΡΑΛΕΙΠΟΜΕΝΩΝ Α 26:14	Βοῥῥᾶ	Βορρᾶ	double_rho_wrong_pattern	\vs{14}Καὶ ἔπεσεν ὁ κλῆρος τῶν πρὸς ἀνατολὰς τῷ Σελεμίᾳ, καὶ Ζαχαρίᾳ· υἱοὶ Σωὰζ τῷ Μελχίᾳ ἔβαλον κλήρους, καὶ ἐξῆλθεν ὁ κλῆρος Βοῥῥᾶ.
13958	ΠΑΡΑΛΕΙΠΟΜΕΝΩΝ Β 7:3	Ισραὴλ	Ἰσραὴλ	missing_breathing_vowel	\vs{3}Καὶ πάντες οἱ υἱοὶ Ισραὴλ ἑώρων καταβαῖνον τὸ πῦρ, καὶ ἡ δόξα Κυρίου ἐπὶ τὸν οἶκον· καὶ ἔπεσον ἐπὶ πρόσωπον ἐπὶ τὴν γῆν ἐπὶ τὸ λιθόστρωτον, καὶ προσεκύνησαν καὶ ᾔνουν τῷ Κυρίῳ, ὅτι ἀγαθὸν, ὅτι εἰς τὸν αἰῶνα τὸ ἔλεος αὐτοῦ.
13961	ΠΑΡΑΛΕΙΠΟΜΕΝΩΝ Β 7:5	τοὔ	τοῦ	unexpected_breathing_consonant_initial	\vs{5}Καὶ ἐθυσίασεν ὁ βασιλεὺς Σαλωμὼν τὴν θυσίαν μόσχων εἴκοσι καὶ δύο χιλιάδας, βοσκημάτων ἑκατὸν καὶ εἴκοσι χιλιάδας, καὶ ἐνεκαίνισε τὸν οἶκον τοὔ Θεοῦ ὁ βασιλεὺς καὶ πᾶς ὁ λαός.
13994	ΠΑΡΑΛΕΙΠΟΜΕΝΩΝ Β 8:7	Ἀμοῥῥαίου	Ἀμορραίου	double_rho_wrong_pattern	\vs{7}Πᾶς ὁ λαὸς ὁ καταλειφθεὶς ἀπὸ τοῦ Χετταίου, καὶ τοῦ Ἀμοῥῥαίου, καὶ τοῦ Φερεζαίου, καὶ τοῦ Εὐαίου, καὶ τοῦ Ἰεβουσαίου, οἳ οὐκ εἰσὶν ἐκ τοῦ Ἰσραὴλ,
14389	ΠΑΡΑΛΕΙΠΟΜΕΝΩΝ Β 22:6	ἠῥῥώστει	ἠρρώστει	double_rho_wrong_pattern	Καὶ Ὀχοζίας υἱὸς Ἰωρὰμ βασιλεὺς Ἰούδα κατέβη θεάσασθαι τὸν Ἰωρὰμ υἱὸν Ἀχαὰβ εἰς Ἰεζράελ, ὅτι ἠῥῥώστει.
14415	ΠΑΡΑΛΕΙΠΟΜΕΝΩΝ Β 23:13	διέῥῥηξε		double_rho_wrong_pattern	\vs{13}Καὶ εἶδε, καὶ ἰδοὺ ὁ βασιλεὺς ἐπὶ τῆς στάσεως αὐτοῦ, καὶ ἐπὶ τῆς εἰσόδου οἱ ἄρχοντες καὶ αἱ σάλπιγγες· καὶ οἱ ἄρχοντες περὶ τὸν βασιλέα, καὶ πᾶς ὁ λαὸς τῆς γῆς ηὐφράνθη, καὶ ἐσάλπισαν ταῖς σάλπιγξι, καὶ οἱ ᾄδοντες ἐν τοῖς ὀργάνοις ᾠδοὶ, καὶ ὑμνοῦντες αἶνον· καὶ διέῥῥηξε Γοθολία τὴν στολὴν αὐτῆς, καὶ ἐβόησεν, ἐπιτιθέμενοι ἐπιτίθεσθε.
14536	ΠΑΡΑΛΕΙΠΟΜΕΝΩΝ Β 27:6	Ιωάθαμ	Ἰωαθὰμ	missing_breathing_vowel	\vs{6}Κατίσχυσεν Ιωάθαμ, ὅτι ἡτοίμασεν τὰς ὁδοὺς αὐτοῦ ἐναντίον Κυρίου Θεοῦ αὐτοῦ.
15079	ΕΣΔΡΑΣ 5:13	Αλλ	Ἀλλ	missing_breathing_vowel	\vs{13}Αλλʼ ἐν ἔτει πρώτῳ Κύρου τοῦ βασιλέως, Κύρος ὁ βασιλεὺς ἔθετο γνώμην τὸν οἶκον τοῦ Θεοῦ τοῦτον οἰκοδομηθῆναι·
15301	ΝΕΕΜΙΑΣ 2:14	αῒν	ἀὶν	missing_breathing_vowel	\vs{14}Καὶ παρῆλθον ἐπὶ πύλην τοῦ αῒν, καὶ εἰς κολυμβήθραν τοῦ βασιλέως, καὶ οὐκ ἦν τόπος τῷ κτήνει παρελθεῖν ὑποκάτω μου.
15434	ΝΕΕΜΙΑΣ 7:2	Ανανίᾳ	Ἁνανιά	missing_breathing_vowel	\vs{2}καὶ ἐνετειλάμην τῷ Ἀνανίᾳ ἀδελφῷ μου, καὶ τῷ Ανανίᾳ ἄρχοντι τῆς βιρὰ ἐν Ἱερουσαλὴμ, ὅτι αὐτὸς ὡς ἀνὴρ ἀληθὴς καὶ φοβούμενος τὸν Θεὸν παρὰ πολλούς.
15589	ΝΕΕΜΙΑΣ 9:11	ἔῥῥηξας	ἔρρηξας	double_rho_wrong_pattern	\vs{11}Καὶ τὴν θάλασσαν ἔῥῥηξας ἐνώπιον αὐτῶν, καὶ παρήλθοσαν ἐν μέσῳ τῆς θαλάσσης ἐν ξηρασίᾳ, καὶ τοὺς καταδιώξοντας αὐτοὺς ἔῤῥιψας εἰς βυθὸν, ὡσεὶ λίθον ἐν ὕδατι σφοδρῶ.
15638	ΝΕΕΜΙΑΣ 10:12	Ανὰν	Ἁνὰν	missing_breathing_vowel	\vs{12}Φελία, Ανὰν, Μιχὰ, Ῥοὼβ,
15697	ΝΕΕΜΙΑΣ 11:22	Οζὶ	Οζι	missing_breathing_vowel	\vs{22}Καὶ ἐπίσκοπος Λευιτῶν υἱὸς Βανὶ, υἱὸς Οζὶ, υἱὸς Ἀσαβία, υἱὸς Μιχά· ἀπὸ υἱῶν Ἀσὰφ, τῶν ᾀδόντων ἀπέναντι ἔργου οἴκου τοῦ Θεοῦ·
15747	ΝΕΕΜΙΑΣ 12:36	Ανανὶ	Ἁνανὶ	missing_breathing_vowel	\vs{36}Καὶ ἀδελφοὶ αὐτοῦ, Σαμαΐα, καὶ Ὀζιὴλ, Γελὼλ, Ἰαμὰ, Ἀΐα, Ναθαναὴλ, καὶ Ἰούδα, Ανανὶ, τοῦ αἰνεῖν ἐν ᾠδαῖς Δαυὶδ ἀνθρώπου τοῦ Θεοῦ· καὶ Ἔσδρας ὁ γραμματεὺς ἔμπροσθεν αὐτῶν ἐπὶ πύλης,
15776	ΝΕΕΜΙΑΣ 13:14	ταὐτῇ	ταύτῃ	unexpected_breathing_consonant_initial	\vs{14}Μνήσθητί μου ὁ Θεὸς ἐν ταὐτῇ, καὶ μὴ ἐξαλειφθήτω ἔλεός μου ὃ ἐποίησα ἐν οἴκῳ Κυρίου τοῦ Θεοῦ.
16316	ΙΩΒ 6:30	μουἄδικον		unexpected_breathing_consonant_initial	\vs{30}Οὐ γάρ ἐστιν ἐν γλώσσῃ μουἄδικον, ἢ ὁ λάρυγξ μου οὐχὶ σύνεσιν μελετᾷ.
17739	ΨΑΛΜΟΙ 17:2	Αγαπήσω	Ἀγαπήσω	missing_breathing_vowel	\vs{2}Αγαπήσω σε, Κύριε ἰσχύς μου.
18109	ΨΑΛΜΟΙ 33:16	Οφθαλμοὶ	Ὀφθαλμοί	missing_breathing_vowel	\vs{16}Οφθαλμοὶ Κυρίου ἐπὶ δικαίους, καὶ ὦτα αὐτοῦ εἰς δέησιν αὐτῶν·
18797	ΨΑΛΜΟΙ 67:2	Αναστήτω	Ἀναστήτω	missing_breathing_vowel	\vs{2}Αναστήτω ὁ Θεὸς, καὶ διασκορπισθήτωσαν οἱ ἐχθροὶ αὐτοῦ, καὶ φυγέτωσαν οἱ μισοῦντες αὐτὸν ἀπὸ προσώπου αὐτοῦ.
19233	ΨΑΛΜΟΙ 81:4	Εξέλεσθε	Ἐξέλεσθε	missing_breathing_vowel	\vs{4}Εξέλεσθε πένητα, καὶ πτωχὸν ἐκ χειρὸς ἁμαρτωλοῦ ῥύσασθε.
21760	ΠΑΡΟΙΜΙΑΙ ΣΑΛΩΜΩΝΤΟΣ 25:19	Οδὸς	Ὁδός	missing_breathing_vowel	\vs{19}Οδὸς κακοῦ καὶ ποὺς παρανόμου ὀλεῖται ἐν ἡμέρᾳ κακῇ.
21971	ΕΚΚΛΗΣΙΑΣΤΗΣ 2:4	ποίημἀ	ποίημά	unexpected_breathing_consonant_initial	\vs{4}Ἐμεγάλυνα ποίημἀ μου, ᾠκοδόμησά μοι οἴκους, ἐφύτευσά μοι ἀμπελῶνας,
22636	ΗΣΑΙΑΣ 8:8	Ιουδαίας	Ἰουδαίας	missing_breathing_vowel	\vs{8}καὶ ἀφελεῖ ἀπὸ τῆς Ιουδαίας ἄνθρωπον, ὃς δυνήσεται κεφαλὴν ἆραι, ἢ δυνατὸν συντελέσασθαί τι· καὶ ἔσται ἡ παρεμβολὴ αὐτοῦ ὥστε πληρῶσαι τὸ πλάτος τῆς χώρας σου, μεθʼ ἡμῶν ὁ Θεός.
23209	ΗΣΑΙΑΣ 31:8	Ασσούρ	Ἀσσούρ	missing_breathing_vowel	\vs{8}Καὶ πεσεῖται Ασσούρ· οὐ μάχαιρα ἀνδρὸς, οὐδὲ μάχαιρα ἀνθρώπου καταφάγεται αὐτὸν, καὶ φεύξεται οὐκ ἀπὸ προσώπου μαχαίρας· οἱ δὲ νεανίσκοι ἔσονται εἰς ἥττημα,
23338	ΗΣΑΙΑΣ 37:6	λέγεἱ	λέγει	unexpected_breathing_consonant_initial	\vs{6}Καὶ εἶπεν αὐτοῖς Ἡσαΐας, οὕτως ἐρεῖτε πρὸς τὸν κύριον ὑμῶν, τάδε λέγεἱ Κύριος, μὴ φοβηθῇς ἀπὸ τῶν λόγων ὧν ἤκουσας, οὓς ὠνείδισάν με οἱ πρέσβεις βασιλέως Ἀσσυρίων.
23401	ΗΣΑΙΑΣ 38:19	κᾀγώ	κἀγὼ	crasis_wrong_form	\vs{19}Οἱ ζῶντες εὐλογήσουσί σε ὃν τρόπον κᾀγώ· ἀπὸ γὰρ τῆς σήμερον παιδία ποιήσω, ἅ ἀναγγελοῦσι τὴν δικαιοσύνην σου
23532	ΗΣΑΙΑΣ 43:4	Αφ	Ἀφ	missing_breathing_vowel	\vs{4}Αφʼ οὗ ἔντιμος ἐγένου ἐναντίον ἐμοῦ, ἐδοξάσθης, καὶ ἐγώ σε ἠγάπησα, καὶ δώσω ἀνθρώπους ὑπὲρ σοῦ, καὶ ἄρχοντας ὑπὲρ τῆς κεφαλῆς σου.
25066	ΙΕΡΕΜΙΑΣ 28:15	ουρανὸν	οὐρανὸν	missing_breathing_diphthong	\vs{15}Κύριος ποιῶν γῆν ἐν τῇ ἰσχύϊ αὐτοῦ, ἑτοιμάζων οἰκουμένην ἐν τῇ σοφίᾳ αὐτοῦ, ἐν τῇ συνέσει αὐτοῦ ἐξέτεινε τὸν ουρανὸν,
25573	ΙΕΡΕΜΙΑΣ 42:6	υμῶν	ὑμῶν	missing_breathing_vowel	\vs{6}Καὶ εἶπον, οὐ μὴ πίωμεν οἶνον, ὅτι Ἰωναδὰβ υἱὸς Ῥηχὰβ ὁ πατὴρ ἡμῶν ἐνετείλατο ἡμῖν, λέγων, οὐ μὴ πίητε οἶνον ὑμεῖς καὶ οἱ υἱοὶ υμῶν ἕως αἰῶνος,
25938	ΘΡΗΝΟΙ ΙΕΡΕΜΙΟΥ 1:21	Ακούσατε	Ἀκούσατέ	missing_breathing_vowel	\vs{21}ΧΣΕΝ. Ακούσατε δὴ, ὅτι στενάζω ἐγὼ, οὐκ ἔστιν ὁ παρακαλῶν με· πάντες οἱ ἐχθροί μου ἤκουσαν τὰ κακά μου, καὶ ἐχάρησαν, ὅτι σὺ ἐποίησας· ἐπήγαγες ἡμέραν, ἐκάλεσας καιρὸν, ἐγένοντο ὅμοιοι ἐμοί.
26045	ΘΡΗΝΟΙ ΙΕΡΕΜΙΟΥ 3:44	ἕινεκεν	εἵνεκεν	breathing_wrong_vowel_diphthong	\vs{44}Ἐπεσκέπασας νεφέλην σεαυτῷ ἕινεκεν προσευχῆς,
27164	ΙΕΖΕΚΙΗΛ 29:16	ἀυτῶν	αὐτῶν	breathing_wrong_vowel_diphthong	\vs{16}Καὶ οὐκέτι ἔσονται τῷ οἴκῳ Ἰσραὴλ εἰς ἐλπίδα ἀναμιμνήσκουσαν ἀνομίαν, ἐν τῷ ἀκολουθῆσαι αὐτοὺς ὀπίσω ἀυτῶν, καὶ γνώσονται ὅτι ἐγώ εἰμι Κύριος.
28010	ΔΑΝΙΗΛ 3:12	τᾗ	τῇ	unexpected_breathing_consonant_initial	\vs{12}Εἰσὶν ἄνδρες Ἰουδαῖοι, οὓς κατέστησας ἐπὶ τὰ ἔργα τῆς χώρας Βαβυλῶνος, Σεδρὰχ, Μισὰχ, Ἀβδεναγὼ, οἳ οὐχ ὑπήκουσαν βασιλεῦ τῷ δόγματί σου, τοῖς θεοῖς σου οὐ λατρεύουσι, καὶ τῇ εἰκόνι τῇ χρυσῇ τᾗ ἔστησας οὐ προσκυνοῦσι.
28060	ΔΑΝΙΗΛ 3:49	Αζαρίαν	Ἀζαρίαν	missing_breathing_vowel	\vs{49}Ὁ δὲ ἄγγελος Κυρίου συγκατέβη ἅμα τοῖς περὶ τὸν Αζαρίαν εἰς τὴν κάμινον, καὶ ἐξετίναξε τὴν φλόγα τοῦ πυρὸς ἐκ τῆς καμίνου,
28515	ΩΣΗΕ 3:1	αλλοτρίους	ἀλλοτρίους	missing_breathing_vowel	Καὶ εἶπε, Κύριος πρὸς μὲ, ἔτι πορεύθητι, καὶ ἀγάπησον γυναῖκα ἀγαπῶσαν πονηρὰ, καὶ μοιχαλὶν, καθὼς ἀγαπᾷ ὁ Θεὸς τοὺς υἱοὺς Ἰσραὴλ, καὶ αὐτοὶ ἐπιβλέπουσιν ἐπὶ θεοὺς αλλοτρίους, καὶ φιλοῦσι πέμματα μετὰ σταφίδος.
28844	ΑΜΩΣ 1:1	Αμὼς	Ἁμὼς	missing_breathing_vowel	\lettrine[lines=2, loversize=0.2, nindent=0em, findent=.25em]{\textcolor{bookheadingcolor}{Λ}}{ΟΓΟΙ} Αμὼς οἳ ἐγένοντο ἐν Ἀκκαρεὶμ ἐν Θεκουὲ, οὓς εἶδεν ὑπὲρ Ἱερουσαλὴμ, ἐν ἡμέραις Ὀζίου βασιλέως Ἰούδα, καὶ ἐν ἡμέραις Ἱεροβοὰμ τοῦ Ἰωὰς βασιλέως Ἰσραὴλ, πρὸ δύο ἐτῶν τοῦ σεισμοῦ.
28911	ΑΜΩΣ 4:2	Ομνύει	Ὀμνύει	missing_breathing_vowel	\vs{2}Ομνύει Κύριος κατὰ τῶν ἁγίων αὐτοῦ, διότι ἰδοὺ ἡμέραι ἔρχονται ἐφʼ ὑμᾶς, καὶ λήψονται ὑμᾶς ἐν ὅπλοις, καὶ τοὺς μεθʼ ὑμῶν εἰς λέβητας ὑποκαιομένους ἐμβαλοῦσιν ἔμπυροι λοιμοὶ,
29296	ΜΙΧΑΙΑΣ 7:10	ροῦ		missing_rough_on_rho	\vs{10}καὶ ὄψεται ἡ ἐχθρά μου καὶ περιβαλεῖται αἰσχύνην, ἡ λέγουσα, ροῦ Κύριος ὁ Θεός σου; οἱ ὀφθαλμοί μου ἐπόψονται αὐτὴν, νῦν ἔσται εἰς καταπάτημα ὡς πηλὸς ἐν ταῖς ὁδοῖς.
29784	ΖΑΧΑΡΙΑΣ 8:21	κᾀγώ	κἀγὼ	crasis_wrong_form	\vs{21}καὶ συνελεύσονται κατοικοῦντες πέντε πόλεις εἰς μίαν πόλιν, λέγοντες, πορευθῶμεν δεηθῆναι τοῦ προσώπου Κυρίου, καὶ ἐκζητῆσαι τὸ πρόσωπον Κυρίου παντοκράτορος· πορεύσομαι κᾀγώ·
29883	ΖΑΧΑΡΙΑΣ 13:9	κἀγὼ	κἀγὼ	crasis_wrong_form	\vs{9}Καὶ διάξω τὸ τρίτον διὰ πυρὸς, καὶ πυρώσω αὐτοὺς, ὡς πυροῦται τὸ ἀργύριον, καὶ δοκιμῶ αὐτοὺς, ὡς δοκιμάζεται τὸ χρυσίον· αὐτὸς ἐπικαλέσεται τὸ ὄνομά μου, κἀγὼ ἐπακούσομαι αὐτῷ, καὶ ἐρῶ, λαός μου οὗτός ἐστι· καὶ αὐτὸς ἐρεῖ, Κύριος ὁ Θεός μου.
30250	ΕΣΔΡΑΣ Α 5:20	οι	οἱ	missing_breathing_diphthong	\vs{20}Οἱ Χαδιασαὶ καὶ Ἁμμίδιοι, τετρακόσιοι εἰκοσιδύο· οι ἐκ Κιραμᾶς καὶ Γαββῆς, ἑξακόσιοι εἴκοσι εἷς.
30365	ΕΣΔΡΑΣ Α 6:23	ῷ	ᾧ	missing_breathing_vowel	\vs{23}Τότε ὁ βασιλεὺς Δαρεῖος προσέταξεν ἐπισκέψασθαι ἐν τοῖς βιβλιοφυλακίοις τοῖς κειμένοις ἐν Βαβυλῶνι· καὶ εὑρέθη ἐν Ἐκβατάνοις τῇ βάρει τῇ ἐν Μηδίᾳ χώρᾳ τόπος εἷς, ἐν ῷ ὑπομνημάτιστο τάδε.
30410	ΕΣΔΡΑΣ Α 8:8	Αρταξέρξου	Ἀρταξέρξου	missing_breathing_vowel	\vs{8}Προσπεσόντος δὲ τοῦ γραφέντος προστάγματος παρὰ Αρταξέρξου βασιλέως πρὸς Ἔσδραν τὸν ἱερέα καὶ ἀναγνώστην τοῦ νόμου Κυρίου, οὗ ἐστιν ἀντίγραφον τὸ ὑποκείμενον·
30599	ΤΩΒΙΤ 1:1	Ανανιὴλ	Ἁνανιὴλ	missing_breathing_vowel	\lettrine[lines=2, loversize=0.2, nindent=0em, findent=.25em]{\textcolor{bookheadingcolor}{Β}}{ΙΒΛΟΣ} λόγων Τωβὶτ, τοῦ Τωβιὴλ, τοῦ Ανανιὴλ, τοῦ Ἀδουὴλ, τοῦ Γαβαήλ, ἐκ τοῦ σπέρματος Ἀσιήλ, ἐκ τῆς φυλῆς Νεφθαλί,
31057	ΙΟΥΔΙΘ 5:15	Εσεβωνίτας	Εσεβωνίτας	missing_breathing_vowel	\vs{15}Καὶ ᾤκησαν ἐν γῇ Ἀμοῤῥαίων, καὶ πάντας τοὺς Εσεβωνίτας ἐξωλόθρευσαν ἐν τῇ ἰσχύϊ αὐτῶν· καὶ διαβάντες τὸν Ἰορδάνην ἐκληρονόμησαν πᾶσαν τὴν ὀρεινήν.
31314	ΙΟΥΔΙΘ 13:3	Ιουδὶθ	Ιουδιθ	missing_breathing_vowel	\vs{3}Καὶ εἶπεν Ιουδὶθ τῇ δούλῃ αὐτῆς στῆναι ἔξω τοῦ κοιτῶνος αὐτῆς, καὶ ἐπιτηρεῖν τὴν ἔξοδον αὐτῆς καθάπερ καθʼ ἡμέραν, ἐξελεύσεσθαι γὰρ ἔφη ἐπὶ τὴν προσευχὴν αὐτῆς· καὶ τῷ Βαγώᾳ ἐλάλησε κατὰ τὰ ῥήματα ταῦτα.
32036	ΣΟΦΙΑ ΣΕΙΡΑΧ 1:14	Αρχὴ	Αρχη	missing_breathing_vowel	\vs{14}Αρχὴ σοφίας φοβεῖσθαι τὸν Θεὸν, καὶ μετὰ πιστῶν ἐν μήτρᾳ συνεκτίσθη αὐτοῖς.
32431	ΣΟΦΙΑ ΣΕΙΡΑΧ 13:23	κἂν	κἂν	crasis_wrong_form	\vs{23}Πλούσιος ἐλάλησε καὶ πάντες ἐσίγησαν, καὶ τὸν λόγον αὐτοῦ ἀνύψωσαν ἕως τῶν νεφελῶν· πτωχὸς ἐλάλησε, καὶ εἶπαν, τίς οὗτος; κἂν προσκόψῃ, προσανατρέψουσιν αὐτόν.
32642	ΣΟΦΙΑ ΣΕΙΡΑΧ 20:5	Εστι	Ἐστι	missing_breathing_vowel	\vs{5}Εστι σιωπῶν εὑρισκόμενος σοφὸς, καὶ ἔστι μισητὸς ἀπὸ πολλῆς λαλιᾶς.
32756	ΣΟΦΙΑ ΣΕΙΡΑΧ 23:11	κᾄν	κἂν	crasis_wrong_form	\vs{11}Ἀνὴρ πολύορκος πλησθήσεται ἀνομίας, καὶ οὐκ ἀποστήσεται ἀπὸ τοῦ οἴκου αὐτοῦ μάστιξ· ἐὰν πλημμελήσῃ, ἁμαρτία αὐτοῦ ἐπʼ αὐτῷ, κᾄν ὑπερίδῃ, ἥμαρτε δισσῶς· καὶ εἰ διακενῆς ὤμοσεν, οὐ δικαιωθήσεται, πλησθήσεται γὰρ ἐπαγωγῶν ὁ οἶκος αὐτοῦ.
32874	ΣΟΦΙΑ ΣΕΙΡΑΧ 26:28	Επὶ	Ἐπὶ	missing_breathing_vowel	\vs{28}Επὶ δυσὶ λελύπηται ἡ καρδία μου, καὶ ἐπὶ τῷ τρίτῳ θυμός μοι ἐπῆλθεν· ἀνὴρ πολεμιστὴς ὑστερῶν διʼ ἔνδειαν, καὶ ἄνδρες συνετοὶ ἐὰν σκυβαλισθῶσιν· ἐπανάγων ἀπὸ δικαιοσύνης ἐπὶ ἁμαρτίαν, ὁ Κύριος ἑτοιμάσει εἰς ῥομφαίαν αὐτόν.
33014	ΣΟΦΙΑ ΣΕΙΡΑΧ 30:27	Ακούσατέ	Ἀκούσατέ	missing_breathing_vowel	\vs{27}Ακούσατέ μου μεγιστᾶνες λαοῦ, καὶ οἱ ἡγούμενοι ἐκκλησίας ἐνωτίσασθε.
33015	ΣΟΦΙΑ ΣΕΙΡΑΧ 30:28	Ὑιῷ	Υἱῷ	breathing_wrong_vowel_diphthong	\vs{28}Ὑιῷ καὶ γυναικὶ, ἀδελφῷ καὶ φίλῳ μὴ δῷς ἐξουσίαν ἐπὶ σὲ ἐν ζωῇ σου, καὶ μὴ δῷς ἑτέρῳ τὰ χρήματά σου, ἵνα μὴ μεταμεληθεὶς δέῃ περὶ αὐτῶν.
33131	ΣΟΦΙΑ ΣΕΙΡΑΧ 34:22	αρρώστημα	ἀρρώστημα	double_rho_no_breathing	\vs{22}Ἄκουσόν μου τέκνον καὶ μὴ ἐξουδενώσῃς με, καὶ ἐπʼ ἐσχάτῳ εὑρήσεις τοὺς λόγους μου· ἐν πᾶσι τοῖς ἔργοις σου γίνου ἐντρεχὴς, καὶ πᾶν αρρώστημα οὐ μή σοι ἀπαντήσῃ.
33131	ΣΟΦΙΑ ΣΕΙΡΑΧ 34:22	αρρώστημα	ἀρρώστημα	missing_breathing_vowel	\vs{22}Ἄκουσόν μου τέκνον καὶ μὴ ἐξουδενώσῃς με, καὶ ἐπʼ ἐσχάτῳ εὑρήσεις τοὺς λόγους μου· ἐν πᾶσι τοῖς ἔργοις σου γίνου ἐντρεχὴς, καὶ πᾶν αρρώστημα οὐ μή σοι ἀπαντήσῃ.
33214	ΣΟΦΙΑ ΣΕΙΡΑΧ 37:1	κᾷγώ	κἀγὼ	crasis_missing_breathing	Πὰς φίλος ἐρεῖ, ἐφιλίασα αὐτῷ κᾷγώ· ἀλλʼ ἔστι φίλος ὀνόματι μόνον φίλος.
33580	ΣΟΦΙΑ ΣΕΙΡΑΧ 47:11	ἀυτοῦ	αὐτοῦ	breathing_wrong_vowel_diphthong	\vs{11}Κύριος ἀφεῖλε τὰς ἁμαρτίας ἀυτοῦ, καὶ ἀνύψωσεν εἰς αἰῶνα τὸ κέρας αὐτοῦ, καὶ ἔδωκεν αὐτῷ διαθήκην βασιλέων καὶ θρόνον δόξης ἐν τῷ Ἰσραήλ.
33930	ΕΠΙΣΤΟΛΗ ΙΕΡΕΜΙΟΥ 1:1	αντιγραφον	ἀντίγραφον	missing_breathing_vowel	\lettrine[lines=2, loversize=0.2, nindent=0em, findent=.25em]{\textcolor{bookheadingcolor}{Α}}{ΝΤΙΓΡΑΦΟΝ} ἐπιστολῆς ἧς ἀπέστειλεν Ἱερεμίας πρὸς τοὺς ἀχθησομένους αἰχμαλώτους εἰς Βαβυλῶνα ὑπὸ τοῦ βασιλέως τῶν Βαβυλωνίων, ἀναγγεῖλαι αὐτοῖς καθότι ἐπετάγη αὐτῷ ὑπὸ τοῦ Θεοῦ.
35201	ΜΑΚΚΑΒΑΙΩΝ Α 13:1	ρίψαι	ῥίψαι	missing_rough_on_rho	Καὶ ἤκουσε Σίμων ὅτι συνήγαγε Τρύφων δύναμιν πολλὴν τοῦ ἐλθεῖν εἰς γῆν Ἰούδα, καὶ ἐκ ρίψαι αὐτήν.
35375	ΜΑΚΚΑΒΑΙΩΝ Α 15:25	Αντιόχος	Ἀντίοχος	missing_breathing_vowel	\vs{25}Αντιόχος δὲ ὁ βασιλεὺς παρενέβαλεν ἐπὶ Δωρᾶ ἐν τῇ δευτέρᾳ, προσάγων διαπαντὸς αὐτῇ τὰς χεῖρας, καὶ μηχανὰς ποιούμενος, καὶ συνέκλεισε τὸν Τρύφωνα τοῦ μὴ εἰσπορεύεσθαι καὶ ἐκπορεύεσθαι.
35451	ΜΑΚΚΑΒΑΙΩΝ Β 1:7	Ιουδαῖοι	Ἰουδαῖοι	missing_breathing_vowel	\vs{7}Βασιλεύοντος Δημητρίου ἔτους ἑκατοστοῦ ἑξηκοστοῦ ἐννάτου, ἡμεῖς ὁ Ιουδαῖοι γεγραφήκαμεν ὑμῖν ἐν τῇ θλίψει, καὶ ἐν τῇ ἀκμῇ τῇ ἐπελθούσῃ ἡμῖν ἐν τοῖς ἔτεσι τούτοις, ἀφʼ οὗ ἀπέστη Ἰάσων καὶ οἱ μετʼ αὐτοῦ ἀπὸ τῆς ἁγίας γῆς, καὶ τῆς βασιλείας·
35462	ΜΑΚΚΑΒΑΙΩΝ Β 1:15	κᾀκείνου	κἀκείνου	unexpected_breathing_consonant_initial	\vs{15}Καὶ προθέντων αὐτὰ τῶν ἱερέων τῆς Ναναίας, κᾀκείνου προσελθόντος μετʼ ὀλίγων εἰς τὸν περίβολον τοῦ τεμένους, συγκλείσαντες τὸ ἱερὸν, ὡς εἰσῆλθεν Ἀντίοχος,
36188	ΜΑΚΚΑΒΑΙΩΝ Β 15:5	κᾀγώ	κἀγὼ	crasis_wrong_form	\vs{5}Ὁ δὲ ἕτερος, κᾀγώ φησι, δυνάστης ἐπὶ τῆς γῆς ὁ προστάσσων αἴρειν ὅπλα, καὶ τὰς βασιλικὰς χρείας ἐπιτελεῖν· ὅμως οὐ κατέσχεν ἐπιτελέσαι τό σχέτλιον αὐτοῦ βούλημα.
36258	ΜΑΚΚΑΒΑΙΩΝ Γ 1:12	οὺ	οὗ	missing_breathing_diphthong	\vs{12}Τοῦ τε νόμου παραναγνωσθέντος, οὐδαμῶς ἀπέλιπε προφερόμενος ἑαυτὸν, δεῖν εἰσελθεῖν, λέγων, καὶ εἰ ἐκεῖνοι ἐστέρηνται ταύτης τῆς τιμῆς, ἐμὲ οὺ δεῖ.
36395	ΜΑΚΚΑΒΑΙΩΝ Γ 4:15	επὶ	ἐπὶ	missing_breathing_vowel	\vs{15}Ἐγίνετο μὲν οὖν ἡ τούτων ἀπογραφὴ μετὰ πικρᾶς σπουδῆς καὶ φιλοτίμου προσεδρίας ἀπὸ ἀνατολῶν ἡλίου μέχρι δυσμῶν, ἀνήνυτον λαμβάνουσα τὸ τέλος επὶ ἡμέρας τεσσαράκοντα.
36548	ΜΑΚΚΑΒΑΙΩΝ Γ 7:12	τἀληθὲς	τἀληθὲς	crasis_wrong_form	\vs{12}Ὁ δὲ τἀληθὲς αὐτοὺς λέγειν παραδεξάμενος καὶ συναινέσας, ἔδωκεν αὐτοῖς ἄδειαν πάντων, ὅπως τοὺς παραβεβηκότας τοῦ Θεοῦ τὸν νόμον ἐξολοθρεύσωσι κατὰ πάντα τὸν ὑπὸ τὴν βασιλείαν αὐτοῦ τόπον μετὰ παῤῥησίας ἄνευ πάσης βασιλικῆς ἐξουσίας ἢ ἐπισκέψεως.
36652	ΜΑΚΚΑΒΑΙΩΝ Δ 3:4	κακοηθείᾀ	κακοηθείᾳ	unexpected_breathing_consonant_initial	\vs{4}Κακοήθειάν τις ὑμῶν οὐ δύναται ἐκκόψαι, ἀλλὰ τὸ μὴ καμφθῆναι τῇ κακοηθείᾀ δυνατὸν ὁ λογισμὸς συμμαχῆσαι.
36730	ΜΑΚΚΑΒΑΙΩΝ Δ 5:16	Αντίοχε	Ἀντίοχε	missing_breathing_vowel	\vs{16}ἡμεῖς, Αντίοχε, θείῳ πεπεισμένοι νόμῳ πολιτεύεσθαι, οὐδεμίαν ἀνάγκην βιαιοτέραν εἶναι νομίζομεν τῆς πρὸς τὸν νόμον ἡμῶν εὐπειθείας.
36967	ΜΑΚΚΑΒΑΙΩΝ Δ 11:22	κἀγὼ	κἀγὼ	crasis_wrong_form	\vs{22}Καλοκᾳγαθίᾳ καθωπλισμένος τεθνήξομαι κἀγὼ μετὰ τῶν ἀδελφῶν μοῦ.
36990	ΜΑΚΚΑΒΑΙΩΝ Δ 12:12	αιῶνα	αἰῶνα	missing_breathing_diphthong	\vs{12}Ἀνθ ὧν ταμιεύεταί σε ἡ θεία δίκη πυκνοτέρῳ καὶ αἰωνίῳ πυρὶ καὶ βασάνοις, αἳ εἰς ὅλον τὸν αιῶνα οὐκ ἀνήσουσίν σε.
37023	ΜΑΚΚΑΒΑΙΩΝ Δ 13:17	Αβραὰμ	Ἀβραὰμ	missing_breathing_vowel	\vs{17}Οὕτως παθόντας ἡμᾶς Αβραὰμ καὶ Ἰακὼβ ὑποδέξονται, καὶ πάντες οἱ πατέρες ἐπαινέσουσιν.
37130	ΜΑΚΚΑΒΑΙΩΝ Δ 16:16	εφ	ἐφ	missing_breathing_vowel	\vs{16}Ὦ παῖδες, γενναῖος ὁ ἀγών· εφ ὃν κληθέντες ὑπὲρ τῆς διαμαρτυρίας τοῦ ἔθνους, ἐναγωνίσασθε προθύμως ὑπὲρ τοῦ πατρίου νόμου.
37192	ΜΑΚΚΑΒΑΙΩΝ Δ 18:12	Ανανίαν	Ἁνανίαν	missing_breathing_vowel	\vs{12}Ἔλεγεν δὲ ἡμῖν τὸν ζηλωτὴν Φινεές· ἐδίδασκεν δὲ ὑμᾶς τοὺς ἐν πυρὶ Ανανίαν, καὶ Ἀζαρίαν, καὶ Μισαήλ.
37214	ΠΡΟΣΕΥΧΗ ΜΑΝΑΣΣΗ ΥΙΟΥ ΕΖΕΚΙΟΥ 1:1	Αβραὰμ	Ἀβραὰμ	missing_breathing_vowel	\lettrine[lines=2, loversize=0.2, nindent=0em, findent=.25em]{\textcolor{bookheadingcolor}{Κ}}{ΥΡΙΕ} παντοκράτωρ, ὁ Θεὸς τῶν πατέρων ἡμῶν τοῦʼ Αβραὰμ καὶ Ἰσαὰκ καὶ Ἰακὼβ καὶ τοῦ σπέρματος αὐτῶν τοῦ δικαίου.
