Verse Reference	Line Number	Brenton Word	Rahlfs Word	Error Type	Context	Full Line
ΓΕΝΕΣΙΣ 49:12	1751	οἶνον	οἴνου	single_char	-ον → -ου	\vs{12}Χαροποιοὶ οἱ ὀφθαλμοὶ αὐτοῦ ὑπὲρ οἶνον· καὶ λευκοὶ οἱ ὀδόντες αὐτοῦ ἢ γάλα.
ΕΞΟΔΟΣ 7:5	1984	μέσον	μέσου	single_char	-ον → -ου	\vs{5}Καὶ γνώσονται πάντες οἱ Αἰγύπτιοι ὅτι ἐγώ εἰμι Κύριος, ἐκτείνων τὴν χεῖρά μου ἐπʼ Αἴγυπτον, καὶ ἐξάξω τοὺς υἱοὺς Ἰσραὴλ ἐκ μέσον αὐτῶν.
ΕΞΟΔΟΣ 10:21	2102	γῆς	γῆν	single_char	-ης → -ην	\vs{21}Εἶπε δὲ Κύριος πρὸς Μωυσῆν, ἔκτεινον τὴν χεῖρά σου εἰς τὸν οὐρανὸν, καὶ γενηθήτω σκότος ἐπὶ γῆς Αἰγύπτου, ψηλαφητὸν σκότος.
ΕΞΟΔΟΣ 22:7	2468	αὐτὸν	αὐτὸς	single_char	-ον → -ος	\vs{7}Ἐὰν δὲ μὴ εὑρεθῇ ὁ κλέψας, προσελεύσεται ὁ κύριος τῆς οἰκίας ἐνώπιον τοῦ Θεοῦ, καὶ ὀμεῖται ἦ μὴν μὴ αὐτὸν πεπονηρεῦσθαι ἐφʼ ὅλης τῆς παρακαταθήκης τοῦ πλησίον,
ΕΞΟΔΟΣ 28:29	2687	μνημόσυνου	μνημόσυνον	single_char	-ου → -ον	\vs{29}Καὶ λήψεται Ἀαρὼν τὰ ὀνόματα τῶν υἱῶν Ἰσραὴλ ἐπὶ τοῦ λογείου τῆς κρίσεως ἐπὶ τοῦ στήθους, εἰσιόντι εἰς τὸ ἅγιον μνημόσυνου ἐναντίον τοῦ Θεοῦ.
ΕΞΟΔΟΣ 28:29	2688	λογεῖον	λογείου	single_char	-ον → -ου	\vs{29a}Καὶ θήσεις ἐπὶ τὸ λογεῖον τῆς κρίσεως τοὺς κρωσσούς· τὰ ἁλυσιδωτὰ ἐπʼ ἀμφοτέρων τῶν κλιτῶν τοῦ λογείου ἐπιθήσεις. Καὶ τὰς δύο ἀσπιδίσκας ἐπιθήσεις ἐπʼ ἀμφοτέρους τοὺς ὤμους τῆς ἐπωμίδος κατὰ πρόσωπον.
ΕΞΟΔΟΣ 32:17	2838	τῆς	τὴν	single_char	-ης → -ην	\vs{17}καὶ ἀκούσας Ἰησοῦς τῆς φωνῆς τοῦ λαοῦ κραζόντων, λέγει πρὸς Μωυσὴν, Φωνὴ πολέμου ἐν τῇ παρεμβολῇ.
ΕΞΟΔΟΣ 32:17	2838	φωνῆς	φωνὴν	single_char	-ης → -ην	\vs{17}καὶ ἀκούσας Ἰησοῦς τῆς φωνῆς τοῦ λαοῦ κραζόντων, λέγει πρὸς Μωυσὴν, Φωνὴ πολέμου ἐν τῇ παρεμβολῇ.
ΕΞΟΔΟΣ 39:12	3071	αὐτοῖς	αὐταῖς	sequence	οι → αι	\vs{12}Τὸ δὲ λοιπὸν χρυσίον τοῦ ἀφαιρέματος ἐποίησαν σκεύη εἰς τὸ λειτουργεῖν ἐν αὐτοῖς ἔναντι Κυρίου·
ΕΞΟΔΟΣ 40:19	3103	αὐτὴν	αὐτῆς	single_char	-ην → -ης	\vs{19}Καὶ ἐξέτεινε τὰς αὐλαίας ἐπὶ τὴν σκηνὴν, καὶ ἐπέθηκε τὸ κατακάλυμμα τῆς σκηνῆς ἐπʼ αὐτὴν ἄνωθεν, καθὰ συνέταξε Κύριος τῷ Μωυσῇ.
ΛΕΥΙΤΙΚΟΝ 13:46	3529	αὐτὸν	αὐτοῦ	single_char	-ον → -ου	\vs{46}Πάσας τὰς ἡμέρας, ὅσας ἐὰν ᾖ ἐπʼ αὐτὸν ἡ ἁφὴ, ἀκάθαρτος ὢν ἀκάθαρτος ἔσται· κεχωρισμένος καθήσεται, ἔξω τῆς παρεμβολῆς αὐτοῦ ἔσται ἡ διατριβή.
ΛΕΥΙΤΙΚΟΝ 14:9	3555	τὴς	τὴν	single_char	-ης → -ην	\vs{9}Καὶ ἔσται τῇ ἡμέρᾳ τῇ ἑβδόμῃ, ξυρηθήσεται πᾶσαν τὴν τρίχα αὐτοῦ, τὴν κεφαλὴν αὐτοῦ, καὶ τὸν πώγωνα, καὶ τὰς ὀφρῦς, καὶ πᾶσαν τὴς τρίχα αὐτοῦ ξυρηθήσεται· καὶ πλυνεῖ τὰ ἱμάτια, καὶ λούσεται τὸ σῶμα αὐτοῦ ὕδατι, καὶ καθαρὸς ἔσται.
ΛΕΥΙΤΙΚΟΝ 15:26	3636	ἧς	ἣν	single_char	-ης → -ην	\vs{26}Καὶ πᾶσα κοίτη ἐφʼ ἧς ἂν κοιμηθῇ ἐπʼ αὐτῆς πάσας τὰς ἡμέρας τῆς ῥύσεως, κατὰ τὴν κοίτην τῆς ἀφέδρου, ἔσται αὐτῇ· καὶ πᾶν σκεῦος ἐφʼ ὃ ἂν καθίσῃ ἐπʼ αὐτὸ, ἀκάθαρτον ἔσται κατὰ τὴν ἀκαθαρσίαν τῆς ἀφέδρου.
ΑΡΙΘΜΟΙ 2:17	4198	ἡγεμονίας	ἡγεμονίαν	single_char	-ας → -αν	\vs{17}Καὶ ἀρθήσεται ἡ σκηνὴ τοῦ μαρτυρίου, καὶ ἡ παρεμβολὴ τῶν Λευιτῶν μέσον τῶν παρεμβολῶν· ὡς καὶ παρεμβαλοῦσιν, οὕτω καὶ ἐξαροῦσιν ἕκαστος ἐχόμενος καθʼ ἡγεμονίας.
ΑΡΙΘΜΟΙ 7:88	4516	ἐνιαύσιοι	ἐνιαύσιαι	sequence	οι → αι	\vs{88}Πᾶσαι αἱ βόες εἰς θυσίαν σωτηρίου, δαμάλεις εἰκοσιτέσσαρες, κριοὶ ἑξήκοντα, τράγοι ἑξήκοντα ἐνιαύσιαι, ἀμνάδες ἑξήκοντα ἐνιαύσιοι ἄμωμοι· αὕτη ἡ ἐγκαίνωσις τοῦ θυσιαστηρίου, μετὰ τὸ πληρῶσαι τὰς χεῖρας αὐτοῦ, καὶ μετὰ τὸ χρίσαι αὐτόν.
ΑΡΙΘΜΟΙ 8:15	4538	μαρτυρίον	μαρτυρίου	single_char	-ον → -ου	\vs{15}Καὶ μετὰ ταῦτα εἰσελεύσονται οἱ Λευῖται ἐργάζεσθαι τὰ ἔργα τῆς σκηνῆς τοῦ μαρτυρίον· καὶ καθαριεῖς αὐτοὺς, καὶ ἀποδώσεις αὐτοὺς ἔναντι Κυρίου.
ΑΡΙΘΜΟΙ 9:10	4564	ὃν	ὃς	single_char	-ον → -ος	\vs{10}λάλησον τοῖς υἱοῖς Ἰσραὴλ, λέγων, ἄνθρωπος ἄνθρωπος, ὃν ἐὰν γένηται ἀκάθαρτος ἐπὶ ψυχῇ, ἀνθρώπου, ἢ ἐν ὁδῷ μακρὰν ὑμῖν, ἢ ἐν ταῖς γενεαῖς ὑμῶν, καὶ ποιήσει τὸ πάσχα Κυρίῳ ἐν τῷ μηνὶ τῷ δευτέρῳ ἐν τῇ τεσσαρεσκαιδεκάτῃ ἡμέρᾳ·
ΑΡΙΘΜΟΙ 11:16	4642	Μωυσῆς	μωυσῆν	single_char	-ης → -ην	\vs{16}Καὶ εἶπε Κύριος πρὸς Μωυσῆς, συνάγαγέ μοι ἑβδομήκοντα ἄνδρας ἀπὸ τῶν πρεσβυτέρων Ἰσραήλ, οὓς αὐτὸς σὺ οἶδας, ὅτι οὗτοί εἰσι πρεσβύτεροι τοῦ λαοῦ καὶ γραμματεῖς αὐτῶς· καὶ ἄξεις αὐτοὺς πρὸς τὴν σκηνὴν τοῦ μαρτυρίου, καὶ στήσονται ἐκεῖ μετὰ σοῦ.
ΑΡΙΘΜΟΙ 13:32	4720	γῆς	γῆν	single_char	-ης → -ην	\vs{32}Καὶ ἐξήνεγκαν ἔκστασιν τῆς γῆς ἣν κατεσκέψαντο αὐτὴν πρὸς τοὺς υἱοὺς Ἰσραὴλ, λέγοντες, τὴν γῆς ἣν παρήλθομεν αὐτὴν κατασκέψασθαι, γῆ κατέσθουσα τοὺς κατοικοῦντας ἐπʼ αὐτῆς ἐστι· καὶ πᾶς ὁ λαὸς ὃν ἑωράκαμεν ἐν αὐτῇ, ἄνδρες ὑπερμήκεις.
ΑΡΙΘΜΟΙ 16:13	4843	γῆν	γῆς	single_char	-ην → -ης	\vs{13}Μὴ μικρὸν τοῦτο, ὅτι ἀνήγαγες ἡμᾶς εἰς γῆν ῥέουσαν γάλα καὶ μέλι, ἀποκτεῖναι ἡμᾶς ἐν τῇ ἐρήμῳ, ὅτι κατάρχεις ἡμῶν;
ΔΕΥΤΕΡΟΝΟΜΙΟΝ 2:25	5770	προσώπου	πρόσωπον	single_char	-ου → -ον	\vs{25}Ἐνάρχου δοῦναι τὸν τρόμον σου καὶ τὸν φόβον σου ἐπὶ προσώπου πάντων τῶν ἐθνῶν τῶν ὑποκάτω τοῦ οὐρανοῦ, οἵτινες ἀκούσαντες τὸ ὄνομά σου ταραχθήσονται, καὶ ὠδῖνας ἕξουσιν ἀπὸ προσώπου σου.
ΔΕΥΤΕΡΟΝΟΜΙΟΝ 5:33	5921	ἣν	ἧς	single_char	-ην → -ης	\vs{33}κατὰ πᾶσαν τὴν ὁδὸν, ἣν ἐνετείλατό σοι Κύριος ὁ Θεός σου πορεύεσθαι ἐν αὐτῇ, ὅπως καταπαύσῃ σε, καὶ εὖ σοι ἠ·, καὶ μακροημερεύσητε ἐπὶ τῆς γῆς ἣν κληρονομήσετε.
ΔΕΥΤΕΡΟΝΟΜΙΟΝ 6:4	5928	γῆν	γῆς	single_char	-ην → -ης	\vs{4}καὶ ταῦτα τὰ δικαιώματα καὶ τὰ κρίματα, ὅσα ἐνετείλατο Κύριος τοῖς υἱοῖς Ἰσραὴλ ἐν τῇ ἐρήμῳ, ἐξελθόντων αὐτῶν ἐκ γῆν Αἰγύπτου. Ἄκουε Ἰσραὴλ, Κύριος ὁ Θεὸς ἡμῶν, Κύριος εἷς ἐστι.
ΔΕΥΤΕΡΟΝΟΜΙΟΝ 11:28	6108	κατάραν	κατάρας	single_char	-αν → -ας	\vs{28}καὶ τὴν κατάραν, ἐὰν μὴ ἀκούσητε τὰς ἐντολὰς Κυρίου τοῦ Θεοῦ ὑμῶν, ὅσα ἐγὼ ἐντέλλομαι ὑμῖν σήμερον, καὶ πλανηθῆτε ἀπὸ τῆς ὁδοῦ ἧς ἐνετειλάμην ὑμῖν, πορευθέντες λατρεύειν θεοῖς ἑτέροις, οὓς οὐκ οἴδατε.
ΔΕΥΤΕΡΟΝΟΜΙΟΝ 15:19	6233	ταῖς	τοῖς	sequence	αι → οι	\vs{19}Πᾶν πρωτότοκον ὃ ἐὰν τεχθῇ ἐν ταῖς βουσί σου, καὶ ἐν τοῖς προβάτοις σου, τὰ ἀρσενικὰ ἁγιάσεις Κυρίῳ τῷ Θεῷ σου· οὐκ ἐργᾷ ἐν τῷ πρωτοτόκῳ μόσχῳ σου, καὶ οὐ μὴ κείρῃς τὰ πρωτότοκα τῶν προβάτων σου.
ΔΕΥΤΕΡΟΝΟΜΙΟΝ 17:14	6288	αὐτὴν	αὐτῆς	single_char	-ην → -ης	\vs{14}Ἐὰν δὲ εἰσέλθῃς εἰς τὴν γῆν ἣν Κύριος ὁ Θεός σου δίδωσί σοι, καὶ κληρονομήσῃς αὐτὴν, καὶ κατοικήσῃς ἐπʼ αὐτὴν, καὶ εἴπῃς, καταστήσω ἐπʼ ἐμαυτὸν ἄρχοντα, καθὰ καὶ τὰ λοιπὰ ἔθνη τὰ κύκλῳ μου·
ΔΕΥΤΕΡΟΝΟΜΙΟΝ 23:11	6454	τῆν	τῆς	single_char	-ην → -ης	\vs{11}Ἐὰν ἠ· ἐν σοὶ ἄνθρωπος ὃς οὐκ ἔσται καθαρὸς ἐκ ῥύσεως αὐτοῦ νυκτὸς, καὶ ἐξελεύσεται ἔξω τῆν παρεμβολῆς, καὶ οὐκ εἰσελεύσεται εἰς τὴν παρεμβολήν.
ΔΕΥΤΕΡΟΝΟΜΙΟΝ 32:24	6794	γῆν	γῆς	single_char	-ην → -ης	\vs{24}Τηκόμενοι λιμῷ καὶ βρώσει ὀρνέων, καὶ ὀπισθότονος ἀνίατος· ὀδόντας θηρίων ἐπαποστελῶ εἰς αὐτοὺς, μετὰ θυμοῦ συρόντων ἐπὶ γῆν.
ΙΗΣΟΥΣ ΝΑΥΗ 6:2	7012	ἰδον	ἰδοὺ	single_char	-ον → -ου	\vs{2}Καὶ εἶπε Κύριος πρὸς Ἰησοῦν, ἰδον ἐγὼ παραδίδωμι ὑποχείριόν σοι τὴν Ἱεριχὼ, καὶ τὸν βασιλέα αὐτῆς τὸν ἐν αὐτῇ, δυνατοὺς ὄντας ἐν ἰσχύϊ.
ΙΗΣΟΥΣ ΝΑΥΗ 15:17	7354	ἀδελφοῦ	ἀδελφὸς	single_char	-ου → -ος	\vs{17}Καὶ ἔλαβεν αὐτὴν Γοθονιὴλ υἱὸς Χενὲζ ἀδελφοῦ Χάλεβ· καὶ ἔδωκεν αὐτῷ τὴν Ἀσχὰν θυγατέρα αὐτοῦ γυναῖκα.
ΙΗΣΟΥΣ ΝΑΥΗ 18:16	7467	νῶτον	νώτου	single_char	-ον → -ου	\vs{16}Καὶ καταβήσεται τὰ ὅρια ἐπὶ μέρους, τοῦτό ἐστι κατὰ πρόσωπον νάπης Σοννὰμ, ὅ ἐστιν ἐκ μέρους Ἐμὲκ Ῥαφαῒν ἀπὸ Βοῤῥᾶ, καὶ καταβήσεται Γαίεννα ἐπὶ νῶτον Ἰεβουσαὶ ἀπὸ Λιβός· καταβήσεται ἐπὶ πηγὴν Ῥωγήλ·
ΙΗΣΟΥΣ ΝΑΥΗ 18:17	7468	ἀνάβασις	ἀνάβασιν	single_char	-ις → -ιν	\vs{17}Καὶ διελεύσεται ἐπὶ πηγὴν Βαιθσαμύς· καὶ παρελεύσεται ἐπὶ Γαλιλὼθ, ἥ ἐστιν ἀπέναντι πρὸς ἀνάβασις Αἰθαμίν· καὶ καταβήσεται ἐπὶ λίθον Βαιὼν υἱῶν Ῥουβήν·
ΙΗΣΟΥΣ ΝΑΥΗ 21:42	7612	τὴν	τῆς	single_char	-ην → -ης	\vs{42a}καὶ συνετέλεσεν Ἰησοῦς διαμερίσας τὴν γῆν ἐν τοῖς ὁρίοις αὐτῶν·
ΙΗΣΟΥΣ ΝΑΥΗ 21:42	7612	τοῖς	ταῖς	sequence	οι → αι	\vs{42a}καὶ συνετέλεσεν Ἰησοῦς διαμερίσας τὴν γῆν ἐν τοῖς ὁρίοις αὐτῶν·
ΚΡΙΤΑΙ 6:5	7943	ταῖς	τοῖς	sequence	αι → οι	\vs{5}Ὅτι αὐτοὶ καὶ αἱ κτήσεις αὐτῶν ἀνέβαινον, καὶ αἱ σκηναὶ αὐτῶν παρεγίνοντο, καθὼς ἀκρὶς εἰς πλῆθος, καὶ αὐτοῖς καὶ ταῖς καμήλοις αὐτῶν οὐκ ἦν ἀριθμός· καὶ ἤρχοντο εἰς τὴν γῆν Ἰσραὴλ, καὶ διέφθειρον αὐτήν.
ΚΡΙΤΑΙ 7:4	7993	πᾶς	πᾶν	single_char	-ας → -αν	\vs{4}Καὶ εἶπε Κύριος πρὸς Γεδεὼν, ἔτι ὁ λαὸς πολύς ἐστι· κατένεγκον αὐτοὺς πρὸς τὸ ὕδωρ, καὶ ἐκκαθαρῶ σοι αὐτὸν ἐκεῖ· καὶ ἔσται ὃν ἐὰν εἴπω πρὸς σὲ, οὗτος πορεύσεται σὺν σοὶ, αὐτὸς πορεύσεται σὺν σοί· καὶ πᾶς ὃν ἂν εἴπω πρὸς σὲ, οὗτος οὐ πορεύσεται μετὰ σοῦ, αὐτὸς οὐ πορεύσεται μετὰ σοῦ.
ΚΡΙΤΑΙ 9:53	8131	ἐπιμύλιον	ἐπιμυλίου	single_char	-ον → -ου	\vs{53}Καὶ ἔῤῥιψε γυνὴ μία κλάσμα ἐπιμύλιον ἐπὶ κεφαλὴν Ἀβιμέλεχ, καὶ ἔκλασε τὸ κρανίον αὐτοῦ.
ΒΑΣΙΛΕΙΩΝ Α 2:36	8773	σον	σου	single_char	-ον → -ου	\vs{36}Καὶ ἔσται ὁ περισσεύων ἐν οἴκῳ σον, ἥξει προσκυνεῖν αὐτῷ ὀβολοῦ ἀργυρίου, λέγων, παράῤῥιψόν με ἐπὶ μίαν τῶν ἱερατειῶν σου φαγεῖν ἄρτον.
ΒΑΣΙΛΕΙΩΝ Α 3:20	8799	Σαμονὴλ	σαμουηλ	single_char	-ονηλ → -ουηλ	\vs{20}Καὶ ἔγνωσαν πᾶς Ἰσραὴλ ἀπὸ Δὰν καὶ ἕως Βηρσαβεὲ, ὅτι πιστὸς Σαμονὴλ εἰς προφήτην τῷ Κυρίῳ.
ΒΑΣΙΛΕΙΩΝ Α 10:11	8978	τρίτης	τρίτην	single_char	-ης → -ην	\vs{11}Καὶ ἐγενήθησαν πάντες οἱ εἰδότες αὐτὸν ἐχθὲς καὶ τρίτης, καὶ εἶδον, καὶ ἰδοὺ αὐτὸς ἐν μέσῳ τῶν προφητῶν· καὶ εἶπεν ὁ λαὸς ἕκαστος πρὸς τὸν πλησίον αὐτοῦ, τί τοῦτο τὸ γεγονὸς τῷ υἱῷ Κίς; ἢ καὶ Σαοὺλ ἐν προφήταις;
ΒΑΣΙΛΕΙΩΝ Α 12:9	9035	Ἰαβὶς	ιαβιν	single_char	-ις → -ιν	\vs{9}Καὶ ἐπελάθοντο Κυρίου τοῦ Θεοῦ αὐτῶν, καὶ ἀπέδοτο αὐτοὺς εἰς χεῖρας Σισαρά ἀρχιστρατήγῳ Ἰαβὶς βασιλέως ʼΑσὼρ, καὶ εἰς χεῖρας ἀλλοφύλων, καὶ εἰς χεῖρας βασιλέως Μωὰβ, καὶ ἐπολέμησεν ἐν αὐτοῖς.
ΒΑΣΙΛΕΙΩΝ Α 14:7	9095	σον	σοῦ	single_char	-ον → -ου	\vs{7}Καὶ εἶπεν αὐτῷ ὁ αἴρων τὰ σκεύη αὐτοῦ, ποίει πᾶν ὃ ἐὰν ἡ καρδία σου ἐκκλίνῃ· ἰδοὺ ἐγὼ μετὰ σοῦ, ὡς ἡ καρδία σον καρδία μοῦ.
ΒΑΣΙΛΕΙΩΝ Α 20:42	9378	σον	σου	single_char	-ον → -ου	\vs{42}Καὶ εἶπεν Ἰωνάθαν τῷ Δαυὶδ, πορεύου εἰς εἰρήνην, καὶ ὡς ὀμωμόκαμεν ἡμεῖς ἀμφότεροι ἐν ὀνόματι Κυρίου, λέγοντες, Κύριος ἔσται μάρτυς ἀνὰμέσον ἐμοῦ καὶ σοῦ, καὶ ἀνὰμέσον τοῦ σηέρματός μου καὶ ἀναμέσον τοῦ σπέρματός σον ἕως αἰῶνος·
ΒΑΣΙΛΕΙΩΝ Α 30:22	9682	τὴς	τὴν	single_char	-ης → -ην	\vs{22}Καὶ ἀπεκρίθη πᾶς ἀνὴρ λοιμὸς καὶ πονηρὸς τῶν ἀνδρῶν τῶν πολεμιστῶν τῶν πορευθέντων μετὰ Δαυὶδ, καὶ εἶπον, ὅτι οὐ κατεδίωξαν μεθʼ ἡμῶν, οὐ δώσομεν αὐτοῖς ἐκ τῶν σκύλων ὧν ἐξειλόμεθα, ὅτι ἀλλʼ ἢ ἕκαστος τὴς γυναῖκα αὐτοῦ, καὶ τὰ τέκνα αὐτοῦ ἀπαγέσθωσαν, καὶ ἀποστρεφέτωσαν.
ΒΑΣΙΛΕΙΩΝ Β 7:28	9961	ἀληθιναὶ	ἀληθινοί	sequence	αι → οι	\vs{28}Καὶ νῦν, Κύριέ μου Κύριε, σὺ εἶ Θεὸς, καὶ οἱ λόγοι σου ἔσονται ἀληθιναὶ, καὶ ἐλάλησας ὑπὲρ τοῦ δούλου σου τὰ ἀγαθὰ ταῦτα.
ΒΑΣΙΛΕΙΩΝ Β 14:17	10182	θυσίας	θυσίαν	single_char	-ας → -αν	\vs{17}Καὶ εἶπεν ἡ γυνή, εἰ ἤδη ὁ λόγος τοῦ κυρίου μου τοῦ βασιλέως εἰς θυσίας· ὅτι καθὼς ἄγγελος Θεοῦ, οὕτως ὁ κύριός μου ὁ βασιλεὺς, τοῦ ἀκούειν τὸ ἀγαθὸν καὶ τὸ πονηρόν· καὶ Κύριος ὁ Θεός σου ἔσται μετὰ σοῦ.
ΒΑΣΙΛΕΙΩΝ Β 15:34	10249	βουλὴς	βουλὴν	single_char	-ης → -ην	\vs{34}καὶ ἐὰν ἐπιστρέψῃς ἐπὶ τὴν πόλιν, καὶ ἐρεῖς τῷ Ἀβεσσαλὼμ, διεληλύθασιν οἱ ἀδελφοί σου, καὶ ὁ βασιλεὺς κατόπισθέ μου διελήλυθεν ὁ πατήρ σου· καὶ νῦν παῖς σού εἰμὶ, βασιλεῦ, ἔασόν με ζῆσαι· παῖς τοῦ πατρὸς σου ἤμην τότε καὶ ἀρτίως, καὶ νῦν ἐγὼ δοῦλος σός· καὶ διασκεδάσεις μοι τὴν βουλὴς Ἀχιτόφελ.
ΒΑΣΙΛΕΙΩΝ Β 23:22	10583	υἱὸν	υἱὸς	single_char	-ον → -ος	\vs{22}Ταῦτα ἐποίησε Βαναίας υἱὸν Ἰωδαὲ, καὶ αὐτῷ ὄνομα ἐν τοῖς τρισὶ τοῖς δυνατοῖς,
ΒΑΣΙΛΕΙΩΝ Β 23:27	10590	Ἀνωθίτου	ασωθίτου	single_char		\vs{27}Ἀβιέζερ ὁ Ἀνωθίτης, ἐκ τῶν υἱῶν τοῦ Ἀνωθίτου·
ΒΑΣΙΛΕΙΩΝ Β 23:37	10601	υἱὸς	υἱοῦ	single_char	-ος → -ου	\vs{37c}Γελωρὲ ὁ Βηθωραῖος αἴρων τὰ σκεύη· Ἰωὰβ υἱὸς Σαρουίας·
ΒΑΣΙΛΕΙΩΝ Γ 6:36	10927	τῆς	τὴν	single_char	-ης → -ην	\vs{36a}καὶ ᾠκοδόμησε τὸ καταπέτασμα τῆς αὐλῆς τοῦ αἰλὰμ τοῦ οἴκου τοῦ κατὰ πρόσωπον τοῦ ναοῦ.
ΒΑΣΙΛΕΙΩΝ Γ 12:27	11255	θυσίαν	θυσίας	single_char	-αν → -ας	\vs{27}Ἐὰν ἀναβῇ ὁ λαὸς οὗτος ἀναφέρειν θυσίαν ἐν οἴκῳ Κυρίου εἰς Ἱερουσαλὴμ, καὶ ἐπιστραφήσεται καρδία τοῦ λαοῦ πρὸς Κύριον καὶ κύριον αὐτῶν, πρὸς Ῥοβοὰμ βασιλέα Ἰούδα, καὶ ἀποκτενοῦσί με.
ΒΑΣΙΛΕΙΩΝ Γ 13:32	11302	θυσιαστήριον	θυσιαστηρίου	single_char	-ον → -ου	\vs{32}Ὅτι γινόμενον ἔσται τὸ ῥῆμα ὃ ἐλάλησεν ἐν λόγῳ Κυρίου ἐπὶ τὸ θυσιαστήριον ἐν Βαιθὴλ καὶ ἐπὶ τοὺς οἴκους τοὺς ὑψηλοὺς τοὺς ἐν Σαμαρείᾳ.
ΒΑΣΙΛΕΙΩΝ Δ 3:27	11792	ὃν	ὃς	single_char	-ον → -ος	\vs{27}Καὶ ἔλαβε τὸν υἱὸν αὐτοῦ τὸν πρωτότοκον ὃν ἐβασίλευσεν ἀντʼ αὐτοῦ, καὶ ἀνήνεγκεν αὐτὸν ὁλοκαύτωμα ἐπὶ τοῦ τείχους, καὶ ἐγένετο μετάμελος μέγας ἐπὶ Ἰσραήλ· καὶ ἀπῆραν ἀπʼ αὐτοῦ, καὶ ἐπέστρεψαν εἰς τὴν γῆν.
ΒΑΣΙΛΕΙΩΝ Δ 4:25	11824	τοῦ	τὸν	single_char	-ου → -ον	\vs{25}Καὶ ἐπορεύθη καὶ ἦλθεν ἕως τοῦ ἀνθρώπου τοῦ Θεοῦ εἰς τὸ ὄρος· καὶ ἐγένετο ὡς εἶδεν Ἑλισαιὲ ἐρχομένην αὐτὴν, καὶ εἶπε πρὸς Γιεζὶ τὸ παιδάριον αὐτοῦ, ἰδοὺ δὴ ἡ Σωμανίτις ἐκείνη.
ΒΑΣΙΛΕΙΩΝ Δ 4:25	11824	ἀνθρώπου	ἄνθρωπον	single_char	-ου → -ον	\vs{25}Καὶ ἐπορεύθη καὶ ἦλθεν ἕως τοῦ ἀνθρώπου τοῦ Θεοῦ εἰς τὸ ὄρος· καὶ ἐγένετο ὡς εἶδεν Ἑλισαιὲ ἐρχομένην αὐτὴν, καὶ εἶπε πρὸς Γιεζὶ τὸ παιδάριον αὐτοῦ, ἰδοὺ δὴ ἡ Σωμανίτις ἐκείνη.
ΒΑΣΙΛΕΙΩΝ Δ 6:20	11907	εἶδου	εἶδον	single_char	-ου → -ον	\vs{20}Καὶ ἐγένετο ὡς εἰσῆλθον εἰς Σαμάρειαν, καὶ εἶπεν Ἑλισαιὲ, ἄνοιξον δή Κύριε τοὺς ὀφθαλμοὺς αὐτῶν καὶ ἰδέτωσαν· καὶ διήνοιξε Κύριος τοὺς ὀφθαλμοὺς αὐτῶν, καὶ εἶδου· καὶ ἰδοὺ ἦσαν ἐν μέσῳ Σαμαρείας.
ΒΑΣΙΛΕΙΩΝ Δ 9:15	12008	αὐτὸς	αὐτὸν	single_char	-ος → -ον	\vs{15}Καὶ ἀπέστρεψεν Ἰωρὰμ ὁ βασιλεὺς ἰατρευθῆναι ἐν Ἰσζράελ ἀπὸ τῶν πληγῶν ὧν ἔπαισαν αὐτὸν οἱ Σύροι ἐν τῷ πολεμεῖν αὐτὸς μετὰ Ἀζαὴλ βασιλέως Συρίας.
ΒΑΣΙΛΕΙΩΝ Δ 11:10	12097	ἑκατοντάρχοις	ἑκατοντάρχαις	sequence	οι → αι	\vs{10}Καὶ ἔδωκεν ὁ ἱερεὺς τοῖς ἑκατοντάρχοις τοὺς σειρομάστας καὶ τοὺς τρισσοὺς τοῦ βασιλέως Δαυὶδ τοὺς ἐν οἴκῳ Κυρίου.
ΒΑΣΙΛΕΙΩΝ Δ 11:15	12103	ἑκατοντάρχοις	ἑκατοντάρχαις	sequence	οι → αι	\vs{15}Καὶ ἐνετείλατο Ἰωδαὲ ὁ ἱερεὺς τοῖς ἑκατοντάρχοις τοῖς ἐπισκόποις τῆς δυνάμεως, καὶ εἶπε πρὸς αὐτούς, ἐξαγάγετε αὐτὴν ἔσωθεν τῶν σαδηρὼθ, ὁ εἰσπορευόμενος ὀπίσω αὐτῆς θανάτῳ θανατωθήσεται ἐν ῥομφαίᾳ· ὅτι εἶπεν ὁ ἱερεύς, καὶ μὴ ἀποθάνῃ ἐν οἴκῳ Κυρίου.
ΒΑΣΙΛΕΙΩΝ Δ 12:10	12124	ἔδωκας	ἔδωκαν	single_char	-ας → -αν	\vs{10}Καὶ ἔλαβεν Ἰωδαὲ ὁ ἱερεὺς κιβωτὸν μίαν, καὶ ἔτρησε τρώγλην ἐπὶ τῇς σανίδος αὐτῆς, καὶ ἔδωκεν αὐτὴν παρὰ ἁμμαζειβὶ ἐν τῷ οἴκῳ ἀδρος οἴκου Κυρίου· και ἔδωκας οἱ ἱερεῖς οἱ ἱεπεῖς φυλάσσοντες τὸν σταθμὸν πᾶν τὸ ἀργύριον τὸ εὑρεθὲν ἐν οἴκῳ Κυρίου·
ΒΑΣΙΛΕΙΩΝ Δ 13:14	12159	πρόσωπον	προσώπου	single_char	-ον → -ου	\vs{14}Καὶ Ἑλισαιὲ ἠῤῥώστησε τὴν ἀῤῥωστίαν αὐτοῦ, διʼ ἣν ἀπέθανε· καὶ κατέβη πρὸς αὐτὸν Ἰωὰς βασιλεὺς Ἰσραὴλ, καὶ ἔκλαυσεν ἐπὶ πρόσωπον αὐτοῦ, καὶ εἶπε, πάτερ πάτερ, ἅρμα Ἰσραὴλ καὶ ἱππεὺς αὐτοῦ.
ΒΑΣΙΛΕΙΩΝ Δ 14:21	12200	αὐτὸς	αὐτὸν	single_char	-ος → -ον	\vs{21}Καὶ ἔλαβε πᾶς ὁ λαὸς Ἰούδα τὸν Ἀζαρίαν, καὶ αὐτὸς υἱὸς ἑκκαίδεκα ἐτῶν, καὶ ἐβασίλευσαν αὐτὸς ἀντὶ τοῦ πατρὸς αὐτοῦ Ἀμεσσίου.
ΒΑΣΙΛΕΙΩΝ Δ 15:5	12218	τὸν	τοῦ	single_char	-ον → -ου	\vs{5}Καὶ ἥψατο Κύριος τὸν βασιλέα, καὶ ἦν λελεπρωμένος ἕως ἡμέρας θανάτου αὐτοῦ· καὶ ἐβασίλευσεν ἐν οἴκῳ ἀφφουσώθ· καὶ Ἰωάθαμ υἱὸς τοῦ βασιλέως ἐπὶ τῷ οἴκῳ κρίνων τὸν λαὸν τῆς γῆς.
ΒΑΣΙΛΕΙΩΝ Δ 16:14	12279	πρόσωπον	προσώπου	single_char	-ον → -ου	\vs{14}τὸ ἀπέναντι Κυρίου· καὶ προσήγαγε τὸ πρόσωπον τοῦ οἴκου Κυρίου, ἀπὸ τοῦ ἀναμέσον τοῦ θυσιαστηρίου καὶ ἀπὸ τοῦ ἀναμέσον τοῦ οἴκου Κυρίου· καὶ ἔδειξεν αὐτὸ ἐπὶ μηρὸν τοῦ θυσιαστηρίου κατὰ βοῤῥᾶν.
ΒΑΣΙΛΕΙΩΝ Δ 18:21	12366	τὴς	τὴν	single_char	-ης → -ην	\vs{21}Νῦν ἰδοὺ πέποιθας σαυτῷ ἐπὶ τὴν ῥἁβδον τὴν καλαμίνην τὴς τεθλασμένην ταύτην, ἐπʼ Αἴγυπτον; ὃς ἂν στηριχθῇ ἀνὴρ ἐπʼ αὐτὴν, καὶ εἰσελεύσεται εἰς τὴν χεῖρα αὐτοῦ, καὶ τρήσει αὐτήν· οὕτως Φαραὼ βασιλεὺς Αἰγύπτου πᾶσι τοῖς πεποιθόσιν ἐπʼ αὐτόν.
ΒΑΣΙΛΕΙΩΝ Δ 21:18	12483	Ἀμὼς	αμων	single_char	-ως → -ων	\vs{18}Καὶ ἐκοιμήθη Μανασσὴς μετὰ τῶν πατέρων αὐτοῦ, καὶ ἐτάφη ἐν τῷ κήπῳ τοῦ οἴκου αὐτοῦ ἐν κήπῳ Ὀζά· καὶ ἐβασίλευσεν Ἀμὼς υἱὸς αὐτοῦ ἀντʼ αὐτοῦ.
ΒΑΣΙΛΕΙΩΝ Δ 21:19	12485	Ἀμὼς	αμων	single_char	-ως → -ων	\vs{19}Υἱὸς εἴκοσι καὶ δύο ἐτῶν Ἀμὼς ἐν τῷ βασιλεύειν αὐτόν, καὶ δύο ἔτη ἐβασίλευσεν ἐν Ἱερουσαλήμ, καὶ ὄνομα τῇ μητρὶ αὐτοῦ Μεσολλάμ, θυγάτηρ Ἀροὺς ἐξ Ἰετέβα.
ΒΑΣΙΛΕΙΩΝ Δ 21:23	12489	Ἀμὼς	αμων	single_char	-ως → -ων	\vs{23}Καὶ συνεστράφησαν οἱ παῖδες Ἀμὼς πρὸς αὐτὸν, καὶ ἐθανάτωσαν τὸν βασιλέα ἐν τῷ οἴκῳ αὐτοῦ.
ΒΑΣΙΛΕΙΩΝ Δ 21:24	12490	Ἀμώς	αμων	single_char	-ως → -ων	\vs{24}Καὶ ἐπάταξεν ὁ λαὸς τῆς γῆς πάντας τοὺς συστραφέντας ἐπὶ τὸν βασιλέα Ἀμώς, καὶ ἐβασίλευσεν ὁ λαὸς τῆς γῆς τὸν Ἰωσίαν υἱὸν αὐτοῦ ἀντʼ αὐτοῦ.
ΒΑΣΙΛΕΙΩΝ Δ 21:25	12492	Ἀμὼς	αμων	single_char	-ως → -ων	\vs{25}Καὶ τὰ λοιπὰ τῶν λόγων Ἀμὼς ὅσα ἐποίησεν, οὐκ ἰδοὺ ταῦτα γεγραμμένα ἐπὶ βιβλίῳ λόγων τῶν ἡμερῶν τοῖς βασιλεῦσιν Ἰούδα;
ΒΑΣΙΛΕΙΩΝ Δ 23:24	12552	βιβλίον	βιβλίου	single_char	-ον → -ου	\vs{24}Καί γε τοὺς θελητὰς, καὶ τοὺς γνωριστὰς καὶ τὰ θεραφὶν, καὶ τὰ εἴδωλα, καὶ πάντα τὰ προσοχθίσματα τὰ γεγονότα ἐν τῇ γῇ Ἰούδα καὶ ἐν Ἱερουσαλὴμ ἐξῇρεν Ἰωσίας, ἵνα στήσῃ τοὺς λόγους τοῦ νόμου τοὺς γεγραμμένους ἐπὶ τοῦ βιβλίον, οὗ εὗρε Χελκίας ὁ ἱερεὺς ἐν οἴκῳ Κυρίου.
ΒΑΣΙΛΕΙΩΝ Δ 24:3	12573	αὐτὸν	αὐτοῦ	single_char	-ον → -ου	\vs{3}Πλὴν ἐπὶ τὸν θυμὸν Κυρίου ἦν ἐν τῷ Ἰούδα, ἀποστῆσαι αὐτὸν ἀπὸ τοῦ προσώπου αὐτὸν ἐν ἁμαρτίαις Μανασσὴ κατὰ πάντα ὅσα ἐποίησε.
ΒΑΣΙΛΕΙΩΝ Δ 25:22	12622	υἱὸν	υἱοῦ	single_char	-ον → -ου	\vs{22}Καὶ ὁ λαὸς ὁ καταλειφθεὶς ἐν τῇ γῇ Ἰούδα οὓς κατέλιπε Ναβουχοδονόσορ βασιλεὺς Βαβυλῶνος, καὶ κατέστησεν ἐπʼ αὐτῶν τὸν Γοδολίαν υἱὸν Ἀχικὰμ υἱὸν Σαφάν.
ΠΑΡΑΛΕΙΠΟΜΕΝΩΝ Α 4:31	12822	οἴκου	οἶκον	single_char	-ου → -ον	\vs{31}καὶ ἐν Βαιθμαριμὼθ, καὶ Ἡμισουσεωσὶν, καὶ οἴκου Βαρουσεωρίμ· αὗται αἱ πόλεις αὐτῶν ἕως βασιλέως Δαυίδ.
ΠΑΡΑΛΕΙΠΟΜΕΝΩΝ Α 5:36	12879	Ἰωανὰν	ιωανας	single_char	-αν → -ας	\vs{36}καὶ Ἰωανὰν ἐγέννησε τὸν Ἀζαρίαν, οὗτος ἱεράτευσεν ἐν τῷ οἴκῳ ᾧ ᾠκοδόμησε Σαλωμὼν ἐν Ἱερουσαλήμ.
ΠΑΡΑΛΕΙΠΟΜΕΝΩΝ Α 9:11	13072	ἡγουμένου	ἡγούμενος	single_char	-ου → -ος	\vs{11}καὶ Ἀζαρία υἱὸς Χελκία υἱοῦ Μοσολλὰμ, υἱοῦ Σαδὼκ, υἱοῦ Μαραϊὼθ, υἱοῦ Ἀχιτὼβ ἡγουμένου οἴκου τοῦ Θεοῦ,
ΠΑΡΑΛΕΙΠΟΜΕΝΩΝ Α 22:8	13506	τὴν	τῆς	single_char	-ην → -ης	\vs{8}Καὶ ἐγένετό μοι λόγος Κυρίου, λέγων, αἷμα εἰς πλῆθος ἐξέχεας, καὶ πολέμους μεγάλους ἐποίησας· οὐκ οἰκοδομήσεις οἶκον τῷ ὀνόματί μου, ὅτι αἵματα πολλὰ ἐξέχεας ἐπὶ τὴν γῆν ἐναντίον ἐμου.
ΠΑΡΑΛΕΙΠΟΜΕΝΩΝ Α 22:8	13506	γῆν	γῆς	single_char	-ην → -ης	\vs{8}Καὶ ἐγένετό μοι λόγος Κυρίου, λέγων, αἷμα εἰς πλῆθος ἐξέχεας, καὶ πολέμους μεγάλους ἐποίησας· οὐκ οἰκοδομήσεις οἶκον τῷ ὀνόματί μου, ὅτι αἵματα πολλὰ ἐξέχεας ἐπὶ τὴν γῆν ἐναντίον ἐμου.
ΠΑΡΑΛΕΙΠΟΜΕΝΩΝ Β 6:31	13938	πρόσωπον	προσώπου	single_char	-ον → -ου	\vs{31}ὅπως φοβῶνται πάσας ὁδούς σου πάσας τὰς ἡμέρας ἃς αὐτοὶ ζῶσιν ἐπὶ πρόσωπον τῆς γῆς, ἧς ἔδωκας τοῖς πατράσιν ἡμῶν.
ΠΑΡΑΛΕΙΠΟΜΕΝΩΝ Β 7:12	13971	τῆν	τῆς	single_char	-ην → -ης	\vs{12}Καὶ ὤφθη Κύριος τῷ Σαλωμὼν τὴν νύκτα, καὶ εἶπεν αὐτῷ, ἤκουσα τῆν προσευχῆς σου, καὶ ἐξελεξάμην ἐν τῷ τόπῳ τούτῳ ἐμαυτῷ εἰς οἶκον θυσίας.
ΠΑΡΑΛΕΙΠΟΜΕΝΩΝ Β 23:13	14415	οἱ	αἱ	sequence	οι → αι	\vs{13}Καὶ εἶδε, καὶ ἰδοὺ ὁ βασιλεὺς ἐπὶ τῆς στάσεως αὐτοῦ, καὶ ἐπὶ τῆς εἰσόδου οἱ ἄρχοντες καὶ οἱ σάλπιγγες· καὶ οἱ ἄρχοντες περὶ τὸν βασιλέα, καὶ πᾶς ὁ λαὸς τῆς γῆς ηὐφράνθη, καὶ ἐσάλπισαν ταῖς σάλπιγξι, καὶ οἱ ᾄδοντες ἐν τοῖς ὀργάνοις ᾠδοὶ, καὶ ὑμνοῦντες αἶνον· καὶ διέῥῥηξε Γοθολία τὴν στολὴν αὐτῆς, καὶ ἐβόησεν, ἐπιτιθέμενοι ἐπιτίθεσθε.
ΠΑΡΑΛΕΙΠΟΜΕΝΩΝ Β 23:20	14423	τοῦ	τὸν	single_char	-ου → -ον	\vs{20}Καὶ ἔλαβε τοὺς πατριάρχας, καὶ τοὺς δυνατοὺς, καὶ τοὺς ἄρχοντας τοῦ λαοῦ, καὶ πάντα τὸν λαὸν τῆς γῆς, καὶ ἐπεβίβασαν τὸν βασιλέα εἰς οἶκον Κυρίου, καὶ εἰσῆλθε διὰ τῆς πύλης τῆς ἐσωτέρας εἰς τὸν οἶκον τοῦ βασιλέως, καὶ ἐκάθισαν τὸν βασιλέα ἐπὶ τοῦ θρόνου τῆς βασιλείας.
ΠΑΡΑΛΕΙΠΟΜΕΝΩΝ Β 23:20	14423	θρόνου	θρόνον	single_char	-ου → -ον	\vs{20}Καὶ ἔλαβε τοὺς πατριάρχας, καὶ τοὺς δυνατοὺς, καὶ τοὺς ἄρχοντας τοῦ λαοῦ, καὶ πάντα τὸν λαὸν τῆς γῆς, καὶ ἐπεβίβασαν τὸν βασιλέα εἰς οἶκον Κυρίου, καὶ εἰσῆλθε διὰ τῆς πύλης τῆς ἐσωτέρας εἰς τὸν οἶκον τοῦ βασιλέως, καὶ ἐκάθισαν τὸν βασιλέα ἐπὶ τοῦ θρόνου τῆς βασιλείας.
ΠΑΡΑΛΕΙΠΟΜΕΝΩΝ Β 24:18	14449	Θεοῦ	θεὸν	single_char	-ου → -ον	\vs{18}Καὶ ἐγκατέλιπον τὸν οἶκον Κυρίον Θεοῦ τῶν πατέρων αὐτῶν, καὶ ἐδούλευον ταῖς Ἀστάρταις καὶ τοῖς εἰδώλοις, καὶ ἐγένετο ὀργὴ ἐπὶ Ἰούδαν καὶ ἑπὶ Ἱερουσαλὴμ ἐν τῇ ἡμέρᾳ ταύτῃ.
ΠΑΡΑΛΕΙΠΟΜΕΝΩΝ Β 25:3	14465	τὸυ	τὸν	single_char	-ου → -ον	\vs{3}Καὶ ἐγένετο ὡς κατέστη ἡ βασιλεία ἐν χειρὶ αὐτοῦ, καὶ ἐθανάτωσε τοὺς παῖδας αὐτοῦ τοὺς φονεύσαντας τὸυ βασιλέα πατέρα αὐτοῦ·
ΠΑΡΑΛΕΙΠΟΜΕΝΩΝ Β 27:7	14538	γεγραμμέναι	γεγραμμένοι	sequence	αι → οι	\vs{7}Καὶ οἱ λοιποὶ λόγοι Ἰωάθαμ καὶ ὁ πόλεμος καὶ αἱ πράξεις αὐτοῦ, ἰδοὺ γεγραμμέναι ἐπὶ βιβλίῳ βασιλέων Ἰούδα καὶ Ἰσραήλ.
ΠΑΡΑΛΕΙΠΟΜΕΝΩΝ Β 30:22	14649	θυσίαν	θυσίας	single_char	-αν → -ας	\vs{22}Καὶ ἐλάλησεν Ἐζεκίας ἐπὶ πᾶσαν καρδίαν τῶν Λευιτῶν καὶ τῶν συνιόντων σύνεσιν ἀγαθὴν τῷ Κυρίῳ· καὶ συνετέλεσαν τὴν ἑορτὴν τῶν ἀζύμων ἑπτὰ ἡμέρας, θύοντες θυσίαν σωτηρίου, καὶ ἐξομολογούμενοι τῷ Κυρίῳ Θεῷ τῶν πατέρων αὐτῶν.
ΠΑΡΑΛΕΙΠΟΜΕΝΩΝ Β 33:3	14731	τοῖς	ταῖς	sequence	οι → αι	\vs{3}Καὶ ἐπέστρεψε καὶ ᾠκοδόμησε τὰ ὑψηλὰ, ἃ κατέσπασεν Ἐζεκίας ὁ πατὴρ αὐτοῦ, καὶ ἔστησε στήλας τοῖς Βααλὶμ, καὶ ἐποίησεν ἄλση, καὶ προσεκύνησεν πάσῃ τῇ στρατιᾷ τοῦ οὐρανοῦ, καὶ ἐδούλευσεν αὐτοῖς.
ΠΑΡΑΛΕΙΠΟΜΕΝΩΝ Β 34:16	14777	σον	σου	single_char	-ον → -ου	\vs{16}Καὶ εἰσήνεγκε Σαφὰν τὸ βιβλίον πρὸς τὸν βασιλέα, καὶ ἀπέδωκεν ἔτι τῷ βασιλεῖ λόγον, πᾶν τὸ δοθὲν ἀργύριον ἐν χειρὶ τῶν παίδων σον τῶν ποιούντων.
ΕΣΔΡΑΣ 1:4	14890	τὸν	τοῦ	single_char	-ον → -ου	\vs{4}Καὶ πᾶς ὁ καταλιπόμενος ἀπὸ πάντων τῶν τόπων οὗ αὐτὸς παροικεῖ ἐκεῖ, καὶ λήψονται αὐτὸν ἄνδρες τοῦ τόπου αὐτοῦ ἐν ἀργυρίῳ, καὶ χρυσίῳ, καὶ ἀποσκευῇ, καὶ κτήνεσι μετὰ τοῦ ἑκουσίου εἰς οἶκον τοῦ Θεοῦ τὸν ἐν Ἱερουσαλήμ.
ΕΣΔΡΑΣ 2:69	15011	ἀργυρίου	ἀργύριον	single_char	-ου → -ον	\vs{69}ὡς ἡ δύναμις αὐτῶν, ἔδωκαν εἰς θησαυρὸν τοῦ ἔργου χρυσίον καθαρὸν μναὶ ἓξ μυριάδες καὶ χίλιαι, καὶ ἀργυρίου μνὰς πεντακισχιλίας, καὶ κόθωνοι τῶν ἱερέων ἑκατόν.
ΝΕΕΜΙΑΣ 3:4	15316	υἱοῦ	υἱὸς	single_char	-ου → -ος	\vs{4}Καὶ ἐπὶ χεῖρα αὐτῶν κατέσχεν ἐπὶ Ῥαμὼθ υἱοῦ Οὐρία, υἱοῦ Ἀκκώς· καὶ ἐπὶ χεῖρα αὐτῶν κατέσχε Μοσολλὰμ υἱὸς Βαραχίου, υἱοῦ Μαζεβήλ· καὶ ἐπὶ χεῖρα αὐτῶν κατέσχε Σαδὼκ υἱὸς Βαανά.
ΝΕΕΜΙΑΣ 9:21	15602	ὑστέρησας	ὑστέρησαν	single_char	-ας → -αν	\vs{21}Καὶ τεσσαράκοντα ἔτη διέθρεψας αὐτοὺς ἐν τῇ ἐρήμῳ, οὐχ ὑστέρησας αὐτοῖς οὐδέν· ἱμάτια αὐτῶν οὐκ ἐπαλαιώθησαν, καὶ πόδες αὐτῶν οὐ διεῤῥάγησαν.
ΙΩΒ 21:21	16774	αὐτοῦ	αὐτόν	single_char	-ου → -ον	\vs{21}Ὅτι τὸ θέλημα αὐτοῦ ἐν οἴκῳ αὐτοῦ μετʼ αὐτοῦ, καὶ ἀριθμοὶ μηνῶν αὐτοῦ διῃρέθησαν.
ΙΩΒ 40:9	17392	αὐτοῦ	αὐτὸν	single_char	-ου → -ον	\vs{9}Ἢ βραχίων σοί ἐστι κατὰ τοῦ Κυρίου, ἢ φωνῇ κατʼ αὐτοῦ βροντᾷς;
ΨΑΛΜΟΙ 25:7	17944	φωνῆς	φωνὴν	single_char	-ης → -ην	\vs{7}Τοῦ ἀκοῦσαι φωνῆς αἰνέσεως, καὶ διηγήσασθαι πάντα τὰ θαυμάσιά σου.
ΨΑΛΜΟΙ 32:11	18076	γενεάς	γενεὰν	single_char	-ας → -αν	\vs{11}Ἡ δὲ βουλὴ τοῦ Κυρίου εἰς τὸν αἰῶνα μένει, λογισμοὶ τῆς καρδίας αὐτοῦ ἀπὸ γενεῶν εἰς γενεάς.
ΨΑΛΜΟΙ 59:6	18671	τόξον	τόξου	single_char	-ον → -ου	\vs{6}Ἔδωκας τοῖς φοβουμένοις σε σημείωσιν, τοῦ φυγεῖν ἀπὸ προσώπου τόξον· διάψαλμα.
ΨΑΛΜΟΙ 63:7	18735	ἀνομίαν	ἀνομίας	single_char	-αν → -ας	\vs{7}Ἐξηρεύνησαν ἀνομίαν, ἐξέλιπον ἐξερευνῶντες ἐξερευνήσει· προσελεύσεται ἄνθρωπος, καὶ καρδία βαθεῖα,
ΨΑΛΜΟΙ 76:9	19056	γενεᾶς	γενεάν	single_char	-ας → -αν	\vs{9}Ἢ εἰς τέλος ἀποκόψει τὸ ἔλεος ἀπὸ γενεᾶς καὶ γενεᾶς;
ΨΑΛΜΟΙ 96:6	19560	αἱ	οἱ	sequence	αι → οι	\vs{6}Ἀνήγγειλαν αἱ οὐρανοὶ τὴν δικαιοσύνην αὐτοῦ, καὶ εἴδοσαν πάντες οἱ λαοὶ τὴν δόξαν αὐτοῦ.
ΨΑΛΜΟΙ 101:21	19641	τοῦ	τὸν	single_char	-ου → -ον	\vs{21}τοῦ ἀκοῦσαι τοῦ στεναγμοῦ τῶν πεπεδημένων, τοῦ λῦσαι τοὺς υἱοὺς τῶν τεθανατωμένων,
ΨΑΛΜΟΙ 101:21	19641	στεναγμοῦ	στεναγμὸν	single_char	-ου → -ον	\vs{21}τοῦ ἀκοῦσαι τοῦ στεναγμοῦ τῶν πεπεδημένων, τοῦ λῦσαι τοὺς υἱοὺς τῶν τεθανατωμένων,
ΨΑΛΜΟΙ 104:5	19730	αὐτον	αὐτοῦ	single_char	-ον → -ου	\vs{5}Μνήσθητε τῶν θαυμασίων αὐτον ὧν ἐποίησε, τὰ τέρατα αὐτοῦ, καὶ τὰ κρίματα τοῦ στόματος αὐτοῦ.
ΨΑΛΜΟΙ 109:6	19954	γῆν	γῆς	single_char	-ην → -ης	\vs{6}Κρινεῖ ἐν τοῖς ἔθνεσι, πληρώσει πτώματα, συνθλάσει κεφαλὰς ἐπὶ γῆν πολλῶν.
ΨΑΛΜΟΙ 118:109	20225	τὸν	τοῦ	single_char	-ον → -ου	\vs{109}Ἡ ψυχή μου ἐν ταῖς χερσὶ σου διαπαντὸς, καὶ τὸν νόμον σου οὐκ ἐπελαθόμην.
ΨΑΛΜΟΙ 118:109	20225	νόμον	νόμου	single_char	-ον → -ου	\vs{109}Ἡ ψυχή μου ἐν ταῖς χερσὶ σου διαπαντὸς, καὶ τὸν νόμον σου οὐκ ἐπελαθόμην.
ΨΑΛΜΟΙ 118:153	20275	τοῦ	τὸν	single_char	-ου → -ον	\vs{153}Ἴδε τὴν ταπείνωσίν μου καὶ ἐξελοῦ με, ὅτι τοῦ νόμου σου οὐκ ἐπελαθόμην.
ΨΑΛΜΟΙ 118:153	20275	νόμου	νόμον	single_char	-ου → -ον	\vs{153}Ἴδε τὴν ταπείνωσίν μου καὶ ἐξελοῦ με, ὅτι τοῦ νόμου σου οὐκ ἐπελαθόμην.
ΨΑΛΜΟΙ 127:3	20389	ταῖς	τοῖς	sequence	αι → οι	\vs{3}Ἡ γυνή σου ὡς ἄμπελος εὐθηνοῦσα ἐν ταῖς κλίτεσι τῆς οἰκίας σου· οἱ υἱοί σου ὡς νεόφυτα ἐλαιῶν κύκλῳ τῆς τραπέζης σου.
ΨΑΛΜΟΙ 128:3	20399	τὸν	τοῦ	single_char	-ον → -ου	\vs{3}Ἐπὶ τὸν νῶτόν μου ἐτέκταινον οἱ ἁμαρτωλοὶ, ἐμάκρυναν τὴν ἀνομίαν αὐτῶν.
ΨΑΛΜΟΙ 128:3	20399	νῶτόν	νώτου	single_char	-ον → -ου	\vs{3}Ἐπὶ τὸν νῶτόν μου ἐτέκταινον οἱ ἁμαρτωλοὶ, ἐμάκρυναν τὴν ἀνομίαν αὐτῶν.
ΨΑΛΜΟΙ 131:11	20439	τοῦ	τὸν	single_char	-ου → -ον	\vs{11}Ὤμοσε Κύριος τῷ Δαυὶδ ἀλήθειαν, καὶ οὐ μὴ ἀθετήσει αὐτὴν, ἐκ καρποῦ τῆς κοιλίας σου, θήσομαι ἐπὶ τοῦ θρόνον σου.
ΨΑΛΜΟΙ 138:14	20562	ἐθαυμαστώθης	ἐθαυμαστώθην	single_char	-ης → -ην	\vs{14}Ἐξομολογήσομαί σοι, ὅτι φοβερῶς ἐθαυμαστώθης· θαυμάσια τὰ ἔργα σου, καὶ ἡ ψυχή μου γινώσκει σφόδρα.
ΠΑΡΟΙΜΙΑΙ ΣΑΛΩΜΩΝΤΟΣ 3:17	20870	αἱ	οἱ	sequence	αι → οι	\vs{17}Αἱ ὁδοὶ αὐτῆς ὁδοὶ καλαί, καὶ πάσαι αἱ τρίβοι αὐτῆς ἐν εἰρήνῃ.
ΠΑΡΟΙΜΙΑΙ ΣΑΛΩΜΩΝΤΟΣ 5:2	20931	αἴσθησις	αἴσθησιν	single_char	-ις → -ιν	\vs{2}ἵνα φυλάξῃς ἔννοιαν ἀγαθήν· αἴσθησις δὲ ἐμῶν χειλέων ἐντέλλεταί σοι·
ΠΑΡΟΙΜΙΑΙ ΣΑΛΩΜΩΝΤΟΣ 17:25	21415	αὐτόν	αὐτοῦ	single_char	-ον → -ου	\vs{25}Ὀργὴ πατρὶ υἱὸς ἄφρων, καὶ ὀδύνη τῇ τεκούσῃ αὐτόν.
ΕΚΚΛΗΣΙΑΣΤΗΣ 9:8	22173	κεφαλῆς	κεφαλήν	single_char	-ης → -ην	\vs{8}Ἐν παντὶ καιρῷ ἔστωσαν ἱμάτιά σου λευκὰ, καὶ ἔλαιον ἐπὶ κεφαλῆς σου μὴ ὑστερησάτω.
ΕΚΚΛΗΣΙΑΣΤΗΣ 10:19	22218	οἶνον	οἶνος	single_char	-ον → -ος	\vs{19}Εἰς γέλωτα ποιοῦσιν ἄρτον, καὶ οἶνον καὶ ἔλαιον τοῦ εὐφρανθῆναι ζῶντας, καὶ τοῦ ἀργυρίου ταπεινώσει ἐπακούσεται τὰ πάντα.
ΑΣΜΑ 6:9	22379	αὐτήν	αὐτῆς	single_char	-ην → -ης	\vs{9}Μία ἐστὶ περιστερά μου, τελεία μου, μία ἐστὶ τῇ μητρὶ αὐτῆς, ἐκλεκτή ἐστι τῇ τεκούσῃ αὐτήν· Εἴδοσαν αὐτὴν θυγατέρες καὶ μακαριοῦσιν αὐτὴν, βασίλισσαι καί γε παλλακαὶ, καὶ αἰνέσουσιν αὐτήν.
ΗΣΑΙΑΣ 5:29	22577	θηρίον	θηρίου	single_char	-ον → -ου	\vs{29}Ὀργιῶσιν ὡς λέοντες, καὶ παρέστηκαν ὡς σκύμνοι λέοντος· καὶ ἐπιλήψεται, καὶ βοήσει ὡς θηρίον, καὶ ἐκβαλεῖ, καὶ οὐκ ἔσται ὁ ῥυόμενος αὐτούς.
ΗΣΑΙΑΣ 13:14	22771	ἄνθρωπος	ἄνθρωπον	single_char	-ος → -ον	\vs{14}Καὶ ἔσονται οἱ καταλελειμμένοι ὡς δορκάδιον φεῦγον, καὶ ὡς πρόβατον πλανώμενον, καὶ οὐκ ἔσται ὁ συνάγων, ὥστε ἄνθρωπον εἰς τὸν λαὸν αὐτοῦ ἀποστραφῆναι, καὶ ἄνθρωπος εἰς τὴν χώραν ἑαυτοῦ διώξεται.
ΗΣΑΙΑΣ 14:29	22817	ὄφεως	ὄφεων	single_char	-ως → -ων	\vs{29}Μὴ εὐφρανθείητε οἱ ἀλλόφυλοι πάντες, συνετρίβη γὰρ ὁ ζυγὸς τοῦ παίοντος ὑμᾶς· ἐκ γὰρ σπέρματος ὄφεως ἐξελεύσεται ἔκγονα ἀσπίδων, καὶ τὰ ἔκγονα αὐτῶν ἐξελεύσονται ὄφεις πετάμενοι.
ΗΣΑΙΑΣ 21:8	22933	Κύριος	κυρίου	single_char	-ος → -ου	\vs{8}καὶ κάλεσον Οὐρίαν εἰς τὴν σκοπιάν· Κύριος εἶπεν, ἔστην διαπαντὸς ἡμέρας, καὶ ἐπὶ τῆς παρεμβολῆς ἐγὼ ἔστην ὅλην τὴν νύκτα,
ΗΣΑΙΑΣ 44:22	23591	ἁμαρτίαν	ἁμαρτίας	single_char	-αν → -ας	\vs{22}Ἰδοὺ γὰρ ἀπήλειψα ὡς νεφέλην τὰς ἀνομίας σου, καὶ ὡς γνόφον τὴν ἁμαρτίαν σου· ἐπιστράφηθι πρὸς μὲ, καὶ λυτρώσομαί σε.
ΗΣΑΙΑΣ 49:8	23713	κληρονομίας	κληρονομίαν	single_char	-ας → -αν	\vs{8}Οὕτως λέγει Κύριος, καιρῷ δεκτῷ ἐπήκουσά σου, καὶ ἐν ἡμέρᾳ σωτηρίας ἐβοήθησά σοι, καὶ ἔπλασά σε, καὶ ἔδωκά σε εἰς διαθήκην ἐθνῶν τοῦ καταστῆσαι τὴν γῆν, καὶ κληρονομῆσαι κληρονομίας ἐρήμους,
ΗΣΑΙΑΣ 56:7	23868	θυσιαστήριόν	θυσιαστηρίου	single_char	-ον → -ου	\vs{7}εἰσάξω αὐτοὺς εἰς τὸ ὄρος τὸ ἅγιόν μου, καὶ εὐφρανῶ αὐτοὺς ἐν τῷ οἴκῳ τῆς προσευχῆς μου· τὰ ὁλοκαυτώματα αὐτῶν, καὶ αἱ θυσίαι αὐτῶν ἔσονται δεκταὶ ἐπὶ τὸ θυσιαστήριόν μου· ὁ γάρ οἶκός μου, οἶκος προσευχῆς κληθήσεται πᾶσι τοῖς ἔθνεσιν,
ΗΣΑΙΑΣ 63:7	24025	κριτὴν	κριτὴς	single_char	-ην → -ης	\vs{7}Τὸν ἔλεον Κυρίου ἐμνήσθην, τὰς ἀρετὰς Κυρίου ἐν πᾶσιν οἷς ἡμῖν ἀνταποδίδωσι· Κύριος κριτὴν ἀγαθὸς τῷ οἴκῳ Ἰσραὴλ, ἐπάγει ἡμῖν κατὰ τὸ ἔλεος αὐτοῦ, καὶ κατὰ τὸ πλῆθος τῆς δικαιοσύνης αὐτοῦ.
ΙΕΡΕΜΙΑΣ 3:17	24227	Θρόνον	θρόνος	single_char	-ον → -ος	\vs{17}Ἐν ταῖς ἡμέραις ἐκείναις καὶ ἐν τῷ καιρῷ ἐκείνῳ καλέσουσι τὴν Ἱερουσαλὴμ, Θρόνον Κυρίου· καὶ συναχθήσονται πάντα τὰ ἔθνη εἰς αὐτὴν, καὶ οὐ πορεύσονται ἔτι ὀπίσω τῶν ἐνθυμημάτων τῆς καρδίας αὐτῶν τῆς πονηρᾶς.
ΙΕΡΕΜΙΑΣ 4:20	24267	ταλαιπωρίας	ταλαιπωρίαν	single_char	-ας → -αν	\vs{20}καὶ ταλαιπωρίας συντριμμὸν ἐπικαλεῖται, ὅτι τεταλαιπώρηκε πᾶσα ἡ γῆ, ἄφνω τεταλαιπώρηκεν ἡ σκηνὴ, διεσπάσθησαν αἱ δέῤῥεις μου.
ΙΕΡΕΜΙΑΣ 7:20	24392	ξύλου	ξύλον	single_char	-ου → -ον	\vs{20}Διατοῦτο τάδε λέγει Κύριος, ἰδοὺ ὀργὴ καὶ θυμός μου χεῖται ἐπὶ τὸν τόπον τοῦτον, καὶ ἐπὶ τοὺς ἀνθρώπους, καὶ ἐπὶ τὰ κτήνη, καὶ ἐπὶ πᾶν ξύλου τοῦ ἀγροῦ αὐτῶν, καὶ ἐπὶ τὰ γεννήματα τῆς γῆς, καὶ καυθήσεται καὶ οὐ σβεσθήσεται.
ΙΕΡΕΜΙΑΣ 17:8	24684	ῥίζαν	ῥίζας	single_char	-αν → -ας	\vs{8}Καὶ ἔσται ὡς ξύλον εὐθηνοῦν παρʼ ὕδατα, καὶ ἐπὶ ἰκμάδα βαλεῖ ῥίζαν αὐτοῦ· οὐ φοβηθήσεται ὅταν ἔλθῃ καῦμα, καὶ ἔσται ἐπʼ αὐτῷ στελέχη ἀλσώδη, ἐν ἐνιαυτῷ ἀβροχίας οὐ φοβηθήσεται, καὶ οὐ διαλείψει ποιῶν καρπόν.
ΙΕΡΕΜΙΑΣ 17:26	24709	θυσίας	θυσίαν	single_char	-ας → -αν	\vs{26}Καὶ ἥξουσιν ἐκ τῶν πόλεων Ἰούδα, καὶ κυκλόθεν Ἱερουσαλὴμ, καὶ ἐκ γῆς Βενιαμὶν, καὶ ἐκ γῆς πεδινῆς, καὶ ἐκ τοῦ ὄρους, καὶ ἐκ τῆς πρὸς Νότον, φέροντες ὁλοκαυτώματα καὶ θυσίας καὶ θυμιάματα καὶ μάννα καὶ λίβανον, φέροντες αἴνεσιν εἰς οἶκον Κυρίου.
ΙΕΡΕΜΙΑΣ 22:20	24837	πέρας	πέραν	single_char	-ας → -αν	\vs{20}Ἀνάβηθι εἰς τὸν Λίβανον, καὶ κράξον, καὶ εἰς τὴν Βασὰν δὸς τὴν φωνήν σου, καὶ βόησον εἰς τὸ πέρας τῆς θαλάσσης, ὅτι συνετρίβησαν πάντες οἱ ἐρασταί σου.
ΙΕΡΕΜΙΑΣ 23:30	24888	ἕκαστον	ἕκαστος	single_char	-ον → -ος	\vs{30}Ἰδοὺ ἐγὼ διατοῦτο πρὸς τοὺς προφήτας, λέγει Κύριος ὁ Θεὸς, τοὺς κλέπτοντας τοὺς λόγους μου ἕκαστον παρὰ τοῦ πλησίον αὐτοῦ.
ΙΕΡΕΜΙΑΣ 31:3	25186	ὄλεθρον	ὄλεθρος	single_char	-ον → -ος	\vs{3}ὅτι φωνὴ κεκραγότων ἐξ Ὠρωναὶμ, ὄλεθρον καὶ σύντριμμα μέγα·
ΙΕΡΕΜΙΑΣ 39:23	25490	ἐποὶησαν	ἐποίησας	single_char	-αν → -ας	\vs{23}Καὶ εἰσήλθοσαν καὶ ἔλαβον αὐτὴν, καὶ οὐκ ἤκουσαν τῆς φωνῆς σου, καὶ ἐν τοῖς προστάγμασί σου οὐκ ἐπορεύθησαν· ἅπαντα ἃ ἐνετείλω αὐτοῖς οὐκ ἐποίησαν, καὶ ἐποὶησαν συμβῆναι αὐτοῖς πάντα τὰ κακὰ ταῦτα.
ΙΕΡΕΜΙΑΣ 42:7	25574	οἰκίας	οἰκίαν	single_char	-ας → -αν	\vs{7}καὶ οἰκίας οὐ μὴ οἰκοδομήσητε, καὶ σπέρμα οὐ μὴ σπείρητε, καὶ ἀμπελὼν οὐκ ἔσται ὑμῖν, ὅτι ἐν σκηναῖς οἰκήσετε πάσας τὰς ἡμέρας ὑμῶν, ὅπως ἂν ζήσητε ἡμέρας πολλὰς ἐπὶ τῆς γῆς, ἐφʼ ἧς διατρίβετε ὑμεῖς ἐπʼ αὐτῆς.
ΙΕΡΕΜΙΑΣ 43:6	25598	πόλεων	πόλεως	single_char	-ων → -ως	\vs{6}Καὶ ἀναγνώσῃ ἐν τῷ χαρτίῳ τούτῳ εἰς τὰ ὦτα τοῦ λαοῦ ἐν οἴκῳ Κυρίου, ἐν ἡμέρᾳ νηστείας, καὶ ἐν ὠσὶ παντὸς Ἰούδα τῶν ἐρχομένων ἐκ πόλεων αὐτῶν, ἀναγνώσῃ αὐτοῖς.
ΘΡΗΝΟΙ ΙΕΡΕΜΙΟΥ 4:20	26112	Κύριος	κυρίου	single_char	-ος → -ου	\vs{20}ΡΗΧΣ. Πνεῦμα προσώπου ἡμῶν χριστὸς Κύριος συνελήφθη ἐν ταῖς διαφθοραῖς αὐτῶν, οὗ εἴπαμεν, ἐν τῇ σκιᾶ αὐτοῦ ζησόμεθα ἐν τοῖς ἔθνεσι.
ΙΕΖΕΚΙΗΛ 16:4	26577	ἔδησας	ἔδησαν	single_char	-ας → -αν	\vs{4}Καὶ ἡ γένεσίς σου ἐν ᾗ ἡμέρᾳ ἐτέχθης, οὐκ ἔδησας τοὺς μαστοὺς σου, καὶ ἐν ὕδατι οὐκ ἐλούσθης, οὐδὲ ἁλὶ ἡλίσθης, καὶ ἐν σπαργάνοις οὐκ ἐσπαργανώθης,
ΙΕΖΕΚΙΗΛ 21:36	26863	διαφθοράς	διαφθοράν	single_char	-ας → -αν	\vs{36}Καὶ ἐκχεῶ ἐπὶ σὲ ὀργήν μου, ἐν πυρὶ ὀργῆς μου ἐμφυσήσω ἐπὶ σὲ, καὶ παραδώσω σε εἰς χεῖρας ἀνδρῶν βαρβάρων τεκταινόντων διαφθοράς.
ΙΕΖΕΚΙΗΛ 23:19	26929	ἡμέραν	ἡμέρας	single_char	-αν → -ας	\vs{19}Καὶ ἐπλήθυνας τὴν πορνείαν σου, τοῦ ἀναμνῆσαι ἡμέραν νεότητός σου, ἐν αἷς ἐπόρνευσας ἐν Αἰγύπτῳ,
ΙΕΖΕΚΙΗΛ 29:18	27168	Τύρον	τύρου	single_char	-ον → -ου	\vs{18}Υἱὲ ἀνθρώπου, Ναβουχοδονόσορ βασιλεὺς Βαβυλῶνος κατεδουλώσατο τὴν δύναμιν αὐτοῦ δουλείᾳ μεγάλῃ ἐπὶ Τύρου, πᾶσα κεφαλὴ φαλακρὰ, καὶ πᾶς ὦμος μαδῶν· καὶ μισθὸς οὐκ ἐγενήθη αὐτῷ καὶ τῇ δυνάμει αὐτοῦ ἐπὶ Τύρον, καὶ τῆς δουλείας ἧς ἐδούλευσαν ἐπʼ αὐτήν.
ΙΕΖΕΚΙΗΛ 33:4	27286	τῆς	τὴν	single_char	-ης → -ην	\vs{4}καὶ ἀκούσῃ ὁ ἀκούσας τῆς φωνῆς τῆς σάλπιγγος, καὶ μὴ φυλάξηται, καὶ ἐπέλθῃ ἡ ῥομφαία, καὶ καταλάβῃ αὐτὸν, τὸ αἷμα αὐτοῦ ἐπὶ τῆς κεφαλῆς αὐτοῦ ἔσται.
ΙΕΖΕΚΙΗΛ 33:4	27286	φωνῆς	φωνὴν	single_char	-ης → -ην	\vs{4}καὶ ἀκούσῃ ὁ ἀκούσας τῆς φωνῆς τῆς σάλπιγγος, καὶ μὴ φυλάξηται, καὶ ἐπέλθῃ ἡ ῥομφαία, καὶ καταλάβῃ αὐτὸν, τὸ αἷμα αὐτοῦ ἐπὶ τῆς κεφαλῆς αὐτοῦ ἔσται.
ΙΕΖΕΚΙΗΛ 33:16	27304	αὐταῖς	αὐτοῖς	sequence	αι → οι	\vs{16}Πᾶσαι αἱ ἁμαρτίαι αὐτοῦ ἃς ἥμαρτεν, οὐ μὴ ἀναμνησθῶσιν, ὅτι κρίμα καὶ δικαιοσύνην ἐποίησεν, ἐν αὐταῖς ζήσεται.
ΙΕΖΕΚΙΗΛ 40:2	27553	ὑψηλὸν	ὑψηλοῦ	single_char	-ον → -ου	\vs{2}καὶ ἤγαγέ με ἐν ὁράσει Θεοῦ εἰς τὴν γῆν Ἰσραὴλ, καὶ ἔθηκέ με ἐπʼ ὄρος ὑψηλὸν σφόδρα, καὶ ἐπʼ αὐτῷ ὡσεὶ οἰκοδομὴ πόλεως ἀπέναντι,
ΙΕΖΕΚΙΗΛ 40:3	27555	μέτρον	μέτρου	single_char	-ον → -ου	\vs{3}Καὶ εἰσήγαγέ με ἐκεῖ· καὶ ἰδοὺ ἀνὴρ, καὶ ἡ ὅρασις αὐτοῦ ἦν ὡσεὶ ὅρασις χαλκοῦ στίλβοντος, καὶ ἐν τῇ χειρὶ αὐτοῦ ἦν σπαρτίον οἰκοδόμων, καὶ κάλαμος μέτρον, καὶ αὐτὸς εἱστήκει ἐπὶ τῆς πύλης.
ΙΕΖΕΚΙΗΛ 43:2	27682	τὴν	τῆς	single_char	-ην → -ης	\vs{2}Καὶ ἰδοὺ δόξα Θεοῦ Ἰσραὴλ ἤρχετο κατὰ τὴν ὁδὸν τὴν πρὸς ἀνατολὰς, καὶ φωνὴ τῆς παρεμβολῆς, ὡς φωνὴ διπλασιαζόντων πολλῶν· καὶ ἡ γῆ ἐξέλαμπεν ὡς φέγγος ἀπὸ τῆς δόξης κυκλόθεν.
ΔΑΝΙΗΛ 1:2	27908	οἴκου	οἶκον	single_char	-ου → -ον	\vs{2}Καὶ ἔδωκε Κύριος ἐν χειρὶ αὐτοῦ τὸν Ἰωακεὶμ βασιλέα Ἰούδα, καὶ ἀπὸ μέρους τῶν σκευῶν οἴκου τοῦ Θεοῦ· καὶ ἤνεγκεν αὐτὰ εἰς γῆν Σενναὰρ οἴκου τοῦ θεοῦ αὐτοῦ, καὶ τὰ σκεύη εἰσήνεγκεν εἰς τὸν οἶκον θησαυροῦ τοῦ θεοῦ αὐτοῦ.
ΔΑΝΙΗΛ 4:20	28146	ἔφθανεν	ἔφθασεν	single_char	-ανεν → -ασεν	\vs{20}Τὸ δένδρον ὃ εἶδες τὸ μεγαλυνθὲν καὶ τὸ ἰσχυκὸς, οὗ τὸ ὓψος ἔφθανεν εἰς τὸν οὐρανὸν, καὶ τὸ κῦτος αὐτοῦ εἰς πᾶσαν τὴν γῆν,
ΩΣΗΕ 14:2	28724	ἠσθένησαν	ἠσθένησας	single_char	-αν → -ας	\vs{2}Ἐπιστράφηθι Ἰσραὴλ πρὸς Κύριον τὸν Θεόν σου, διότι ἠσθένησαν ἐν ταῖς ἀδικίαις σου.
ΑΜΩΣ 3:5	28894	τῆς	τὴν	single_char	-ης → -ην	\vs{5}Εἰ πεσεῖται ὄρνεον ἐπὶ τῆς γῆς ἄνευ ἰξευτοῦ; εἰ σχασθήσεται παγὶς ἐπὶ τῆς γῆς ἄνευ τοῦ συλλαβεῖν τί;
ΑΜΩΣ 3:5	28894	γῆς	γῆν	single_char	-ης → -ην	\vs{5}Εἰ πεσεῖται ὄρνεον ἐπὶ τῆς γῆς ἄνευ ἰξευτοῦ; εἰ σχασθήσεται παγὶς ἐπὶ τῆς γῆς ἄνευ τοῦ συλλαβεῖν τί;
ΑΜΩΣ 5:8	28937	πρόσωπον	προσώπου	single_char	-ον → -ου	\vs{8}ὁ ποιῶν πάντα καὶ μετασκευάζων, καὶ ἐκτρέπων εἰς τοπρωῒ σκιάν, καὶ ἡμέραν εἰς νύκτα συσκοτάζων, ὁ προσκαλούμενος τὸ ὕδωρ τῆς θαλάσσης, καὶ ἐκχέων αὐτὸ ἐπὶ πρόσωπον τῆς γῆς· Κύριος ὄνομα αὐτῷ·
ΜΙΧΑΙΑΣ 5:3	29245	Κύριος	κυρίου	single_char	-ος → -ου	\vs{3}Καὶ στήσεται καὶ ὄψεται, καὶ ποιμανεῖ τὸ ποίμνιον αὐτοῦ ἐν ἰσχύϊ Κύριος, καὶ ἐν τῇ δόξῃ ὀνόματος Κυρίου Θεοῦ αὐτῶν ὑπάρξουσι, διότι νῦν μεγαλυνθήσονται ἕως ἄκρων τῆς γῆς.
ΝΑΟΥΜ 2:12	29354	σκύμνον	σκύμνος	single_char	-ον → -ος	\vs{12}Ποῦ ἐστι τὸ κατοικητήριον τῶν λεόντων, καὶ ἡ νομὴ ἡ οὖσα τοῖς σκύμνοις; ποῦ ἐπορεύθη λέων, τοῦ εἰσελθεῖν ἐκεῖ σκύμνον λέοντος, καὶ οὐκ ἦν ὁ ἐκφοβῶν;
ΖΑΧΑΡΙΑΣ 14:21	29911	ἅγιος	ἅγιον	single_char	-ος → -ον	\vs{21}Καὶ ἔσται πᾶς λέβης ἐν Ἱερουσαλὴμ καὶ ἐν τῷ Ἰούδᾳ ἅγιος τῷ Κυρίῳ παντοκράτορι· καὶ ἥξουσι πάντες οἱ θυσιάζοντες, καὶ λήψονται ἐξ αὐτῶν, καὶ ἑψήσουσιν ἐν αὐτοῖς· καὶ οὐκ ἔσται Χαναναῖος ἔτι ἐν τῷ οἴκῳ Κυρίου παντοκράτορος ἐν τῇ ἡμέρᾳ ἐκείνῃ.
ΜΑΛΑΧΙΑΣ 1:8	29927	θυσίας	θυσίαν	single_char	-ας → -αν	\vs{8}Διότι ἐὰν προσαγάγητε τυφλὸν εἰς θυσίας, οὐ κακόν; καὶ ἐὰν προσαγάγητε χωλὸν ἢ ἄῤῥωστον, οὐ κακόν; προσάγαγε δὴ αὐτὸ τῷ ἡγουμένῳ σου, εἰ προσδέξεταί σε, εἰ λήψεται πρόσωπόν σου, λέγει Κύριος παντοκράτωρ.
ΕΣΔΡΑΣ Α 1:40	30050	αὐτὸν	αὐτοῦ	single_char	-ον → -ου	\vs{40}Μετʼ αὐτὸν δὲ ἀνέβη Ναβουχοδονόσορ ὁ βασιλεὺς Βαβυλῶνος, καὶ ἔδησεν αὐτὸν ἐν χαλκείῳ δεσμῷ, καὶ ἀπήγαγεν εἰς Βαβυλῶνα.
ΕΣΔΡΑΣ Α 5:8	30226	τὴς	τὴν	single_char	-ης → -ην	\vs{8}Καὶ ἐπέστρεψαν εἰς Ἱερουσαλὴμ καὶ τὴν λοιπὴν Ἰουδαίαν ἕκαστος εἰς τὴς ἰδίαν πόλιν, οἱ ἐλθόντες μετὰ Ζοροβάβελ, καὶ Ἰησοῦ, Νεεμίου, Ζαραίου, Ῥησαίου, Ἐνηνέος, Μαρδοχαίου, Βεελσάρου, Ἀσφαράσου, Ῥεελίου, Ῥοΐμου, Βαανὰ, τῶν προηγουμένων αὐτῶν.
ΕΣΔΡΑΣ Α 6:9	30347	τοῖς	ταῖς	sequence	οι → αι	\vs{9}καινὸν διὰ λίθων ξυστῶν πολυτελῶν, ξύλων τιθεμένων ἐν τοῖς τοίχοις,
ΕΣΔΡΑΣ Α 6:17	30357	τὸν	τοῦ	single_char	-ον → -ου	\vs{17}Ἐν δὲ τῷ πρώτῳ ἔτει βασιλεύοντος Κύρου χώρας Βαβυλωνίας, ἔγραψεν ὁ βασιλεὺς Κύρος τὸν οἶκον τοῦτον οἰκοδομῆσαι·
ΕΣΔΡΑΣ Α 6:26	30368	τὸν	τοῦ	single_char	-ον → -ου	\vs{26}Καὶ τὰ ἱερὰ σκεύη τοῦ οἴκου Κυρίου τά τε χρυσᾶ καὶ ἀργυρᾶ, ἃ ἐξήνεγκε Ναβουχοδονόσορ ἐκ τοῦ οἴκου τοῦ ἐν Ἱερουσαλὴμ, καὶ ἀπήνεγκεν εἰς Βαβυλῶνα, ἀποκατασταθῆναι εἰς τὸν οἶκον τὸν ἐν Ἱερουσαλὴμ, οὗ ἦν κείμενα, ὅπως τεθῇ ἐκεῖ.
ΕΣΔΡΑΣ Α 8:15	30418	Κυρίον	κυρίου	single_char	-ον → -ου	\vs{15}ὥστε προσενεγκεῖν θυσίας τῷ Κυρίῳ ἐπὶ τὸ θυσιαστήριον τοῦ Κυρίον Θεοῦ αὐτῶν τὸ ἐν Ἱερουσαλήμ.
ΤΩΒΙΤ 1:8	30608	ὀρφανὸς	ὀρφανὸν	single_char	-ος → -ον	\vs{8}καὶ τὴν τρίτην ἐδίδουν οἷς καθήκει, καθὼς ἐνετείλατο Δεββωρὰ ἡ μήτηρ τοῦ πατρός μου, διότι ὀρφανὸς κατελείφθην ὑπὸ τοῦ πατρός μου.
ΤΩΒΙΤ 1:21	30625	αὐτοῦ	αὐτόν	single_char	-ου → -ον	\vs{21}Καὶ οὐ διῆλθον ἡμέρας πεντήκοντα, ἕως οὗ ἀπέκτειναν αὐτὸν οἱ δύο υἱοὶ αὐτοῦ· καὶ ἔφυγον εἰς τὰ ὄρη Ἀραράθ· καὶ ἐβασίλευσε Σαχερδονὸς υἱὸς αὐτοῦ ἀντʼ αὐτοῦ, καὶ ἔταξεν Ἀχιάχαρον τὸν Ἀναὴλ υἱὸν τοῦ ἀδελφοῦ μου ἐπὶ πᾶσαν τὴν ἐκλογιστίαν τῆς βασιλείας αὐτοῦ, καὶ ἐπὶ πᾶσαν τὴν διοίκησιν.
ΤΩΒΙΤ 2:6	30636	θρῆνον	θρῆνος	single_char	-ον → -ος	\vs{6}Καὶ ἐμνήσθην τῆς προφητείας Ἀμὼς, καθὼς εἶπε, στραφήσονται αἱ ἑορταὶ ὑμῶν εἰς πένθος, καὶ πᾶσαι αἱ εὐφροσύναι ὑμῶν εἰς θρῆνον.
ΤΩΒΙΤ 11:5	30838	τὸν	τοῦ	single_char	-ον → -ου	\vs{5}Καὶ Ἄννα ἐκάθητο περιβλεπομένη εἰς τὴν ὁδὸν τὸν παῖδα αὐτῆς.
ΤΩΒΙΤ 12:19	30880	ὅρασιν	ὅρασις	single_char	-ιν → -ις	\vs{19}Πάσας τὰς ἡμέρας ὠπτανόμην ὑμῖν, καὶ οὐκ ἔφαγον οὐδὲ ἔπιον, ἀλλὰ ὅρασιν ὑμεῖς ἐθεωρεῖτε.
ΤΩΒΙΤ 13:15	30907	τὸν	τοῦ	single_char	-ον → -ου	\vs{15}Ἡ ψυχή μου εὐλογεὶτω τὸν Θεὸν τὸν βασιλέα τὸν μέγαν,
ΤΩΒΙΤ 14:10	30925	ἧς	ἣν	single_char	-ης → -ην	\vs{10}Καὶ θάψον με καλῶς, καὶ τὴν μητέρα σου μετʼ ἐμοῦ, καὶ μηκέτι αὐλισθῆτε εἰς Νινευή· τεκνον, ἴδε τί ἐποίησεν Ἀμὰν Ἀχιαχάρῳ τῷ θρέψαντι αὐτόν, ὡς ἐκ τοῦ φωτὸς ἤγαγεν αὐτὸν εἰς τὸ σκότος, καὶ ὅσα ἀνταπέδωκεν αὐτῷ· καὶ Ἀχιάχαρον μὲν ἔσωσεν, ἐκείνῳ δὲ τὸ ἀνταπόδομα ἀπεδόθη, καὶ αὐτὸς κατέβη εἰς τὸ σκότος. Μανασσῆς ἐποίησεν ἐλεημοσύνην, καὶ ἐσώθη ἐκ παγίδος θανάτου ἧς ἔπηξεν αὐτῷ· Ἀμὰν δὲ ἐνέπεσεν εἰς τὴν παγίδα, καὶ ἀπώλετο.
ΤΩΒΙΤ 14:11	30927	τῆς	τὴν	single_char	-ης → -ην	\vs{11}Καὶ νῦν, παιδία, ἴδετε τί ἐλεημοσύνη ποιεῖ, καὶ δικαιοσύνη ῥύεται· καὶ ταῦτα αὐτοῦ λέγοντος, ἐξέλιπεν ἡ ψυχὴ αὐτοῦ ἐπὶ τῆς κλίνης· ἦν δὲ ἐτῶν ἑκατὸν πεντηκονταοκτώ· καὶ ἔθαψαν αὐτὸν ἐνδόξως.
ΤΩΒΙΤ 14:11	30927	κλίνης	κλίνην	single_char	-ης → -ην	\vs{11}Καὶ νῦν, παιδία, ἴδετε τί ἐλεημοσύνη ποιεῖ, καὶ δικαιοσύνη ῥύεται· καὶ ταῦτα αὐτοῦ λέγοντος, ἐξέλιπεν ἡ ψυχὴ αὐτοῦ ἐπὶ τῆς κλίνης· ἦν δὲ ἐτῶν ἑκατὸν πεντηκονταοκτώ· καὶ ἔθαψαν αὐτὸν ἐνδόξως.
ΙΟΥΔΙΘ 1:4	30943	δυνάμεων	δυνάμεως	single_char	-ων → -ως	\vs{4}Καὶ ἐποίησε τὰς πύλας αὐτῆς πύλας διεγειρομένας εἰς ὕψος πηχῶν ἑβδομήκοντα, καὶ τὸ πλάτος αὐτῶν πήχεις τεσσράκοντα εἰς ἐξόδους δυνάμεων δυνατῶν αὐτοῦ, καὶ διατάξεις τῶν πεζῶν αὐτοῦ.
ΙΟΥΔΙΘ 6:9	31082	σον	σου	single_char	-ον → -ου	\vs{9}Καὶ εἴπερ ἐλπίζεις τῇ καρδίᾳ σον ὅτι οὐ λημφθήσονται, μὴ συμπεσέτω σου τὸ πρόσωπον· ἐλάλησα, καὶ οὐδὲν διαπεσεῖται τῶν ῥημάτων μου.
ΙΟΥΔΙΘ 8:35	31191	σον	σου	single_char	-ον → -ου	\vs{35}Καὶ εἶπεν Ὀζίας καὶ οἱ ἄρχοντες πρὸς αὐτὴν, πορεύου εἰς εἰρήνην, καὶ Κύριος ὁ Θεὸς ἔμπροσθέν σον εἰς ἐκδίκησιν τῶν ἐχθρῶν ἡμῶν.
ΣΟΦΙΑ ΣΑΛΩΜΩΝ 3:13	31507	κοίτης	κοίτην	single_char	-ης → -ην	\vs{13}Ἐπικατάρατος ἡ γένεσις αὐτῶν, ὅτι μακαρία στεῖρα ἡ ἀμίαντος, ἥτις οὐκ ἔγνω κοίτης ἐν παραπτώματι, ἕξει καρπὸν ἐν ἐπισκοπῇ ψυχῶν.
ΣΟΦΙΑ ΣΑΛΩΜΩΝ 11:22	31751	δρόσον	δρόσου	single_char	-ον → -ου	\vs{22}Ὅτι ὡς ῥοπὴ ἐκ πλαστίγγων ὅλος ὁ κόσμος ἐναντίον σου, καὶ ὡς ῥανὶς δρόσον ὀρθρινὴ κατελθοῦσα ἐπὶ γῆν.
ΣΟΦΙΑ ΣΑΛΩΜΩΝ 15:10	31866	αὐτον	αὐτοῦ	single_char	-ον → -ου	\vs{10}Σποδὸς ἡ καρδία αὐτοῦ, καὶ γῆς εὐτελεστέρα ἡ ἐλπὶς αὐτοῦ, πηδοῦ τε ἀτιμότερος ὁ βίος αὐτον·
ΣΟΦΙΑ ΣΑΛΩΜΩΝ 17:14	31933	τὴν	τῆς	single_char	-ην → -ης	\vs{14}Οἱ δὲ τὴν ἀδύνατον ὄντως νύκτα καὶ ἐξ ἀδυνάτου ᾅδου μυχῶν ἐπελθοῦσαν, τὸν αὐτὸν ὕπνον κοιμώμενοι,
ΣΟΦΙΑ ΣΑΛΩΜΩΝ 18:15	31962	σον	σου	single_char	-ον → -ου	\vs{15}ὁ παντοδύναμός σου λόγος ἀπʼ οὐρανῶν ἐκ θρόνων βασιλειῶν, ἀπότομος πολεμιστὴς, εἰς μέσον τῆς ὀλεθρίας ἥλατο γῆς, ξίφος ὀξὺ τὴν ἀνυπόκριτον ἐπιταγήν σον φέρων,
ΣΟΦΙΑ ΣΑΛΩΜΩΝ 18:17	31964	δεινῶς	δεινῶν	single_char	-ως → -ων	\vs{17}Τότε παραχρῆμα φαντασίαι μὲν ὀνείρων δεινῶς ἐξετάραξαν αὐτοὺς, φόβοι δὲ ἐπέστησαν ἀδόκητοι
ΣΟΦΙΑ ΣΕΙΡΑΧ 9:13	32300	πόλεων	πόλεως	single_char	-ων → -ως	\vs{13}Μακρὰν ἄπεχε ἀπὸ ἀνθρώπου ὃς ἔχει ἐξουσιαν τοῦ φονεύειν, καὶ οὐ μὴ ὑποπτεύσῃς φόβον θανάτου· κᾂν προσέλθῃς, μὴ πλημμελήσῃς, ἵνα μὴ ἀφέληται τὴν ζωήν σου· ἐπίγνωθι ὅτι ἐν μέσῳ παγίδων διαβαίνεις, καὶ ἐπὶ ἐπάλξεων πόλεων περιπατεῖς.
ΣΟΦΙΑ ΣΕΙΡΑΧ 17:31	32557	πονηρὸς	πονηρὸν	single_char	-ος → -ον	\vs{31}Τί φωτεινότερον ἡλίου; καὶ τοῦτο ἐκλείπει, καὶ πονηρὸς ἐνθυμηθήσεται σάρκα καὶ αἷμα.
ΣΟΦΙΑ ΣΕΙΡΑΧ 22:11	32720	σύνεσις	σύνεσιν	single_char	-ις → -ιν	\vs{11}Ἐπὶ νεκρῷ κλαῦσον, ἐξέλιπε γὰρ φῶς· καὶ ἐπὶ μωρῷ κλαῦσον, ἐξέλιπε γὰρ σύνεσις· ἥδιον κλαῦσον ἐπὶ νεκρῷ, ὅτι ἀνεπαύσατο, τοῦ δὲ μωροῦ ὑπὲρ θάνατον ἡ ζωὴ πονηρά.
ΣΟΦΙΑ ΣΕΙΡΑΧ 42:17	33425	Κύριος	κυρίου	single_char	-ος → -ου	\vs{17}Οὐκ ἐνεποίησε τοῖς ἁγίοις Κύριος ἐκδιηγήσασθαι πάντα τὰ θαυμάσια αὐτοῦ, ἃ ἐστερέωσε Κύριος ὁ παντοκράτωρ, στηριχθῆναι ἐν δόξῃ αὐτοῦ τὸ πᾶν.
ΣΟΦΙΑ ΣΕΙΡΑΧ 43:9	33445	Κύριος	κυρίου	single_char	-ος → -ου	\vs{9}κάλλος οὐρανοῦ, δόξα ἄστρων, κόσμος φωτίζων, ἐν ὑψίστοις Κύριος.
ΣΟΦΙΑ ΣΕΙΡΑΧ 45:4	33509	αὐτοῦ	αὐτὸν	single_char	-ου → -ον	\vs{4}Ἐν πίστει καὶ πραΰτητι αὐτοῦ ἡγίασεν, ἐξελέξατο αὐτὸν ἐκ πάσης σαρκός.
ΣΟΦΙΑ ΣΕΙΡΑΧ 45:23	33535	στῆσαι	στῆναι	single_char	-ησαι → -ηναι	\vs{23}Καὶ Φινεὲς υἱὸς Ἐλεάζαρ τρίτος εἰς δόξαν, ἐν τῷ ζηλῶσαι αὐτὸν ἐν φόβῳ Κυρίου, καὶ στῆσαι αὐτὸν ἐν τροπῇ λαοῦ, ἐν ἀγαθότητι προθυμίας ψυχῆς αὐτοῦ, καὶ ἐξιλάσατο περὶ τοῦ Ἰσραήλ.
ΣΟΦΙΑ ΣΕΙΡΑΧ 46:3	33543	πρότερον	πρότερος	single_char	-ον → -ος	\vs{3}Τίς πρότερον αὐτοῦ οὕτως ἔστη; τοὺς γὰρ πολεμίους Κύριος αὐτὸς ἐπήγαγεν.
ΣΟΦΙΑ ΣΕΙΡΑΧ 46:3	33543	Κύριος	κυρίου	single_char	-ος → -ου	\vs{3}Τίς πρότερον αὐτοῦ οὕτως ἔστη; τοὺς γὰρ πολεμίους Κύριος αὐτὸς ἐπήγαγεν.
ΣΟΦΙΑ ΣΕΙΡΑΧ 47:12	33581	τούτου	τοῦτον	single_char	-ου → -ον	\vs{12}Μετὰ τούτου ἀνέστη υἱὸς ἐπιστήμων, καὶ διʼ αὐτὸν κατέλυσεν ἐν πλατυσμῷ.
ΕΠΙΣΤΟΛΗ ΙΕΡΕΜΙΟΥ 1:27	33964	οἱ	αἱ	sequence	οι → αι	\vs{27}Αἰσχύνονταί τε καὶ οἱ θεραπεύοντες αὐτὰ, διὰ τὸ, εἴποτε ἐπὶ τὴν γῆν πέσῃ, μὴ διʼ αὐτῶν ἀνίστασθαι, μήτε ἐάν τις αὐτὸ ὀρθὸν στήσῃ, διʼ ἑαυτοῦ κινηθήσεται, μητε ἐὰν κλιθῇ, οὐ μὴ ὀρθωθῇ, ἀλλʼ ὥσπερ νεκροῖς τὰ δῶρα αὐτοῖς παρατίθεται.
ΜΑΚΚΑΒΑΙΩΝ Α 3:44	34417	ἔλεον	ἔλεος	single_char	-ον → -ος	\vs{44}Καὶ συνηθροίσθη ἡ συναγωγὴ τοῦ εἶναι ἑτοίμους εἰς πόλεμον, καὶ τοῦ προσεύξασθαι, καὶ αἰτῆσαι ἔλεον καὶ οἰκτιρμούς.
ΜΑΚΚΑΒΑΙΩΝ Α 5:15	34541	Γαλιλαίας	γαλιλαίαν	single_char	-ας → -αν	\vs{15}λέγοντες ἐπισυνῆχθαι ἐπʼ αὐτοὺς ἐκ Πτολεμαΐδος καὶ Τύρου καὶ Σιδῶνος καὶ πάσης Γαλιλαίας ἀλλοφύλων, τοῦ ἐξαναλῶσαι ἡμᾶς.
ΜΑΚΚΑΒΑΙΩΝ Α 6:58	34685	δεξιὰν	δεξιὰς	single_char	-αν → -ας	\vs{58}Νῦν οὖν δῶμεν δεξιὰν τοῖς ἀνθρώποις τούτοις, καὶ ποιήσωμεν μετʼ αὐτῶν εἰρήνην καὶ μετὰ παντὸς ἔθνους αὐτῶν,
ΜΑΚΚΑΒΑΙΩΝ Α 7:48	34755	μεγάλης	μεγάλην	single_char	-ης → -ην	\vs{48}Καὶ εὐφράνθη δ λαὸς σφόδρα, καὶ ἤγαγον τὴν ἡμέραν ἐκείνην ἡμέραν εὐφροσύνης μεγάλης.
ΜΑΚΚΑΒΑΙΩΝ Α 10:20	34921	φιλίαν	φιλίας	single_char	-αν → -ας	\vs{20}Καὶ νῦν καθεστάκαμέν σε σήμερον ἀρχιερέα τοῦ ἔθνους σου, καὶ φίλον βασιλέως καλεῖσθαι· καὶ ἀπέστειλεν αὐτῷ πορφύραν καὶ στέφανον χρυσοῦν· καὶ φρονεῖν τὰ ἡμῶν, καὶ συντηρεῖν φιλίαν πρὸς ἡμᾶς.
ΜΑΚΚΑΒΑΙΩΝ Α 10:52	34964	βασιλείας	βασιλείαν	single_char	-ας → -αν	\vs{52}ἐπεὶ ἀνέστρεψα εἰς γῆν βασιλείας μου, καὶ ἐκάθισα ἐπὶ θρόνου πατέρων μου, καὶ ἐκράτησα τῆς ἀρχῆς, καὶ συνέτριψα τὸν Δημήτριον, καὶ ἐπεκράτησα τῆς χώρας ἡμῶν·
ΜΑΚΚΑΒΑΙΩΝ Α 12:26	35160	τὴς	τὴν	single_char	-ης → -ην	\vs{26}Καὶ ἀπέστειλε κατασκόπους εἰς τὴς παρεμβολὴν αὐτῶν, καὶ ἀπέστρεψαν, καὶ ἀπήγγειλαν αὐτῷ, ὅτι οὕτω τάσσονται ἐπιπεσεῖν ἐπʼ αὐτοὺς τὴν νύκτα.
ΜΑΚΚΑΒΑΙΩΝ Α 13:47	35263	αὐτὴς	αὐτὴν	single_char	-ης → -ην	\vs{47}Καὶ συνελύθη Σίμων αὐτοῖς, καὶ οὐκ ἐπολέμησεν αὐτούς· καὶ ἐξέβαλεν αὐτοὺς ἐκ τῆς πόλεως, καὶ ἐκαθάρισε τὰς οἰκίας ἐν αἷς ἦν τὰ εἴδωλα, καὶ οὕτως εἰσῆλθεν εἰς αὐτὴς ὑμνῶν καὶ εὐλογῶν.
ΜΑΚΚΑΒΑΙΩΝ Α 14:24	35305	ὁλκῆς	ὁλκὴν	single_char	-ης → -ην	\vs{24}Μετὰ ταῦτα ἀπέστειλε Σίμων τὸν Νουμήνιον εἰς Ῥώμην ἔχοντα ἀσπίδα χρυσῆν μεγάλην ὁλκῆς μνῶν χιλιων, εἰς τὸ στῆσαι πρὸς αὐτοὺς τὴν συμμαχίαν.
ΜΑΚΚΑΒΑΙΩΝ Α 14:35	35320	τὴς	τὴν	single_char	-ης → -ην	\vs{35}Καὶ εἶδεν ὁ λαὸς τὴς πρᾶξιν τοῦ Σίμωνος, καὶ τὴν δόξαν ἣν ἐβουλεύσατο ποιῆσαι τῷ ἔθνει αὐτοῦ, καὶ ἔθεντο αὐτὸν ἡγοὺμενον αὐτῶν καὶ ἀρχιερέα, διὰ τὸ αὐτὸν πεποιηκέναι πάντα ταῦτα, καὶ τὴν δικαιοσύνην, καὶ τὴν πίστιν ἣν συνετήρησε τῷ ἔθνει αὐτοῦ, καὶ ἐζήτησε παντὶ τρόπῳ ὑψῶσαι τὸν λαὸν αὐτοῦ.
ΜΑΚΚΑΒΑΙΩΝ Β 1:18	35467	θυσίαν	θυσίας	single_char	-αν → -ας	\vs{18}Μέλλοντες οὖν ἄγειν ἐν τῷ Χασελεὺ πέμπτῃ καὶ εἰκάδι τὸν καθαρισμὸν τοῦ ἱεροῦ, δεόν ἡγησάμεθα διασαφῆσαι ὑμῖν, ἵνα καὶ αὐτοὶ ἄγητε τῆς σκηνοπηγίας καὶ τοῦ πυρός, ὅτε Νεεμίας οἰκοδομήσας τό, τε ἱερὸν καὶ τὸ θυσιαστήριον, ἀνήνεγκε θυσίαν.
ΜΑΚΚΑΒΑΙΩΝ Β 4:21	35622	τῶυ	τῶν	single_char	-ωυ → -ων	\vs{21}Ἀποσταλέντος δὲ εἰς Αἴγυπτον Ἀπολλωνίου τοῦ Μενεσθέως διὰ τὰ πρωτοκλίσια Πτολεμαίου τοῦ Φιλομήτορος βασιλέως, μεταλαβὼν Ἀντίοχος ἀλλότριον αὐτὸν τῶυ αὐτῶν γεγονέναι πραγμάτων, τῆς κατʼ αὑτὸν ἀσφαλείας ἐφρόντιζεν· ὅθεν εἰς Ἰόππην παραγενόμενος, κατήντησεν εἰς Ἰεροσόλυμα.
ΜΑΚΚΑΒΑΙΩΝ Β 4:37	35645	ἔλεον	ἔλεος	single_char	-ον → -ος	\vs{37}Ψυχικῶς οὖν ὁ Ἀντίοχος ἐπιλυπηθεὶς, καὶ τραπεὶς εἰς ἔλεον, καὶ δακρύσας διὰ τὴν τοῦ μετηλλαχότος σωφροσύνην, καὶ πολλὴν εὐταξίαν,
ΜΑΚΚΑΒΑΙΩΝ Β 7:37	35802	ἵλεων	ἵλεως	single_char	-ων → -ως	\vs{37}Ἐγὼ δὲ καθάπερ οἱ ἀδελφοί μου, καὶ σῶμα καὶ ψυχὴν προδίδωμι περὶ τῶν πατρίων νόμων, ἐπικαλούμενος τὸν Θεὸν ἵλεων ταχὺ τῷ ἔθνει γενέσθαι, καὶ σὲ μετὰ ἐτασμῶν καὶ μαστίγων ἐξομολογήσασθαι, διότι μόνος αὐτὸς Θεός ἐστιν,
ΜΑΚΚΑΒΑΙΩΝ Β 7:38	35803	στῆναι	στῆσαι	single_char	-ηναι → -ησαι	\vs{38}ἐν ἐμοὶ δὲ καὶ τοῖς ἀδελφοῖς μου στῆναι τὴν τοῦ παντοκράτορος ὀργὴν τὴν ἐπὶ τὸ σύμπαν ἡμῶν γένος δικαίως ἐπηγμένην.
ΜΑΚΚΑΒΑΙΩΝ Β 10:3	35913	θυσίαν	θυσίας	single_char	-αν → -ας	\vs{3}Καὶ τὸν νεὼν καθαρίσαντες, ἕτερον θυσιαστήριον ἐποίησαν, καὶ πυρώσαντες λίθους, καὶ πῦρ ἐκ τούτων λαβόντες, ἀνήνεγκαν θυσίαν μετὰ διετῆ χρόνον, καὶ θυμίαμα καὶ λύχνους, καὶ τῶν ἄρτων τὴν πρόθεσιν ἐποιήσαντο.
ΜΑΚΚΑΒΑΙΩΝ Β 10:26	35946	ἵλεων	ἵλεως	single_char	-ων → -ως	\vs{26}ἐπὶ τὴν ἀπέναντι τοῦ θυσιαστηρίου κρηπίδα προσπεσόντες, ἠξίουν ἵλεων αὐτοῖς γενόμενον ἐχθρεῦσαι τοῖς ἐχθροῖς αὐτῶν, καὶ ἀντικεῖσθαι τοῖς ἀντικειμένοις, καθὼς ὁ νόμος διασαφεῖ.
ΜΑΚΚΑΒΑΙΩΝ Β 12:11	36029	δεξιὰν	δεξιὰς	single_char	-αν → -ας	\vs{11}Γενομένης δὲ καρτερᾶς μάχης, καὶ τῶν περὶ τὸν Ἰούδαν διὰ τὴν παρὰ τοῦ Θεοῦ βοήθειαν εὐημερησάντων, ἐλαττωθέντες οἱ Νομάδες Ἄραβες ἠξίουν δοῦναι τὸν Ἰούδαν δεξιὰν αὐτοῖς, ὑπισχνούμενοι καὶ βοσκήματα δώσειν, καὶ ἐν τοῖς λοιποῖς ὠφελήσειν αὐτούς.
ΜΑΚΚΑΒΑΙΩΝ Β 13:15	36100	νίκης	νίκην	single_char	-ης → -ην	\vs{15}Δοὺς δὲ τοῖς περὶ αὐτὸν σύνθημα Θεοῦ νίκης, μετὰ νεανίσκων ἀρίστων κεκριμένων ἐπιβαλὼν νύκτωρ ἐπὶ τὴν βασιλικὴν αὐλὴν, ἐν τῇ παρεμβολῇ ἀνεῖλεν εἰς ἄνδρας τετρακισχιλίους, καὶ τὸν πρωτεύοντα τῶν ἐλεφάντων σὺν τῷ κατʼ οἰκίαν ὄχλῳ συνέθηκε,
ΜΑΚΚΑΒΑΙΩΝ Β 15:22	36211	ἀνεῖλες	ἀνεῖλεν	single_char	-ες → -εν	\vs{22}Ἔλεγε δὲ ἐπικαλούμενος τόνδε τὸν τρόπον, σὺ, Δέσποτα, ἀπέστειλας τὸν ἄγγελόν σου ἐπὶ Ἑζεκίου τοῦ βασιλέως τῆς Ἰουδαίας, καὶ ἀνεῖλες ἐκ τῆς παρεμβολῆς Σενναχηρεὶμ εἰς ἑκατὸν ὀγδοηκονταπέντε χιλιάδας.
ΜΑΚΚΑΒΑΙΩΝ Γ 2:6	36292	αἷς	οἷς	sequence	αι → οι	\vs{6}Σὺ τὸν θρασὺν Φαραὼ καταδουλωσάμενον τὸν λαόν σου τὸν ἅγιον Ἰσραὴλ, ποικίλαις καὶ πολλαῖς δοκιμάσας τιμωρίαις, ἐγνώρισας τὴν σὴν δυναστείαν· ἐφʼ αἷς ἐγνώρισας τὸ μέγα σου κράτος.
ΜΑΚΚΑΒΑΙΩΝ Γ 2:10	36298	τοῦτου	τοῦτον	single_char	-ου → -ον	\vs{10}Καὶ ἀγαπῶν τὸν οἶκον τοῦ Ἰσραὴλ, ἐπηγγείλω δὴ ὃτι ἐὰν γένηται ἡμῶν ἀποστροφὴ, καὶ καταλάβῃ ἡμᾶς στενοχωρία, καὶ ἐλθόντες εἰς τὸν τόπον τοῦτου δεηθῶμεν, εἰσακούσῃ τῆς δεήσεως ἡμῶν.
ΜΑΚΚΑΒΑΙΩΝ Γ 5:32	36446	συστροφίας	συντροφίας	single_char		\vs{32}Καί περ εἰ μὴ διὰ τὴν τῆς συστροφίας στοργὴν καὶ τῆς χρείας, τὸ ζῇν ἀντὶ τούτων ἐστερήθης.
ΜΑΚΚΑΒΑΙΩΝ Δ 1:8	36578	ἀρετὴν	ἀρετῆς	single_char	-ην → -ης	\vs{8}Πολὺ δὲ πλέον τοῦτο ἀποδείξαιμι ἀπὸ τῆς ἀνδραγαθείας τῶν ὑπὲρ ἀρετὴν ἀποθανόντων, Ἐλεαζάρου τε καὶ ἑπτὰ ἀδελφῶν καὶ τῆς τούτων μητρός.
ΜΑΚΚΑΒΑΙΩΝ Δ 4:2	36678	Ἀπολλώνιος	ἀπολλώνιον	single_char	-ος → -ον	\vs{2}Ὅθεν ἥκων πρὸς Ἀπολλώνιος, τὸν Συρίας τε καὶ Φοινίκης καὶ Κιλικίας στρατηγὸν, ἔλεγεν,
ΜΑΚΚΑΒΑΙΩΝ Δ 5:27	36743	ἀναγκάζεις	ἀναγκάζειν	single_char	-ις → -ιν	\vs{27}Τυραννικὸν δὲ, οὐ μόνον ἀναγκάζεις ἡμᾶς παρανομεῖν, ἀλλὰ καὶ ἐσθίειν, ὅπως τῇ ἐχθίστῃ ἡμῶν μιαροφαγίᾳ ταύτῃ ἔτι ἐγγελάσῃς.
ΜΑΚΚΑΒΑΙΩΝ Δ 8:3	36840	τύραννος	τυράννου	single_char	-ος → -ου	\vs{3}Οὓς ἰδὼν ὁ τύραννος καθάπερ ἐν χορῷ περιέχοντας μέσην τὴν μητέρα, ἤσθετο ἐπʼ αὐτοῖς, καὶ τῆς εὐπρεπείας ἐκπλαγεὶς καὶ τῆς εὐγενείας προσεμειδίασεν αὐτοῖς, καὶ πλησίον καλέσας, ἔφη,
ΜΑΚΚΑΒΑΙΩΝ Δ 12:7	36984	τῆν	τῆς	single_char	-ην → -ης	\vs{7}Ὁ δὲ τῆν μητρὸς τῇ Ἐβραΐδι φωνῇ προτρεψαμένης· αὐτὸν (ὡς ἐροῦμεν μετὰ μικρὸν ὕστερον.) ἀπολύσατε με, φησίν·
ΜΑΚΚΑΒΑΙΩΝ Δ 12:14	36993	εἰν	εἰς	single_char	-ιν → -ις	\vs{14}Ἀλλʼ οἱ μὴν εὐγενῶς ἀποθανόντες ἐπλήρωσαν τὴν εἰν τὸν Θεὸν εὐσέβειαν.
ΜΑΚΚΑΒΑΙΩΝ Δ 13:8	37013	εὐσεβείαν	εὐσεβείας	single_char	-αν → -ας	\vs{8}Ἱερὸν γὰρ εὐσεβείαν στήσαντες χορὸν παρεθάρσυνον ἀλλήλους, λέγοντες,
ΜΑΚΚΑΒΑΙΩΝ Δ 13:9	37014	νόμον	νόμου	single_char	-ον → -ου	\vs{9}ἀδελφικῶς ἀποθάνοιμεν, ἀδελφοὶ, περὶ τοῦ νόμον· μιμησώμεθα τούς τρεῖς τοὺς ἐπὶ Ἀσσυρίας νεανίσκους, οἵ τῆς ἰσεπόλιδος καμίνου κατεφρόνησαν.
ΜΑΚΚΑΒΑΙΩΝ Δ 13:22	37029	τῆν	τῆς	single_char	-ην → -ης	\vs{22}καὶ αὔξοντες σφοδρότερον διὰ συντροφίας, καὶ τῆς καθʼ ἠμέραν συνηθείας, καὶ τῆς ἄλλης παιδείας, καὶ τῆν ἡμετέρας ἐν νόμῳ Θεοῦ ἀσκήσεως.
ΜΑΚΚΑΒΑΙΩΝ Δ 14:2	37041	βασιλέως	βασιλέων	single_char	-ως → -ων	\vs{2}Ὦ βασιλέως λογισμοὶ βασιλικώτεροι καὶ ἐλευθέρων ἐλευθερώτεροι.
ΜΑΚΚΑΒΑΙΩΝ Δ 15:18	37089	δεύτερον	δεύτερος	single_char	-ον → -ος	\vs{18}Οὐ μετέρεψέν σε πρωτότοκος ἀποπνέων· οὐδὲ δεύτερον εἰς οἶκτρον βλέπων ἐν βασάνοις· οὐδὲ τρίτος ἀποψύχων.
ΜΑΚΚΑΒΑΙΩΝ Δ 15:25	37098	στρέβλαν	στρέβλας	single_char	-αν → -ας	\vs{25}Καθάπερ γὰρ ἐν βουλευτηρίῳ τῇ ἑαυτῆς ψυχῇ δεινοὺς ὁρῶσα συμβούλους, φύσιν καὶ γένεσιν καὶ φιλοτεκνίαν καὶ τέκνων στρέβλαν.
