Brenton Reference	Rahlfs Reference	Status	Line Number
ΓΕΝΕΣΙΣ 31:50a	Gen.31.50a	not_found	1127	Not present in rahlf, replicates v48
ΕΞΟΔΟΣ 25:5a	Exod.25.5a	not_found	2559	Not present in rahlf or swete.
ΑΡΙΘΜΟΙ 6:27	Num.6.27	not_found	4412	Not present in rahlf, present in swete with same verse number
ΚΡΙΤΑΙ 11:4	JudgB.11.4	not_found	8168	Present swete and in JudgB.11.4
ΒΑΣΙΛΕΙΩΝ Β 23:37a	2Sam.23.37a	not_found	10599	These three are all mixed up in numbers
ΒΑΣΙΛΕΙΩΝ Β 23:37b	2Sam.23.37b	not_found	10600
ΒΑΣΙΛΕΙΩΝ Β 23:37c	2Sam.23.37c	not_found	10601
ΠΑΡΑΛΕΙΠΟΜΕΝΩΝ Α 16:23a	1Chr.16.23a	not_found	13338
ΝΕΕΜΙΑΣ 3:6a	2Esdr.13.6a	not_found	15320	not present in rahlf or swete
ΕΣΘΗΡ 1:1	Esth.1.1	not_found	15807	corresponds to Esther 1a in rahlf < this was lettrine, so it assumed v1 rather than 1a
ΨΑΛΜΟΙ 115:4a	Ps.115.4a	not_found	20051	not present in rahlf or swete.
ΠΑΡΟΙΜΙΑΙ ΣΑΛΩΜΩΝΤΟΣ 24:22f	Prov.24.22f	not_found	21666	these seem to be numbered in swete similarly
ΠΑΡΟΙΜΙΑΙ ΣΑΛΩΜΩΝΤΟΣ 24:22f	Prov.24.22f	not_found	21668
ΠΑΡΟΙΜΙΑΙ ΣΑΛΩΜΩΝΤΟΣ 24:22g	Prov.24.22g	not_found	21670
ΠΑΡΟΙΜΙΑΙ ΣΑΛΩΜΩΝΤΟΣ 24:22h	Prov.24.22h	not_found	21671
ΠΑΡΟΙΜΙΑΙ ΣΑΛΩΜΩΝΤΟΣ 24:22i	Prov.24.22i	not_found	21672
ΠΑΡΟΙΜΙΑΙ ΣΑΛΩΜΩΝΤΟΣ 24:22k	Prov.24.22k	not_found	21673
ΠΑΡΟΙΜΙΑΙ ΣΑΛΩΜΩΝΤΟΣ 24:22l	Prov.24.22l	not_found	21674
ΠΑΡΟΙΜΙΑΙ ΣΑΛΩΜΩΝΤΟΣ 24:22m	Prov.24.22m	not_found	21676
ΠΑΡΟΙΜΙΑΙ ΣΑΛΩΜΩΝΤΟΣ 24:22n	Prov.24.22n	not_found	21677
ΠΑΡΟΙΜΙΑΙ ΣΑΛΩΜΩΝΤΟΣ 24:22o	Prov.24.22o	not_found	21678
ΠΑΡΟΙΜΙΑΙ ΣΑΛΩΜΩΝΤΟΣ 24:22p	Prov.24.22p	not_found	21680
ΠΑΡΟΙΜΙΑΙ ΣΑΛΩΜΩΝΤΟΣ 24:22q	Prov.24.22q	not_found	21681
ΠΑΡΟΙΜΙΑΙ ΣΑΛΩΜΩΝΤΟΣ 24:22r	Prov.24.22r	not_found	21682
ΠΑΡΟΙΜΙΑΙ ΣΑΛΩΜΩΝΤΟΣ 24:22s	Prov.24.22s	not_found	21683
ΠΑΡΟΙΜΙΑΙ ΣΑΛΩΜΩΝΤΟΣ 24:22t	Prov.24.22t	not_found	21684
ΠΑΡΟΙΜΙΑΙ ΣΑΛΩΜΩΝΤΟΣ 24:35	Prov.24.35	not_found	21699
ΠΑΡΟΙΜΙΑΙ ΣΑΛΩΜΩΝΤΟΣ 24:36	Prov.24.36	not_found	21700
ΠΑΡΟΙΜΙΑΙ ΣΑΛΩΜΩΝΤΟΣ 24:37	Prov.24.37	not_found	21702
ΠΑΡΟΙΜΙΑΙ ΣΑΛΩΜΩΝΤΟΣ 24:38	Prov.24.38	not_found	21703
ΠΑΡΟΙΜΙΑΙ ΣΑΛΩΜΩΝΤΟΣ 24:39	Prov.24.39	not_found	21704
ΠΑΡΟΙΜΙΑΙ ΣΑΛΩΜΩΝΤΟΣ 24:40	Prov.24.40	not_found	21705
ΠΑΡΟΙΜΙΑΙ ΣΑΛΩΜΩΝΤΟΣ 24:41	Prov.24.41	not_found	21707
ΠΑΡΟΙΜΙΑΙ ΣΑΛΩΜΩΝΤΟΣ 24:42	Prov.24.42	not_found	21708
ΠΑΡΟΙΜΙΑΙ ΣΑΛΩΜΩΝΤΟΣ 24:43	Prov.24.43	not_found	21709
ΠΑΡΟΙΜΙΑΙ ΣΑΛΩΜΩΝΤΟΣ 24:44	Prov.24.44	not_found	21711
ΠΑΡΟΙΜΙΑΙ ΣΑΛΩΜΩΝΤΟΣ 24:45	Prov.24.45	not_found	21712
ΠΑΡΟΙΜΙΑΙ ΣΑΛΩΜΩΝΤΟΣ 24:46	Prov.24.46	not_found	21713
ΠΑΡΟΙΜΙΑΙ ΣΑΛΩΜΩΝΤΟΣ 24:47	Prov.24.47	not_found	21714
ΠΑΡΟΙΜΙΑΙ ΣΑΛΩΜΩΝΤΟΣ 24:48	Prov.24.48	not_found	21715
ΠΑΡΟΙΜΙΑΙ ΣΑΛΩΜΩΝΤΟΣ 24:49	Prov.24.49	not_found	21717
ΠΑΡΟΙΜΙΑΙ ΣΑΛΩΜΩΝΤΟΣ 24:50	Prov.24.50	not_found	21718
ΠΑΡΟΙΜΙΑΙ ΣΑΛΩΜΩΝΤΟΣ 24:51	Prov.24.51	not_found	21719
ΠΑΡΟΙΜΙΑΙ ΣΑΛΩΜΩΝΤΟΣ 24:52	Prov.24.52	not_found	21721
ΠΑΡΟΙΜΙΑΙ ΣΑΛΩΜΩΝΤΟΣ 24:53	Prov.24.53	not_found	21722
ΠΑΡΟΙΜΙΑΙ ΣΑΛΩΜΩΝΤΟΣ 24:54	Prov.24.54	not_found	21724
ΠΑΡΟΙΜΙΑΙ ΣΑΛΩΜΩΝΤΟΣ 24:55	Prov.24.55	not_found	21726
ΠΑΡΟΙΜΙΑΙ ΣΑΛΩΜΩΝΤΟΣ 24:56	Prov.24.56	not_found	21727
ΠΑΡΟΙΜΙΑΙ ΣΑΛΩΜΩΝΤΟΣ 24:57	Prov.24.57	not_found	21728
ΠΑΡΟΙΜΙΑΙ ΣΑΛΩΜΩΝΤΟΣ 24:58	Prov.24.58	not_found	21729
ΠΑΡΟΙΜΙΑΙ ΣΑΛΩΜΩΝΤΟΣ 24:59	Prov.24.59	not_found	21730
ΠΑΡΟΙΜΙΑΙ ΣΑΛΩΜΩΝΤΟΣ 24:60	Prov.24.60	not_found	21731
ΠΑΡΟΙΜΙΑΙ ΣΑΛΩΜΩΝΤΟΣ 24:61	Prov.24.61	not_found	21732
ΠΑΡΟΙΜΙΑΙ ΣΑΛΩΜΩΝΤΟΣ 24:62	Prov.24.62	not_found	21733
ΠΑΡΟΙΜΙΑΙ ΣΑΛΩΜΩΝΤΟΣ 25:1	Prov.25.1	not_found	21736
ΠΑΡΟΙΜΙΑΙ ΣΑΛΩΜΩΝΤΟΣ 25:2	Prov.25.2	not_found	21738
ΠΑΡΟΙΜΙΑΙ ΣΑΛΩΜΩΝΤΟΣ 25:3	Prov.25.3	not_found	21739
ΠΑΡΟΙΜΙΑΙ ΣΑΛΩΜΩΝΤΟΣ 25:4	Prov.25.4	not_found	21740
ΠΑΡΟΙΜΙΑΙ ΣΑΛΩΜΩΝΤΟΣ 25:5	Prov.25.5	not_found	21741
ΠΑΡΟΙΜΙΑΙ ΣΑΛΩΜΩΝΤΟΣ 25:6	Prov.25.6	not_found	21743
ΠΑΡΟΙΜΙΑΙ ΣΑΛΩΜΩΝΤΟΣ 25:7	Prov.25.7	not_found	21744
ΠΑΡΟΙΜΙΑΙ ΣΑΛΩΜΩΝΤΟΣ 25:8	Prov.25.8	not_found	21746
ΠΑΡΟΙΜΙΑΙ ΣΑΛΩΜΩΝΤΟΣ 25:9	Prov.25.9	not_found	21747
ΠΑΡΟΙΜΙΑΙ ΣΑΛΩΜΩΝΤΟΣ 25:10	Prov.25.10	not_found	21748
ΠΑΡΟΙΜΙΑΙ ΣΑΛΩΜΩΝΤΟΣ 25:10a	Prov.25.10a	not_found	21749
ΠΑΡΟΙΜΙΑΙ ΣΑΛΩΜΩΝΤΟΣ 25:11	Prov.25.11	not_found	21751
ΠΑΡΟΙΜΙΑΙ ΣΑΛΩΜΩΝΤΟΣ 25:12	Prov.25.12	not_found	21752
ΠΑΡΟΙΜΙΑΙ ΣΑΛΩΜΩΝΤΟΣ 25:13	Prov.25.13	not_found	21753
ΠΑΡΟΙΜΙΑΙ ΣΑΛΩΜΩΝΤΟΣ 25:14	Prov.25.14	not_found	21755
ΠΑΡΟΙΜΙΑΙ ΣΑΛΩΜΩΝΤΟΣ 25:15	Prov.25.15	not_found	21756
ΠΑΡΟΙΜΙΑΙ ΣΑΛΩΜΩΝΤΟΣ 25:16	Prov.25.16	not_found	21757
ΠΑΡΟΙΜΙΑΙ ΣΑΛΩΜΩΝΤΟΣ 25:17	Prov.25.17	not_found	21758
ΠΑΡΟΙΜΙΑΙ ΣΑΛΩΜΩΝΤΟΣ 25:18	Prov.25.18	not_found	21759
ΠΑΡΟΙΜΙΑΙ ΣΑΛΩΜΩΝΤΟΣ 25:19	Prov.25.19	not_found	21760
ΠΑΡΟΙΜΙΑΙ ΣΑΛΩΜΩΝΤΟΣ 25:20	Prov.25.20	not_found	21762
ΠΑΡΟΙΜΙΑΙ ΣΑΛΩΜΩΝΤΟΣ 25:20a	Prov.25.20a	not_found	21763
ΠΑΡΟΙΜΙΑΙ ΣΑΛΩΜΩΝΤΟΣ 25:21	Prov.25.21	not_found	21765
ΠΑΡΟΙΜΙΑΙ ΣΑΛΩΜΩΝΤΟΣ 25:22	Prov.25.22	not_found	21766
ΠΑΡΟΙΜΙΑΙ ΣΑΛΩΜΩΝΤΟΣ 25:23	Prov.25.23	not_found	21767
ΠΑΡΟΙΜΙΑΙ ΣΑΛΩΜΩΝΤΟΣ 25:24	Prov.25.24	not_found	21768
ΠΑΡΟΙΜΙΑΙ ΣΑΛΩΜΩΝΤΟΣ 25:25	Prov.25.25	not_found	21769
ΠΑΡΟΙΜΙΑΙ ΣΑΛΩΜΩΝΤΟΣ 25:26	Prov.25.26	not_found	21770
ΠΑΡΟΙΜΙΑΙ ΣΑΛΩΜΩΝΤΟΣ 25:27	Prov.25.27	not_found	21771
ΠΑΡΟΙΜΙΑΙ ΣΑΛΩΜΩΝΤΟΣ 25:28	Prov.25.28	not_found	21772
ΠΑΡΟΙΜΙΑΙ ΣΑΛΩΜΩΝΤΟΣ 26:1	Prov.26.1	not_found	21775
ΠΑΡΟΙΜΙΑΙ ΣΑΛΩΜΩΝΤΟΣ 26:2	Prov.26.2	not_found	21776
ΠΑΡΟΙΜΙΑΙ ΣΑΛΩΜΩΝΤΟΣ 26:3	Prov.26.3	not_found	21777
ΠΑΡΟΙΜΙΑΙ ΣΑΛΩΜΩΝΤΟΣ 26:4	Prov.26.4	not_found	21778
ΠΑΡΟΙΜΙΑΙ ΣΑΛΩΜΩΝΤΟΣ 26:5	Prov.26.5	not_found	21779
ΠΑΡΟΙΜΙΑΙ ΣΑΛΩΜΩΝΤΟΣ 26:6	Prov.26.6	not_found	21780
ΠΑΡΟΙΜΙΑΙ ΣΑΛΩΜΩΝΤΟΣ 26:7	Prov.26.7	not_found	21781
ΠΑΡΟΙΜΙΑΙ ΣΑΛΩΜΩΝΤΟΣ 26:8	Prov.26.8	not_found	21782
ΠΑΡΟΙΜΙΑΙ ΣΑΛΩΜΩΝΤΟΣ 26:9	Prov.26.9	not_found	21783
ΠΑΡΟΙΜΙΑΙ ΣΑΛΩΜΩΝΤΟΣ 26:10	Prov.26.10	not_found	21784
ΠΑΡΟΙΜΙΑΙ ΣΑΛΩΜΩΝΤΟΣ 26:11	Prov.26.11	not_found	21785
ΠΑΡΟΙΜΙΑΙ ΣΑΛΩΜΩΝΤΟΣ 26:11a	Prov.26.11a	not_found	21786
ΠΑΡΟΙΜΙΑΙ ΣΑΛΩΜΩΝΤΟΣ 26:12	Prov.26.12	not_found	21787
ΠΑΡΟΙΜΙΑΙ ΣΑΛΩΜΩΝΤΟΣ 26:13	Prov.26.13	not_found	21788
ΠΑΡΟΙΜΙΑΙ ΣΑΛΩΜΩΝΤΟΣ 26:14	Prov.26.14	not_found	21790
ΠΑΡΟΙΜΙΑΙ ΣΑΛΩΜΩΝΤΟΣ 26:15	Prov.26.15	not_found	21791
ΠΑΡΟΙΜΙΑΙ ΣΑΛΩΜΩΝΤΟΣ 26:16	Prov.26.16	not_found	21792
ΠΑΡΟΙΜΙΑΙ ΣΑΛΩΜΩΝΤΟΣ 26:17	Prov.26.17	not_found	21794
ΠΑΡΟΙΜΙΑΙ ΣΑΛΩΜΩΝΤΟΣ 26:18	Prov.26.18	not_found	21795
ΠΑΡΟΙΜΙΑΙ ΣΑΛΩΜΩΝΤΟΣ 26:19	Prov.26.19	not_found	21796
ΠΑΡΟΙΜΙΑΙ ΣΑΛΩΜΩΝΤΟΣ 26:20	Prov.26.20	not_found	21797
ΠΑΡΟΙΜΙΑΙ ΣΑΛΩΜΩΝΤΟΣ 26:21	Prov.26.21	not_found	21798
ΠΑΡΟΙΜΙΑΙ ΣΑΛΩΜΩΝΤΟΣ 26:22	Prov.26.22	not_found	21799
ΠΑΡΟΙΜΙΑΙ ΣΑΛΩΜΩΝΤΟΣ 26:23	Prov.26.23	not_found	21801
ΠΑΡΟΙΜΙΑΙ ΣΑΛΩΜΩΝΤΟΣ 26:24	Prov.26.24	not_found	21802
ΠΑΡΟΙΜΙΑΙ ΣΑΛΩΜΩΝΤΟΣ 26:25	Prov.26.25	not_found	21803
ΠΑΡΟΙΜΙΑΙ ΣΑΛΩΜΩΝΤΟΣ 26:26	Prov.26.26	not_found	21804
ΠΑΡΟΙΜΙΑΙ ΣΑΛΩΜΩΝΤΟΣ 26:27	Prov.26.27	not_found	21805
ΠΑΡΟΙΜΙΑΙ ΣΑΛΩΜΩΝΤΟΣ 26:28	Prov.26.28	not_found	21806
ΠΑΡΟΙΜΙΑΙ ΣΑΛΩΜΩΝΤΟΣ 27:1	Prov.27.1	not_found	21809
ΠΑΡΟΙΜΙΑΙ ΣΑΛΩΜΩΝΤΟΣ 27:2	Prov.27.2	not_found	21810
ΠΑΡΟΙΜΙΑΙ ΣΑΛΩΜΩΝΤΟΣ 27:3	Prov.27.3	not_found	21811
ΠΑΡΟΙΜΙΑΙ ΣΑΛΩΜΩΝΤΟΣ 27:4	Prov.27.4	not_found	21812
ΠΑΡΟΙΜΙΑΙ ΣΑΛΩΜΩΝΤΟΣ 27:5	Prov.27.5	not_found	21813
ΠΑΡΟΙΜΙΑΙ ΣΑΛΩΜΩΝΤΟΣ 27:6	Prov.27.6	not_found	21814
ΠΑΡΟΙΜΙΑΙ ΣΑΛΩΜΩΝΤΟΣ 27:7	Prov.27.7	not_found	21816
ΠΑΡΟΙΜΙΑΙ ΣΑΛΩΜΩΝΤΟΣ 27:8	Prov.27.8	not_found	21817
ΠΑΡΟΙΜΙΑΙ ΣΑΛΩΜΩΝΤΟΣ 27:9	Prov.27.9	not_found	21818
ΠΑΡΟΙΜΙΑΙ ΣΑΛΩΜΩΝΤΟΣ 27:10	Prov.27.10	not_found	21820
ΠΑΡΟΙΜΙΑΙ ΣΑΛΩΜΩΝΤΟΣ 27:11	Prov.27.11	not_found	21821
ΠΑΡΟΙΜΙΑΙ ΣΑΛΩΜΩΝΤΟΣ 27:12	Prov.27.12	not_found	21822
ΠΑΡΟΙΜΙΑΙ ΣΑΛΩΜΩΝΤΟΣ 27:13	Prov.27.13	not_found	21823
ΠΑΡΟΙΜΙΑΙ ΣΑΛΩΜΩΝΤΟΣ 27:14	Prov.27.14	not_found	21824
ΠΑΡΟΙΜΙΑΙ ΣΑΛΩΜΩΝΤΟΣ 27:15	Prov.27.15	not_found	21826
ΠΑΡΟΙΜΙΑΙ ΣΑΛΩΜΩΝΤΟΣ 27:16	Prov.27.16	not_found	21827
ΠΑΡΟΙΜΙΑΙ ΣΑΛΩΜΩΝΤΟΣ 27:17	Prov.27.17	not_found	21828
ΠΑΡΟΙΜΙΑΙ ΣΑΛΩΜΩΝΤΟΣ 27:18	Prov.27.18	not_found	21829
ΠΑΡΟΙΜΙΑΙ ΣΑΛΩΜΩΝΤΟΣ 27:19	Prov.27.19	not_found	21830
ΠΑΡΟΙΜΙΑΙ ΣΑΛΩΜΩΝΤΟΣ 27:20	Prov.27.20	not_found	21831
ΠΑΡΟΙΜΙΑΙ ΣΑΛΩΜΩΝΤΟΣ 27:20a	Prov.27.20a	not_found	21832
ΠΑΡΟΙΜΙΑΙ ΣΑΛΩΜΩΝΤΟΣ 27:21	Prov.27.21	not_found	21833
ΠΑΡΟΙΜΙΑΙ ΣΑΛΩΜΩΝΤΟΣ 27:21a	Prov.27.21a	not_found	21834
ΠΑΡΟΙΜΙΑΙ ΣΑΛΩΜΩΝΤΟΣ 27:22	Prov.27.22	not_found	21835
ΠΑΡΟΙΜΙΑΙ ΣΑΛΩΜΩΝΤΟΣ 27:23	Prov.27.23	not_found	21837
ΠΑΡΟΙΜΙΑΙ ΣΑΛΩΜΩΝΤΟΣ 27:24	Prov.27.24	not_found	21838
ΠΑΡΟΙΜΙΑΙ ΣΑΛΩΜΩΝΤΟΣ 27:25	Prov.27.25	not_found	21839
ΠΑΡΟΙΜΙΑΙ ΣΑΛΩΜΩΝΤΟΣ 27:26	Prov.27.26	not_found	21840
ΠΑΡΟΙΜΙΑΙ ΣΑΛΩΜΩΝΤΟΣ 27:27	Prov.27.27	not_found	21841
ΠΑΡΟΙΜΙΑΙ ΣΑΛΩΜΩΝΤΟΣ 28:1	Prov.28.1	not_found	21844
ΠΑΡΟΙΜΙΑΙ ΣΑΛΩΜΩΝΤΟΣ 28:2	Prov.28.2	not_found	21845
ΠΑΡΟΙΜΙΑΙ ΣΑΛΩΜΩΝΤΟΣ 28:3	Prov.28.3	not_found	21846
ΠΑΡΟΙΜΙΑΙ ΣΑΛΩΜΩΝΤΟΣ 28:4	Prov.28.4	not_found	21847
ΠΑΡΟΙΜΙΑΙ ΣΑΛΩΜΩΝΤΟΣ 28:5	Prov.28.5	not_found	21848
ΠΑΡΟΙΜΙΑΙ ΣΑΛΩΜΩΝΤΟΣ 28:6	Prov.28.6	not_found	21850
ΠΑΡΟΙΜΙΑΙ ΣΑΛΩΜΩΝΤΟΣ 28:7	Prov.28.7	not_found	21851
ΠΑΡΟΙΜΙΑΙ ΣΑΛΩΜΩΝΤΟΣ 28:8	Prov.28.8	not_found	21852
ΠΑΡΟΙΜΙΑΙ ΣΑΛΩΜΩΝΤΟΣ 28:9	Prov.28.9	not_found	21853
ΠΑΡΟΙΜΙΑΙ ΣΑΛΩΜΩΝΤΟΣ 28:10	Prov.28.10	not_found	21855
ΠΑΡΟΙΜΙΑΙ ΣΑΛΩΜΩΝΤΟΣ 28:11	Prov.28.11	not_found	21856
ΠΑΡΟΙΜΙΑΙ ΣΑΛΩΜΩΝΤΟΣ 28:12	Prov.28.12	not_found	21857
ΠΑΡΟΙΜΙΑΙ ΣΑΛΩΜΩΝΤΟΣ 28:13	Prov.28.13	not_found	21859
ΠΑΡΟΙΜΙΑΙ ΣΑΛΩΜΩΝΤΟΣ 28:14	Prov.28.14	not_found	21860
ΠΑΡΟΙΜΙΑΙ ΣΑΛΩΜΩΝΤΟΣ 28:15	Prov.28.15	not_found	21861
ΠΑΡΟΙΜΙΑΙ ΣΑΛΩΜΩΝΤΟΣ 28:16	Prov.28.16	not_found	21862
ΠΑΡΟΙΜΙΑΙ ΣΑΛΩΜΩΝΤΟΣ 28:17	Prov.28.17	not_found	21864
ΠΑΡΟΙΜΙΑΙ ΣΑΛΩΜΩΝΤΟΣ 28:17a	Prov.28.17a	not_found	21865
ΠΑΡΟΙΜΙΑΙ ΣΑΛΩΜΩΝΤΟΣ 28:18	Prov.28.18	not_found	21866
ΠΑΡΟΙΜΙΑΙ ΣΑΛΩΜΩΝΤΟΣ 28:19	Prov.28.19	not_found	21867
ΠΑΡΟΙΜΙΑΙ ΣΑΛΩΜΩΝΤΟΣ 28:20	Prov.28.20	not_found	21869
ΠΑΡΟΙΜΙΑΙ ΣΑΛΩΜΩΝΤΟΣ 28:21	Prov.28.21	not_found	21870
ΠΑΡΟΙΜΙΑΙ ΣΑΛΩΜΩΝΤΟΣ 28:22	Prov.28.22	not_found	21871
ΠΑΡΟΙΜΙΑΙ ΣΑΛΩΜΩΝΤΟΣ 28:23	Prov.28.23	not_found	21873
ΠΑΡΟΙΜΙΑΙ ΣΑΛΩΜΩΝΤΟΣ 28:24	Prov.28.24	not_found	21874
ΠΑΡΟΙΜΙΑΙ ΣΑΛΩΜΩΝΤΟΣ 28:25	Prov.28.25	not_found	21875
ΠΑΡΟΙΜΙΑΙ ΣΑΛΩΜΩΝΤΟΣ 28:26	Prov.28.26	not_found	21876
ΠΑΡΟΙΜΙΑΙ ΣΑΛΩΜΩΝΤΟΣ 28:27	Prov.28.27	not_found	21877
ΠΑΡΟΙΜΙΑΙ ΣΑΛΩΜΩΝΤΟΣ 28:28	Prov.28.28	not_found	21878
ΠΑΡΟΙΜΙΑΙ ΣΑΛΩΜΩΝΤΟΣ 29:1	Prov.29.1	not_found	21881
ΠΑΡΟΙΜΙΑΙ ΣΑΛΩΜΩΝΤΟΣ 29:2	Prov.29.2	not_found	21882
ΠΑΡΟΙΜΙΑΙ ΣΑΛΩΜΩΝΤΟΣ 29:3	Prov.29.3	not_found	21883
ΠΑΡΟΙΜΙΑΙ ΣΑΛΩΜΩΝΤΟΣ 29:4	Prov.29.4	not_found	21884
ΠΑΡΟΙΜΙΑΙ ΣΑΛΩΜΩΝΤΟΣ 29:5	Prov.29.5	not_found	21885
ΠΑΡΟΙΜΙΑΙ ΣΑΛΩΜΩΝΤΟΣ 29:6	Prov.29.6	not_found	21886
ΠΑΡΟΙΜΙΑΙ ΣΑΛΩΜΩΝΤΟΣ 29:7	Prov.29.7	not_found	21887
ΠΑΡΟΙΜΙΑΙ ΣΑΛΩΜΩΝΤΟΣ 29:8	Prov.29.8	not_found	21889
ΠΑΡΟΙΜΙΑΙ ΣΑΛΩΜΩΝΤΟΣ 29:9	Prov.29.9	not_found	21890
ΠΑΡΟΙΜΙΑΙ ΣΑΛΩΜΩΝΤΟΣ 29:10	Prov.29.10	not_found	21891
ΠΑΡΟΙΜΙΑΙ ΣΑΛΩΜΩΝΤΟΣ 29:11	Prov.29.11	not_found	21892
ΠΑΡΟΙΜΙΑΙ ΣΑΛΩΜΩΝΤΟΣ 29:12	Prov.29.12	not_found	21893
ΠΑΡΟΙΜΙΑΙ ΣΑΛΩΜΩΝΤΟΣ 29:13	Prov.29.13	not_found	21894
ΠΑΡΟΙΜΙΑΙ ΣΑΛΩΜΩΝΤΟΣ 29:14	Prov.29.14	not_found	21895
ΠΑΡΟΙΜΙΑΙ ΣΑΛΩΜΩΝΤΟΣ 29:15	Prov.29.15	not_found	21896
ΠΑΡΟΙΜΙΑΙ ΣΑΛΩΜΩΝΤΟΣ 29:16	Prov.29.16	not_found	21897
ΠΑΡΟΙΜΙΑΙ ΣΑΛΩΜΩΝΤΟΣ 29:17	Prov.29.17	not_found	21899
ΠΑΡΟΙΜΙΑΙ ΣΑΛΩΜΩΝΤΟΣ 29:18	Prov.29.18	not_found	21900
ΠΑΡΟΙΜΙΑΙ ΣΑΛΩΜΩΝΤΟΣ 29:19	Prov.29.19	not_found	21901
ΠΑΡΟΙΜΙΑΙ ΣΑΛΩΜΩΝΤΟΣ 29:20	Prov.29.20	not_found	21902
ΠΑΡΟΙΜΙΑΙ ΣΑΛΩΜΩΝΤΟΣ 29:21	Prov.29.21	not_found	21903
ΠΑΡΟΙΜΙΑΙ ΣΑΛΩΜΩΝΤΟΣ 29:22	Prov.29.22	not_found	21904
ΠΑΡΟΙΜΙΑΙ ΣΑΛΩΜΩΝΤΟΣ 29:23	Prov.29.23	not_found	21905
ΠΑΡΟΙΜΙΑΙ ΣΑΛΩΜΩΝΤΟΣ 29:24	Prov.29.24	not_found	21907
ΠΑΡΟΙΜΙΑΙ ΣΑΛΩΜΩΝΤΟΣ 29:25	Prov.29.25	not_found	21908
ΠΑΡΟΙΜΙΑΙ ΣΑΛΩΜΩΝΤΟΣ 29:26	Prov.29.26	not_found	21909
ΠΑΡΟΙΜΙΑΙ ΣΑΛΩΜΩΝΤΟΣ 29:27	Prov.29.27	not_found	21910
ΙΕΡΕΜΙΑΣ 7:27	Jer.7.27	not_found	24401
ΙΕΡΕΜΙΑΣ 7:28	Jer.7.28	not_found	24402
ΙΕΡΕΜΙΑΣ 10:9a	Jer.10.9a	not_found	24482
ΙΕΡΕΜΙΑΣ 23:40a	Jer.23.40a	not_found	24901
ΙΕΡΕΜΙΑΣ 23:40b	Jer.23.40b	not_found	24902
ΘΡΗΝΟΙ ΙΕΡΕΜΙΟΥ 3:21a	Lam.3.21a	not_found	26016
ΘΡΗΝΟΙ ΙΕΡΕΜΙΟΥ 3:21b	Lam.3.21b	not_found	26017
ΘΡΗΝΟΙ ΙΕΡΕΜΙΟΥ 3:21c	Lam.3.21c	not_found	26018
ΔΑΝΙΗΛ 3:72a	DanTh.3.72a	not_found	28086
ΔΑΝΙΗΛ 3:72b	DanTh.3.72b	not_found	28087
ΕΣΔΡΑΣ Α 1:56	1Esdr.1.56	not_found	30069
ΕΣΔΡΑΣ Α 1:57	1Esdr.1.57	not_found	30070
ΕΣΔΡΑΣ Α 1:58	1Esdr.1.58	not_found	30071
ΕΣΔΡΑΣ Α 2:27	1Esdr.2.27	not_found	30106
ΕΣΔΡΑΣ Α 2:28	1Esdr.2.28	not_found	30107
ΕΣΔΡΑΣ Α 2:29	1Esdr.2.29	not_found	30108
ΕΣΔΡΑΣ Α 2:30	1Esdr.2.30	not_found	30110
ΕΣΔΡΑΣ Α 5:72	1Esdr.5.72	not_found	30332
ΕΣΔΡΑΣ Α 5:73	1Esdr.5.73	not_found	30333
ΕΣΔΡΑΣ Α 6:34	1Esdr.6.34	not_found	30378
ΕΣΔΡΑΣ Α 8:93	1Esdr.8.93	not_found	30516
ΕΣΔΡΑΣ Α 8:94	1Esdr.8.94	not_found	30517
ΕΣΔΡΑΣ Α 8:95	1Esdr.8.95	not_found	30518
ΕΣΔΡΑΣ Α 8:96	1Esdr.8.96	not_found	30519
ΤΩΒΙΤ 4:7a	TobS.4.7a	not_found	30681
ΤΩΒΙΤ 4:7b	TobS.4.7b	not_found	30682
ΤΩΒΙΤ 4:7c	TobS.4.7c	not_found	30683
ΤΩΒΙΤ 4:7d	TobS.4.7d	not_found	30684
ΤΩΒΙΤ 4:7e	TobS.4.7e	not_found	30686
ΤΩΒΙΤ 4:7f	TobS.4.7f	not_found	30688
ΤΩΒΙΤ 4:7g	TobS.4.7g	not_found	30689
ΤΩΒΙΤ 4:7h	TobS.4.7h	not_found	30690
ΤΩΒΙΤ 4:7i	TobS.4.7i	not_found	30692
ΤΩΒΙΤ 4:7k	TobS.4.7k	not_found	30693
ΤΩΒΙΤ 4:7l	TobS.4.7l	not_found	30694
ΤΩΒΙΤ 7:18	TobS.7.18	not_found	30777
ΤΩΒΙΤ 9:3	TobS.9.3	not_found	30809
ΤΩΒΙΤ 9:4	TobS.9.4	not_found	30810
ΤΩΒΙΤ 13:7a	TobS.13.7a	not_found	30897
ΤΩΒΙΤ 13:7b	TobS.13.7b	not_found	30899
ΤΩΒΙΤ 13:7c	TobS.13.7c	not_found	30900
ΤΩΒΙΤ 14:8	TobS.14.8	not_found	30923
ΤΩΒΙΤ 14:9	TobS.14.9	not_found	30924
ΣΟΦΙΑ ΣΑΛΩΜΩΝ 17:21	Wis.17.21	not_found	31941
ΣΟΦΙΑ ΣΕΙΡΑΧ 1:1a	Sir.1.1a	not_found	32011
ΣΟΦΙΑ ΣΕΙΡΑΧ 1:1b	Sir.1.1b	not_found	32012
ΣΟΦΙΑ ΣΕΙΡΑΧ 1:1c	Sir.1.1c	not_found	32014
ΣΟΦΙΑ ΣΕΙΡΑΧ 1:1d	Sir.1.1d	not_found	32015
ΣΟΦΙΑ ΣΕΙΡΑΧ 1:1e	Sir.1.1e	not_found	32016
ΣΟΦΙΑ ΣΕΙΡΑΧ 1:1f	Sir.1.1f	not_found	32017
ΣΟΦΙΑ ΣΕΙΡΑΧ 1:1g	Sir.1.1g	not_found	32018
ΣΟΦΙΑ ΣΕΙΡΑΧ 1:1g	Sir.1.1g	not_found	32019
ΣΟΦΙΑ ΣΕΙΡΑΧ 1:1h	Sir.1.1h	not_found	32021
ΣΟΦΙΑ ΣΕΙΡΑΧ 6:1	Sir.6.1	not_found	32175
ΣΟΦΙΑ ΣΕΙΡΑΧ 6:2b	Sir.6.2b	not_found	32176
ΣΟΦΙΑ ΣΕΙΡΑΧ 7:17a	Sir.7.17a	not_found	32239
ΣΟΦΙΑ ΣΕΙΡΑΧ 7:17b	Sir.7.17b	not_found	32240
ΣΟΦΙΑ ΣΕΙΡΑΧ 30:13a	Sir.30.13a	not_found	32994
ΣΟΦΙΑ ΣΕΙΡΑΧ 30:13b	Sir.30.13b	not_found	32995
ΣΟΦΙΑ ΣΕΙΡΑΧ 30:13b	Sir.30.13b	not_found	32997
ΣΟΦΙΑ ΣΕΙΡΑΧ 30:26	Sir.30.26	not_found	33013
ΣΟΦΙΑ ΣΕΙΡΑΧ 30:27	Sir.30.27	not_found	33014
ΣΟΦΙΑ ΣΕΙΡΑΧ 30:28	Sir.30.28	not_found	33015
ΣΟΦΙΑ ΣΕΙΡΑΧ 30:29	Sir.30.29	not_found	33016
ΣΟΦΙΑ ΣΕΙΡΑΧ 30:30	Sir.30.30	not_found	33017
ΣΟΦΙΑ ΣΕΙΡΑΧ 30:31	Sir.30.31	not_found	33018
ΣΟΦΙΑ ΣΕΙΡΑΧ 30:32	Sir.30.32	not_found	33019
ΣΟΦΙΑ ΣΕΙΡΑΧ 30:32	Sir.30.32	not_found	33021
ΣΟΦΙΑ ΣΕΙΡΑΧ 30:33	Sir.30.33	not_found	33023
ΣΟΦΙΑ ΣΕΙΡΑΧ 30:34	Sir.30.34	not_found	33024
ΣΟΦΙΑ ΣΕΙΡΑΧ 30:35	Sir.30.35	not_found	33025
ΣΟΦΙΑ ΣΕΙΡΑΧ 30:36	Sir.30.36	not_found	33026
ΣΟΦΙΑ ΣΕΙΡΑΧ 30:37	Sir.30.37	not_found	33027
ΣΟΦΙΑ ΣΕΙΡΑΧ 30:38	Sir.30.38	not_found	33029
ΣΟΦΙΑ ΣΕΙΡΑΧ 30:39	Sir.30.39	not_found	33030
ΣΟΦΙΑ ΣΕΙΡΑΧ 30:40	Sir.30.40	not_found	33031
ΣΟΦΙΑ ΣΕΙΡΑΧ 34:27	Sir.34.27	not_found	33137
ΣΟΦΙΑ ΣΕΙΡΑΧ 34:28	Sir.34.28	not_found	33138
ΣΟΦΙΑ ΣΕΙΡΑΧ 34:29	Sir.34.29	not_found	33139
ΣΟΦΙΑ ΣΕΙΡΑΧ 34:30	Sir.34.30	not_found	33140
ΣΟΦΙΑ ΣΕΙΡΑΧ 34:31	Sir.34.31	not_found	33141
ΣΟΦΙΑ ΣΕΙΡΑΧ 34:31	Sir.34.31	not_found	33143
ΣΟΦΙΑ ΣΕΙΡΑΧ 36:28	Sir.36.28	not_found	33207
ΣΟΦΙΑ ΣΕΙΡΑΧ 36:29	Sir.36.29	not_found	33209
ΣΟΦΙΑ ΣΕΙΡΑΧ 36:30	Sir.36.30	not_found	33210
ΣΟΦΙΑ ΣΕΙΡΑΧ 36:31	Sir.36.31	not_found	33211
ΕΠΙΣΤΟΛΗ ΙΕΡΕΜΙΟΥ 1:73	EpJer.1.73	not_found	34025
ΜΑΚΚΑΒΑΙΩΝ Δ 7:24	4Macc.7.24	not_found	36833
ΜΑΚΚΑΒΑΙΩΝ Δ 7:25	4Macc.7.25	not_found	36834
ΜΑΚΚΑΒΑΙΩΝ Δ 10:3a	4Macc.10.3a	not_found	36917
ΜΑΚΚΑΒΑΙΩΝ Δ 11:6a	4Macc.11.6a	not_found	36947
ΜΑΚΚΑΒΑΙΩΝ Δ 11:6b	4Macc.11.6b	not_found	36948
ΜΑΚΚΑΒΑΙΩΝ Δ 12:20	4Macc.12.20	not_found	37001
